content_id,date,views,avg_watch_time_min,completion_rate,unique_viewers,device,region
CNT0001,2024-11-24,442975,44.3,0.4922,371871,Mobile,Midwest
CNT0001,2024-11-25,431231,50.5,0.5611,266473,Mobile,Southeast
CNT0001,2024-11-26,611023,60.0,0.6667,417121,Tablet,Southeast
CNT0001,2024-11-27,227568,33.0,0.3667,156264,Mobile,Northeast
CNT0001,2024-11-28,174210,59.2,0.6578,130083,CTV,Northeast
CNT0001,2024-11-29,240935,68.3,0.7589,218392,Mobile,Midwest
CNT0001,2024-11-30,54953,76.7,0.8522,34000,Tablet,Midwest
CNT0001,2024-12-01,494286,76.8,0.8533,369736,CTV,West
CNT0001,2024-12-02,579795,64.1,0.7122,439752,Desktop,West
CNT0001,2024-12-03,117313,63.4,0.7044,101636,Mobile,Midwest
CNT0001,2024-12-04,83121,51.3,0.57,66890,Mobile,Southwest
CNT0001,2024-12-05,336936,39.4,0.4378,275224,Mobile,Midwest
CNT0001,2024-12-06,357841,76.2,0.8467,222043,Mobile,Midwest
CNT0001,2024-12-07,316643,33.6,0.3733,286831,Desktop,West
CNT0001,2024-12-08,252846,70.4,0.7822,174503,Desktop,Southwest
CNT0001,2024-12-09,111845,80.1,0.89,84482,Mobile,West
CNT0001,2024-12-10,202281,71.0,0.7889,126308,Mobile,Northeast
CNT0001,2024-12-11,77580,35.8,0.3978,70860,CTV,Southwest
CNT0001,2024-12-12,281956,81.1,0.9011,172959,Desktop,Southwest
CNT0001,2024-12-13,235509,72.9,0.81,197280,CTV,Northeast
CNT0001,2024-12-14,224595,75.4,0.8378,196777,Tablet,Midwest
CNT0001,2024-12-15,294792,33.3,0.37,236237,Mobile,Southwest
CNT0001,2024-12-16,56306,49.6,0.5511,44373,Desktop,Midwest
CNT0001,2024-12-17,53324,62.2,0.6911,44539,CTV,West
CNT0001,2024-12-18,56419,40.4,0.4489,36416,Tablet,West
CNT0001,2024-12-19,151293,44.3,0.4922,117769,Mobile,Southeast
CNT0001,2024-12-20,25816,50.0,0.5556,17879,Mobile,Northeast
CNT0001,2024-12-21,181552,40.5,0.45,148386,Desktop,Southwest
CNT0001,2024-12-22,181489,51.1,0.5678,164537,Mobile,Northeast
CNT0001,2024-12-23,257037,59.2,0.6578,170302,Desktop,Midwest
CNT0001,2024-12-24,94907,54.2,0.6022,84424,CTV,Midwest
CNT0001,2024-12-25,142087,74.6,0.8289,107945,Desktop,Northeast
CNT0001,2024-12-26,106733,55.3,0.6144,91515,CTV,Midwest
CNT0001,2024-12-27,180839,66.5,0.7389,152828,Desktop,Northeast
CNT0001,2024-12-28,128357,70.8,0.7867,89879,Tablet,West
CNT0001,2024-12-29,80428,63.5,0.7056,71517,Tablet,West
CNT0001,2024-12-30,145238,65.3,0.7256,94577,Desktop,West
CNT0001,2024-12-31,47673,45.2,0.5022,35504,Tablet,West
CNT0002,2024-09-18,307875,17.7,0.8045,200489,Desktop,Southwest
CNT0002,2024-09-19,285775,7.9,0.3591,178831,Tablet,Midwest
CNT0002,2024-09-20,710077,8.7,0.3955,609989,Mobile,Northeast
CNT0002,2024-09-21,389709,12.3,0.5591,324253,Mobile,Southeast
CNT0002,2024-09-22,550502,11.3,0.5136,342867,Tablet,Southeast
CNT0002,2024-09-23,75249,9.6,0.4364,52800,Tablet,Southeast
CNT0002,2024-09-24,377648,10.8,0.4909,307360,Mobile,West
CNT0002,2024-09-25,151229,18.1,0.8227,125712,Mobile,Northeast
CNT0002,2024-09-26,419345,12.4,0.5636,296590,Desktop,Southwest
CNT0002,2024-09-27,488704,8.0,0.3636,397816,Desktop,Northeast
CNT0002,2024-09-28,205966,10.3,0.4682,130629,CTV,Northeast
CNT0002,2024-09-29,230582,14.9,0.6773,201190,Mobile,Southeast
CNT0002,2024-09-30,81455,18.0,0.8182,51054,Mobile,Northeast
CNT0002,2024-10-01,128035,17.5,0.7955,92066,Desktop,Southwest
CNT0002,2024-10-02,291355,19.1,0.8682,185316,Desktop,Southwest
CNT0002,2024-10-03,78723,18.6,0.8455,60923,Tablet,West
CNT0002,2024-10-04,158552,18.9,0.8591,100406,CTV,Southwest
CNT0002,2024-10-05,190912,11.0,0.5,147367,Tablet,Midwest
CNT0002,2024-10-06,134038,17.1,0.7773,116330,CTV,Northeast
CNT0002,2024-10-07,165473,9.9,0.45,148426,Tablet,West
CNT0002,2024-10-08,298737,14.3,0.65,202620,Desktop,Southwest
CNT0002,2024-10-09,199079,17.4,0.7909,180589,Tablet,Midwest
CNT0002,2024-10-10,207404,17.1,0.7773,175883,CTV,Southwest
CNT0002,2024-10-11,166986,16.8,0.7636,111825,Mobile,Northeast
CNT0002,2024-10-12,266713,9.5,0.4318,239415,Mobile,Southeast
CNT0002,2024-10-13,34778,10.1,0.4591,21057,CTV,Northeast
CNT0002,2024-10-14,101798,9.7,0.4409,69318,Mobile,Northeast
CNT0002,2024-10-15,78346,16.9,0.7682,70515,CTV,Northeast
CNT0002,2024-10-16,192698,18.5,0.8409,143152,Tablet,Southwest
CNT0002,2024-10-17,203779,15.1,0.6864,162238,CTV,Southeast
CNT0002,2024-10-18,171702,16.5,0.75,109114,CTV,Northeast
CNT0002,2024-10-19,94086,18.7,0.85,69164,CTV,Southeast
CNT0002,2024-10-20,175959,7.7,0.35,105878,Mobile,Southeast
CNT0002,2024-10-21,179751,11.9,0.5409,139140,Mobile,Northeast
CNT0002,2024-10-22,19374,11.7,0.5318,11912,Mobile,Midwest
CNT0002,2024-10-23,60664,18.8,0.8545,53853,CTV,Midwest
CNT0002,2024-10-24,102607,16.3,0.7409,91932,Mobile,Southwest
CNT0002,2024-10-25,117755,8.5,0.3864,87651,Tablet,Southeast
CNT0002,2024-10-26,124833,17.2,0.7818,112192,Mobile,Southeast
CNT0002,2024-10-27,179418,20.2,0.9182,119524,Tablet,Southeast
CNT0002,2024-10-28,74433,17.9,0.8136,54366,CTV,Southwest
CNT0002,2024-10-29,91282,15.7,0.7136,80569,Tablet,Southeast
CNT0002,2024-10-30,102335,13.4,0.6091,69516,Desktop,Northeast
CNT0002,2024-10-31,9953,19.9,0.9045,6576,Mobile,Southeast
CNT0002,2024-11-01,56452,16.7,0.7591,36623,Mobile,Midwest
CNT0002,2024-11-02,43118,13.5,0.6136,34150,CTV,Southwest
CNT0002,2024-11-03,73382,11.8,0.5364,66053,CTV,West
CNT0002,2024-11-04,113853,13.9,0.6318,71771,CTV,West
CNT0002,2024-11-05,131838,16.8,0.7636,113930,Mobile,Northeast
CNT0002,2024-11-06,85139,19.0,0.8636,65747,CTV,Midwest
CNT0002,2024-11-07,47300,17.4,0.7909,37782,Tablet,Southwest
CNT0002,2024-11-08,86735,19.7,0.8955,55282,CTV,Midwest
CNT0002,2024-11-09,91016,13.0,0.5909,79459,Mobile,Southwest
CNT0002,2024-11-10,89368,11.4,0.5182,72516,Mobile,Northeast
CNT0002,2024-11-11,30845,16.5,0.75,22226,Tablet,Southwest
CNT0002,2024-11-12,52774,17.3,0.7864,41993,Desktop,Southwest
CNT0002,2024-11-13,13849,9.4,0.4273,10295,Desktop,Southwest
CNT0002,2024-11-14,45825,15.1,0.6864,40562,Mobile,Midwest
CNT0002,2024-11-15,15939,10.5,0.4773,10954,Tablet,Northeast
CNT0002,2024-11-16,67936,17.0,0.7727,60035,CTV,West
CNT0002,2024-11-17,25012,15.6,0.7091,16149,Tablet,West
CNT0002,2024-11-18,69545,20.1,0.9136,48503,Tablet,Southwest
CNT0002,2024-11-19,47746,12.7,0.5773,28977,CTV,Southwest
CNT0002,2024-11-20,56057,13.4,0.6091,45939,Tablet,Midwest
CNT0002,2024-11-21,53614,12.1,0.55,42767,Desktop,West
CNT0002,2024-11-22,18949,8.6,0.3909,14456,Desktop,Northeast
CNT0002,2024-11-23,40887,13.5,0.6136,28313,Tablet,Southwest
CNT0002,2024-11-24,46783,12.0,0.5455,34038,CTV,West
CNT0002,2024-11-25,26131,17.4,0.7909,20141,Desktop,Midwest
CNT0002,2024-11-26,31160,7.8,0.3545,24727,Tablet,Northeast
CNT0002,2024-11-27,27401,19.8,0.9,17477,CTV,Southeast
CNT0002,2024-11-28,26814,9.4,0.4273,20024,Tablet,West
CNT0002,2024-11-29,27594,14.6,0.6636,24518,CTV,Southwest
CNT0002,2024-11-30,12713,11.1,0.5045,11018,Desktop,Southwest
CNT0002,2024-12-01,8416,17.4,0.7909,5051,Mobile,Northeast
CNT0002,2024-12-02,19065,13.8,0.6273,15506,Mobile,Southwest
CNT0002,2024-12-03,24334,16.9,0.7682,16639,CTV,Southwest
CNT0002,2024-12-04,13961,12.9,0.5864,12243,CTV,Southeast
CNT0002,2024-12-05,20369,17.6,0.8,18186,CTV,Northeast
CNT0002,2024-12-06,9240,8.3,0.3773,6563,Tablet,West
CNT0002,2024-12-07,6035,15.1,0.6864,5300,Desktop,Southeast
CNT0002,2024-12-08,3108,19.1,0.8682,2809,Tablet,Midwest
CNT0002,2024-12-09,5244,14.7,0.6682,4433,Mobile,West
CNT0002,2024-12-10,23312,16.0,0.7273,20680,Desktop,West
CNT0002,2024-12-11,16254,14.8,0.6727,12366,Tablet,Northeast
CNT0002,2024-12-12,37034,9.2,0.4182,27815,Tablet,Northeast
CNT0002,2024-12-13,3453,9.1,0.4136,2900,Tablet,Midwest
CNT0002,2024-12-14,22586,9.2,0.4182,15220,Desktop,Midwest
CNT0002,2024-12-15,9809,9.3,0.4227,7753,CTV,West
CNT0002,2024-12-16,11603,11.1,0.5045,8235,Tablet,Southwest
CNT0003,2024-10-07,450172,49.0,0.8167,324012,Desktop,Northeast
CNT0003,2024-10-08,377212,25.8,0.43,320252,CTV,Midwest
CNT0003,2024-10-09,435678,41.9,0.6983,322218,Tablet,Southeast
CNT0003,2024-10-10,274861,52.9,0.8817,232476,Mobile,Southeast
CNT0003,2024-10-11,205318,41.8,0.6967,144989,Mobile,Midwest
CNT0003,2024-10-12,412839,48.1,0.8017,281869,Desktop,West
CNT0003,2024-10-13,297423,31.4,0.5233,205918,Desktop,Midwest
CNT0003,2024-10-14,514424,28.6,0.4767,380603,Mobile,Northeast
CNT0003,2024-10-15,244128,39.3,0.655,170892,Tablet,Northeast
CNT0003,2024-10-16,149315,30.8,0.5133,124404,Mobile,Northeast
CNT0003,2024-10-17,155059,45.0,0.75,135799,CTV,Northeast
CNT0003,2024-10-18,235632,34.5,0.575,191024,CTV,Northeast
CNT0003,2024-10-19,392482,29.1,0.485,333302,Mobile,West
CNT0003,2024-10-20,393639,26.4,0.44,333478,Mobile,Southwest
CNT0003,2024-10-21,223084,40.0,0.6667,184703,Desktop,Southwest
CNT0003,2024-10-22,202195,26.8,0.4467,159132,Desktop,Southeast
CNT0003,2024-10-23,386328,49.8,0.83,249097,Desktop,Northeast
CNT0003,2024-10-24,217231,25.0,0.4167,165259,Tablet,Midwest
CNT0003,2024-10-25,345352,23.9,0.3983,214566,Desktop,Northeast
CNT0003,2024-10-26,282523,50.1,0.835,173777,Desktop,Southwest
CNT0003,2024-10-27,88065,29.8,0.4967,65636,Desktop,West
CNT0003,2024-10-28,113141,47.2,0.7867,91006,Desktop,Southeast
CNT0003,2024-10-29,120525,36.0,0.6,92714,Desktop,Northeast
CNT0003,2024-10-30,240134,25.1,0.4183,188693,Tablet,Southeast
CNT0003,2024-10-31,125282,30.9,0.515,111302,Mobile,Northeast
CNT0003,2024-11-01,126813,28.9,0.4817,96805,CTV,Southeast
CNT0003,2024-11-02,104114,25.3,0.4217,69723,CTV,Northeast
CNT0003,2024-11-03,247481,27.9,0.465,213863,Mobile,West
CNT0003,2024-11-04,37998,38.5,0.6417,28951,Mobile,Southwest
CNT0003,2024-11-05,30884,33.1,0.5517,20250,Tablet,Southeast
CNT0003,2024-11-06,16001,30.8,0.5133,12441,Mobile,Midwest
CNT0003,2024-11-07,227776,23.1,0.385,149897,Tablet,Midwest
CNT0003,2024-11-08,169148,32.2,0.5367,137261,Desktop,Southeast
CNT0003,2024-11-09,127349,48.8,0.8133,108368,CTV,Northeast
CNT0003,2024-11-10,161935,40.3,0.6717,102725,Tablet,West
CNT0003,2024-11-11,46753,31.0,0.5167,41058,Tablet,Northeast
CNT0003,2024-11-12,154893,36.1,0.6017,111716,Mobile,Southwest
CNT0003,2024-11-13,92408,41.1,0.685,57375,Desktop,Southeast
CNT0003,2024-11-14,66383,48.8,0.8133,42730,Desktop,West
CNT0003,2024-11-15,169120,48.2,0.8033,115650,Desktop,Northeast
CNT0003,2024-11-16,88611,41.1,0.685,69778,CTV,Northeast
CNT0003,2024-11-17,33874,22.6,0.3767,26780,Desktop,West
CNT0003,2024-11-18,48405,40.7,0.6783,37272,Mobile,Midwest
CNT0003,2024-11-19,43652,24.3,0.405,27378,Tablet,Southwest
CNT0003,2024-11-20,50345,51.9,0.865,32949,Desktop,West
CNT0003,2024-11-21,49722,46.2,0.77,38021,Desktop,Southwest
CNT0003,2024-11-22,148163,42.0,0.7,110604,Desktop,West
CNT0003,2024-11-23,42775,40.2,0.67,37667,Tablet,Midwest
CNT0003,2024-11-24,84095,45.3,0.755,59836,Mobile,Southwest
CNT0003,2024-11-25,31890,49.8,0.83,19657,Mobile,Northeast
CNT0003,2024-11-26,33543,46.5,0.775,25092,CTV,Southeast
CNT0003,2024-11-27,49331,39.1,0.6517,32558,Tablet,Northeast
CNT0003,2024-11-28,49627,21.5,0.3583,34987,Desktop,Midwest
CNT0003,2024-11-29,50895,48.7,0.8117,43401,Mobile,West
CNT0003,2024-11-30,62344,47.0,0.7833,40595,Tablet,Southwest
CNT0003,2024-12-01,14111,23.8,0.3967,11745,CTV,Southeast
CNT0003,2024-12-02,54801,38.2,0.6367,46067,CTV,Northeast
CNT0003,2024-12-03,56559,29.4,0.49,51782,Tablet,Southwest
CNT0003,2024-12-04,13336,30.4,0.5067,11912,CTV,Northeast
CNT0003,2024-12-05,78660,43.5,0.725,69005,Mobile,Northeast
CNT0003,2024-12-06,65265,37.0,0.6167,40140,Desktop,Southeast
CNT0003,2024-12-07,53664,50.5,0.8417,48076,Mobile,Southeast
CNT0003,2024-12-08,39210,24.1,0.4017,33928,Desktop,Southwest
CNT0003,2024-12-09,61183,46.7,0.7783,51482,Tablet,Northeast
CNT0003,2024-12-10,52873,31.9,0.5317,33864,Tablet,Northeast
CNT0003,2024-12-11,11115,25.2,0.42,7526,CTV,Northeast
CNT0003,2024-12-12,30811,53.8,0.8967,23738,Tablet,Midwest
CNT0003,2024-12-13,12620,43.1,0.7183,8844,CTV,Southeast
CNT0003,2024-12-14,34184,22.4,0.3733,21156,Desktop,Southwest
CNT0003,2024-12-15,6705,50.3,0.8383,5561,CTV,Midwest
CNT0003,2024-12-16,21430,23.1,0.385,13788,Mobile,West
CNT0003,2024-12-17,21456,34.7,0.5783,19092,Tablet,Southeast
CNT0003,2024-12-18,27447,46.9,0.7817,17696,Tablet,Northeast
CNT0003,2024-12-19,14884,44.6,0.7433,11357,Tablet,Southwest
CNT0003,2024-12-20,20360,28.1,0.4683,13792,CTV,Northeast
CNT0003,2024-12-21,23620,32.4,0.54,16603,Tablet,Northeast
CNT0003,2024-12-22,19061,42.6,0.71,13217,Mobile,Northeast
CNT0003,2024-12-23,48967,32.4,0.54,35426,Tablet,Southeast
CNT0003,2024-12-24,28991,37.7,0.6283,19119,Desktop,Northeast
CNT0003,2024-12-25,6550,34.0,0.5667,4445,CTV,Southeast
CNT0003,2024-12-26,29355,52.2,0.87,22042,Mobile,West
CNT0003,2024-12-27,3893,50.2,0.8367,3014,Tablet,West
CNT0003,2024-12-28,13353,21.2,0.3533,11917,Desktop,Southeast
CNT0003,2024-12-29,23413,23.8,0.3967,20095,Desktop,Northeast
CNT0003,2024-12-30,37031,44.4,0.74,23125,CTV,Southwest
CNT0003,2024-12-31,22694,36.8,0.6133,20506,Mobile,Midwest
CNT0004,2024-09-04,565878,50.8,0.8467,454479,Desktop,West
CNT0004,2024-09-05,317440,22.5,0.375,228384,CTV,Northeast
CNT0004,2024-09-06,260813,43.9,0.7317,202129,Mobile,West
CNT0004,2024-09-07,173872,21.3,0.355,112263,Tablet,Southeast
CNT0004,2024-09-08,158501,25.6,0.4267,138578,CTV,Midwest
CNT0004,2024-09-09,610233,29.9,0.4983,418978,CTV,Southwest
CNT0004,2024-09-10,637455,28.9,0.4817,447134,Mobile,Northeast
CNT0004,2024-09-11,462941,35.1,0.585,395875,Tablet,West
CNT0004,2024-09-12,300686,29.9,0.4983,253170,CTV,Southwest
CNT0004,2024-09-13,156548,26.9,0.4483,120809,Desktop,Southwest
CNT0004,2024-09-14,516437,36.5,0.6083,354419,Desktop,Midwest
CNT0004,2024-09-15,93437,50.3,0.8383,63152,Desktop,Southwest
CNT0004,2024-09-16,362404,25.6,0.4267,274378,Tablet,Midwest
CNT0004,2024-09-17,117125,21.7,0.3617,106549,CTV,Northeast
CNT0004,2024-09-18,201263,49.7,0.8283,173618,CTV,Southeast
CNT0004,2024-09-19,237305,53.4,0.89,187235,CTV,Southwest
CNT0004,2024-09-20,396971,28.0,0.4667,297873,Desktop,Southwest
CNT0004,2024-09-21,169013,46.0,0.7667,113006,Desktop,West
CNT0004,2024-09-22,149526,21.5,0.3583,101728,Mobile,Northeast
CNT0004,2024-09-23,293202,21.4,0.3567,261596,Desktop,Southeast
CNT0004,2024-09-24,276619,49.2,0.82,243278,CTV,Southeast
CNT0004,2024-09-25,271470,25.4,0.4233,174456,Desktop,Southeast
CNT0004,2024-09-26,23365,52.6,0.8767,14526,Mobile,Southeast
CNT0004,2024-09-27,41058,41.9,0.6983,34149,Desktop,West
CNT0004,2024-09-28,171761,25.6,0.4267,117816,Desktop,Northeast
CNT0004,2024-09-29,25634,22.9,0.3817,21041,Desktop,Northeast
CNT0004,2024-09-30,139246,28.4,0.4733,95610,Mobile,Southwest
CNT0004,2024-10-01,275569,23.6,0.3933,220136,Desktop,Northeast
CNT0004,2024-10-02,228984,52.6,0.8767,147956,Desktop,Southwest
CNT0004,2024-10-03,133524,22.0,0.3667,111313,Tablet,Southeast
CNT0004,2024-10-04,143509,54.6,0.91,125853,Tablet,Southeast
CNT0004,2024-10-05,49910,27.1,0.4517,31193,Tablet,Midwest
CNT0004,2024-10-06,55345,27.3,0.455,33454,Mobile,Southeast
CNT0004,2024-10-07,83682,24.4,0.4067,64497,CTV,Northeast
CNT0004,2024-10-08,43232,31.4,0.5233,33213,CTV,West
CNT0004,2024-10-09,61781,22.7,0.3783,37305,Tablet,West
CNT0004,2024-10-10,157962,43.3,0.7217,97612,Mobile,Northeast
CNT0004,2024-10-11,20429,41.3,0.6883,17352,Mobile,West
CNT0004,2024-10-12,105509,45.7,0.7617,65671,Desktop,Southeast
CNT0004,2024-10-13,142983,53.8,0.8967,112482,CTV,Midwest
CNT0004,2024-10-14,102750,37.3,0.6217,71941,CTV,Northeast
CNT0004,2024-10-15,37538,29.3,0.4883,26529,CTV,Northeast
CNT0004,2024-10-16,59009,28.4,0.4733,44119,Mobile,Northeast
CNT0004,2024-10-17,100282,36.4,0.6067,65311,CTV,Southeast
CNT0004,2024-10-18,177946,48.8,0.8133,139018,Tablet,Northeast
CNT0004,2024-10-19,120915,34.3,0.5717,78064,CTV,Northeast
CNT0004,2024-10-20,61355,31.8,0.53,54916,Desktop,West
CNT0004,2024-10-21,30672,55.2,0.92,19492,Mobile,Southwest
CNT0004,2024-10-22,13323,37.2,0.62,8020,Desktop,Midwest
CNT0004,2024-10-23,27714,34.9,0.5817,25348,Mobile,Southeast
CNT0004,2024-10-24,55923,31.0,0.5167,47628,Mobile,Southeast
CNT0004,2024-10-25,30941,25.9,0.4317,24979,CTV,Southeast
CNT0004,2024-10-26,61079,27.2,0.4533,54460,Desktop,Northeast
CNT0004,2024-10-27,23304,53.6,0.8933,20797,CTV,Southwest
CNT0004,2024-10-28,43366,31.4,0.5233,37444,Tablet,Southeast
CNT0004,2024-10-29,52192,42.1,0.7017,34793,Mobile,West
CNT0004,2024-10-30,82430,42.4,0.7067,57788,Mobile,Southeast
CNT0004,2024-10-31,56718,35.0,0.5833,45856,Desktop,Southwest
CNT0004,2024-11-01,7814,54.2,0.9033,6381,Desktop,Midwest
CNT0004,2024-11-02,73912,33.3,0.555,57120,CTV,West
CNT0004,2024-11-03,5841,25.5,0.425,3703,CTV,Midwest
CNT0004,2024-11-04,49229,40.9,0.6817,42795,Mobile,West
CNT0004,2024-11-05,74061,51.1,0.8517,67978,Desktop,Southwest
CNT0004,2024-11-06,52325,51.3,0.855,35669,Tablet,Southwest
CNT0004,2024-11-07,71912,35.4,0.59,48069,Tablet,Northeast
CNT0004,2024-11-08,3588,38.1,0.635,2461,Tablet,Midwest
CNT0004,2024-11-09,4268,38.5,0.6417,2875,CTV,Southwest
CNT0004,2024-11-10,8582,40.6,0.6767,6496,Mobile,Northeast
CNT0004,2024-11-11,24571,31.3,0.5217,15138,Mobile,West
CNT0004,2024-11-12,29392,53.9,0.8983,23516,Mobile,Midwest
CNT0004,2024-11-13,18562,30.5,0.5083,12735,Tablet,Midwest
CNT0004,2024-11-14,28265,53.3,0.8883,17312,Mobile,Northeast
CNT0004,2024-11-15,18791,40.6,0.6767,14448,Desktop,Midwest
CNT0004,2024-11-16,25427,27.4,0.4567,21069,CTV,Southeast
CNT0004,2024-11-17,3205,55.1,0.9183,2127,Tablet,Southeast
CNT0004,2024-11-18,3536,33.3,0.555,2493,Mobile,Southeast
CNT0004,2024-11-19,1479,23.1,0.385,896,Tablet,Southeast
CNT0004,2024-11-20,17056,46.4,0.7733,15659,Tablet,Southeast
CNT0004,2024-11-21,25117,24.8,0.4133,15109,CTV,Northeast
CNT0004,2024-11-22,13957,25.1,0.4183,11939,CTV,Southwest
CNT0004,2024-11-23,4257,34.1,0.5683,3579,Mobile,Southeast
CNT0004,2024-11-24,8853,44.4,0.74,5882,Tablet,Southwest
CNT0004,2024-11-25,28659,39.2,0.6533,24287,Tablet,Southwest
CNT0004,2024-11-26,3262,34.3,0.5717,2522,Desktop,Midwest
CNT0004,2024-11-27,14229,54.8,0.9133,12867,Tablet,West
CNT0004,2024-11-28,14571,34.3,0.5717,8932,CTV,Southwest
CNT0004,2024-11-29,17537,38.6,0.6433,14362,Mobile,West
CNT0004,2024-11-30,5658,51.4,0.8567,4703,Mobile,West
CNT0004,2024-12-01,3273,52.8,0.88,2511,CTV,Midwest
CNT0004,2024-12-02,7336,43.6,0.7267,5705,Desktop,Midwest
CNT0005,2024-10-13,407568,28.0,0.6364,343560,Desktop,Southeast
CNT0005,2024-10-14,58189,20.1,0.4568,39750,CTV,Northeast
CNT0005,2024-10-15,445704,20.5,0.4659,376194,Desktop,West
CNT0005,2024-10-16,490693,16.2,0.3682,344922,Desktop,Midwest
CNT0005,2024-10-17,607054,37.7,0.8568,417330,Tablet,West
CNT0005,2024-10-18,392884,19.1,0.4341,242477,CTV,Southwest
CNT0005,2024-10-19,166606,22.1,0.5023,134295,CTV,Southeast
CNT0005,2024-10-20,578995,34.7,0.7886,516046,Mobile,Southeast
CNT0005,2024-10-21,530527,21.0,0.4773,394158,Desktop,Northeast
CNT0005,2024-10-22,121464,39.5,0.8977,88079,CTV,Southwest
CNT0005,2024-10-23,196045,28.0,0.6364,122020,Desktop,Midwest
CNT0005,2024-10-24,137975,27.1,0.6159,117650,Desktop,Southeast
CNT0005,2024-10-25,334127,23.2,0.5273,302161,Mobile,Midwest
CNT0005,2024-10-26,394194,15.8,0.3591,273685,Mobile,Southwest
CNT0005,2024-10-27,86109,40.3,0.9159,67096,Mobile,Southwest
CNT0005,2024-10-28,412376,23.7,0.5386,319865,Tablet,Northeast
CNT0005,2024-10-29,268387,19.8,0.45,215271,Desktop,Midwest
CNT0005,2024-10-30,322616,15.8,0.3591,262279,Tablet,Northeast
CNT0005,2024-10-31,43439,16.9,0.3841,34426,Mobile,Northeast
CNT0005,2024-11-01,97373,26.1,0.5932,59157,CTV,Southeast
CNT0005,2024-11-02,348419,21.5,0.4886,225031,CTV,Northeast
CNT0005,2024-11-03,53346,33.5,0.7614,44736,Mobile,Southeast
CNT0005,2024-11-04,73058,29.6,0.6727,66984,Tablet,Northeast
CNT0005,2024-11-05,186447,17.6,0.4,113620,Desktop,Southwest
CNT0005,2024-11-06,169159,15.7,0.3568,141304,Tablet,Midwest
CNT0005,2024-11-07,134408,39.4,0.8955,113844,Desktop,Midwest
CNT0005,2024-11-08,179209,33.6,0.7636,163188,Desktop,Southeast
CNT0005,2024-11-09,66344,39.9,0.9068,48700,Mobile,Midwest
CNT0005,2024-11-10,55372,36.1,0.8205,33668,CTV,Midwest
CNT0005,2024-11-11,112065,15.6,0.3545,85141,Mobile,Midwest
CNT0005,2024-11-12,130191,36.6,0.8318,88924,Desktop,Southwest
CNT0005,2024-11-13,166751,17.5,0.3977,153366,Mobile,Southeast
CNT0005,2024-11-14,117016,34.4,0.7818,98272,Mobile,West
CNT0005,2024-11-15,192548,39.3,0.8932,139820,CTV,Southwest
CNT0005,2024-11-16,140887,36.7,0.8341,116252,Tablet,Midwest
CNT0005,2024-11-17,213134,35.0,0.7955,192857,Mobile,Midwest
CNT0005,2024-11-18,32901,39.4,0.8955,26282,Tablet,West
CNT0005,2024-11-19,93030,26.5,0.6023,81308,Desktop,Southwest
CNT0005,2024-11-20,78858,27.3,0.6205,68256,Mobile,Southwest
CNT0005,2024-11-21,17844,31.4,0.7136,12771,CTV,West
CNT0005,2024-11-22,25875,35.6,0.8091,18036,Tablet,Midwest
CNT0005,2024-11-23,36469,18.5,0.4205,25536,Desktop,Southeast
CNT0005,2024-11-24,89753,16.7,0.3795,74704,Tablet,Southwest
CNT0005,2024-11-25,40305,39.2,0.8909,26128,Desktop,West
CNT0005,2024-11-26,58879,30.6,0.6955,49481,Mobile,Midwest
CNT0005,2024-11-27,60903,29.8,0.6773,39895,Tablet,Midwest
CNT0005,2024-11-28,45443,31.5,0.7159,28544,CTV,Northeast
CNT0005,2024-11-29,78690,33.2,0.7545,59629,Mobile,Southwest
CNT0005,2024-11-30,59692,17.4,0.3955,38618,Mobile,Northeast
CNT0005,2024-12-01,110698,26.2,0.5955,77283,Desktop,Southwest
CNT0005,2024-12-02,56952,28.0,0.6364,49917,Mobile,Northeast
CNT0005,2024-12-03,92858,28.4,0.6455,73147,Tablet,Southwest
CNT0005,2024-12-04,7742,40.3,0.9159,5648,CTV,Midwest
CNT0005,2024-12-05,23361,35.9,0.8159,21439,Mobile,Northeast
CNT0005,2024-12-06,35546,35.8,0.8136,25548,Mobile,Midwest
CNT0005,2024-12-07,16932,35.5,0.8068,11169,CTV,Northeast
CNT0005,2024-12-08,109483,25.5,0.5795,76583,Tablet,Northeast
CNT0005,2024-12-09,36207,27.9,0.6341,22888,Tablet,Northeast
CNT0005,2024-12-10,10434,20.5,0.4659,6469,Mobile,Northeast
CNT0005,2024-12-11,55144,26.6,0.6045,47698,CTV,Northeast
CNT0005,2024-12-12,8837,35.7,0.8114,5393,CTV,Southeast
CNT0005,2024-12-13,28767,38.4,0.8727,21631,CTV,Southeast
CNT0005,2024-12-14,12934,34.2,0.7773,9814,CTV,Southwest
CNT0005,2024-12-15,41528,34.5,0.7841,32289,CTV,Northeast
CNT0005,2024-12-16,53723,34.4,0.7818,47432,Mobile,Midwest
CNT0005,2024-12-17,30832,33.3,0.7568,28146,CTV,Southwest
CNT0005,2024-12-18,26469,17.9,0.4068,21370,Tablet,Southwest
CNT0005,2024-12-19,31900,37.2,0.8455,28544,CTV,Northeast
CNT0005,2024-12-20,18825,39.4,0.8955,13347,Desktop,Southwest
CNT0005,2024-12-21,10846,33.1,0.7523,6586,Mobile,Southwest
CNT0005,2024-12-22,39435,32.4,0.7364,34224,CTV,West
CNT0005,2024-12-23,11402,34.9,0.7932,9025,CTV,Southeast
CNT0005,2024-12-24,33231,18.2,0.4136,24357,Tablet,Northeast
CNT0005,2024-12-25,44474,32.7,0.7432,28265,Tablet,Southeast
CNT0005,2024-12-26,9298,37.8,0.8591,7592,Tablet,Midwest
CNT0005,2024-12-27,28608,27.7,0.6295,18268,Mobile,West
CNT0005,2024-12-28,16036,36.4,0.8273,9828,Tablet,Southwest
CNT0005,2024-12-29,8773,38.0,0.8636,5283,Desktop,Southwest
CNT0005,2024-12-30,3306,32.3,0.7341,2741,Desktop,Midwest
CNT0005,2024-12-31,23819,37.1,0.8432,18106,CTV,Southeast
CNT0006,2024-12-26,578587,21.8,0.4955,507883,Mobile,Southeast
CNT0006,2024-12-27,226986,37.4,0.85,206212,Mobile,Northeast
CNT0006,2024-12-28,268924,30.1,0.6841,229281,Tablet,Southwest
CNT0006,2024-12-29,573769,34.5,0.7841,445517,Tablet,Midwest
CNT0006,2024-12-30,455152,32.1,0.7295,275992,Tablet,Midwest
CNT0006,2024-12-31,105593,26.4,0.6,86673,Mobile,Southwest
CNT0007,2024-07-10,446200,67.3,0.7478,401880,Mobile,Northeast
CNT0007,2024-07-11,482813,34.3,0.3811,307523,Tablet,Midwest
CNT0007,2024-07-12,198065,51.4,0.5711,119118,CTV,Southeast
CNT0007,2024-07-13,201803,50.2,0.5578,184317,Desktop,Southeast
CNT0007,2024-07-14,253399,75.0,0.8333,209029,CTV,Southwest
CNT0007,2024-07-15,479666,75.9,0.8433,376501,Desktop,Southwest
CNT0007,2024-07-16,255583,57.3,0.6367,171374,CTV,Midwest
CNT0007,2024-07-17,146079,69.4,0.7711,115726,CTV,Northeast
CNT0007,2024-07-18,300581,75.5,0.8389,184854,CTV,Midwest
CNT0007,2024-07-19,81457,50.8,0.5644,67633,Tablet,Midwest
CNT0007,2024-07-20,299784,68.1,0.7567,203379,Desktop,Southeast
CNT0007,2024-07-21,275415,59.7,0.6633,173486,Desktop,Northeast
CNT0007,2024-07-22,129621,76.7,0.8522,89226,Tablet,West
CNT0007,2024-07-23,120926,70.9,0.7878,78571,Tablet,Northeast
CNT0007,2024-07-24,212718,55.7,0.6189,165192,Desktop,Northeast
CNT0007,2024-07-25,108116,59.5,0.6611,67511,Tablet,West
CNT0007,2024-07-26,231419,72.9,0.81,148773,Desktop,Southwest
CNT0007,2024-07-27,296296,57.5,0.6389,210144,Desktop,Southeast
CNT0007,2024-07-28,234067,75.3,0.8367,188339,Tablet,Southeast
CNT0007,2024-07-29,128355,69.2,0.7689,77787,Desktop,Midwest
CNT0007,2024-07-30,190817,70.4,0.7822,165939,Desktop,Midwest
CNT0007,2024-07-31,246409,71.2,0.7911,184792,CTV,Midwest
CNT0007,2024-08-01,56833,54.2,0.6022,34596,Mobile,Northeast
CNT0007,2024-08-02,258719,55.3,0.6144,185172,Desktop,West
CNT0007,2024-08-03,271156,82.5,0.9167,227999,Tablet,Northeast
CNT0007,2024-08-04,82107,36.5,0.4056,57620,Mobile,Southwest
CNT0007,2024-08-05,21189,71.3,0.7922,18738,Desktop,Northeast
CNT0007,2024-08-06,152283,57.3,0.6367,107173,Tablet,Southeast
CNT0007,2024-08-07,157965,34.1,0.3789,123218,Desktop,Midwest
CNT0007,2024-08-08,146960,66.7,0.7411,107119,Mobile,West
CNT0007,2024-08-09,70065,60.0,0.6667,60735,CTV,West
CNT0007,2024-08-10,176615,53.5,0.5944,113661,Tablet,West
CNT0007,2024-08-11,137632,42.1,0.4678,103641,CTV,Southeast
CNT0007,2024-08-12,114464,42.2,0.4689,88768,Tablet,West
CNT0007,2024-08-13,123544,67.0,0.7444,88284,Mobile,Southeast
CNT0007,2024-08-14,111764,53.6,0.5956,85081,Tablet,Southwest
CNT0007,2024-08-15,32810,52.4,0.5822,26739,CTV,Midwest
CNT0007,2024-08-16,62256,78.6,0.8733,47779,Tablet,Southwest
CNT0007,2024-08-17,170795,43.5,0.4833,105621,Desktop,Midwest
CNT0007,2024-08-18,68947,44.8,0.4978,49020,CTV,Southwest
CNT0007,2024-08-19,111056,71.1,0.79,83488,Tablet,Northeast
CNT0007,2024-08-20,80517,62.1,0.69,59888,Desktop,Northeast
CNT0007,2024-08-21,67559,41.3,0.4589,54722,Desktop,West
CNT0007,2024-08-22,111965,34.5,0.3833,84150,Tablet,West
CNT0007,2024-08-23,232951,48.9,0.5433,158756,Tablet,Northeast
CNT0007,2024-08-24,117402,67.6,0.7511,71478,Desktop,Southeast
CNT0007,2024-08-25,42670,56.0,0.6222,37349,Mobile,West
CNT0007,2024-08-26,32704,40.7,0.4522,27012,Mobile,Southeast
CNT0007,2024-08-27,84948,36.8,0.4089,71671,Tablet,Midwest
CNT0007,2024-08-28,95531,77.0,0.8556,70339,CTV,West
CNT0007,2024-08-29,25305,53.2,0.5911,15646,Desktop,Southeast
CNT0007,2024-08-30,64758,76.8,0.8533,46562,Desktop,Midwest
CNT0007,2024-08-31,61741,52.2,0.58,47979,CTV,Midwest
CNT0007,2024-09-01,34754,79.7,0.8856,30144,CTV,Southeast
CNT0007,2024-09-02,79660,75.4,0.8378,52363,CTV,Southeast
CNT0007,2024-09-03,67726,82.5,0.9167,61960,CTV,Northeast
CNT0007,2024-09-04,37580,41.0,0.4556,27328,Tablet,Northeast
CNT0007,2024-09-05,12791,53.2,0.5911,7778,CTV,West
CNT0007,2024-09-06,49517,76.8,0.8533,41744,Mobile,Northeast
CNT0007,2024-09-07,42613,78.9,0.8767,31644,CTV,Midwest
CNT0007,2024-09-08,83167,32.1,0.3567,50775,Mobile,Southeast
CNT0007,2024-09-09,20634,52.7,0.5856,15410,Desktop,Midwest
CNT0007,2024-09-10,46090,61.1,0.6789,40231,Tablet,Southeast
CNT0007,2024-09-11,50406,45.8,0.5089,37398,Mobile,Southwest
CNT0007,2024-09-12,3283,59.2,0.6578,2976,CTV,West
CNT0007,2024-09-13,21653,44.8,0.4978,14074,Desktop,Southwest
CNT0007,2024-09-14,47721,73.4,0.8156,37032,CTV,Southwest
CNT0007,2024-09-15,22682,69.4,0.7711,15241,Tablet,Southeast
CNT0007,2024-09-16,32394,40.7,0.4522,28363,Mobile,Southwest
CNT0007,2024-09-17,12595,73.7,0.8189,8452,CTV,Midwest
CNT0007,2024-09-18,39737,73.4,0.8156,24598,Tablet,West
CNT0007,2024-09-19,34362,51.8,0.5756,24258,Mobile,West
CNT0007,2024-09-20,11860,59.9,0.6656,8268,Mobile,Southwest
CNT0007,2024-09-21,31477,45.1,0.5011,26429,Desktop,Northeast
CNT0007,2024-09-22,32289,68.6,0.7622,24598,Tablet,Midwest
CNT0007,2024-09-23,2625,53.0,0.5889,1990,Desktop,West
CNT0007,2024-09-24,3114,40.2,0.4467,2412,CTV,Southwest
CNT0007,2024-09-25,6730,62.0,0.6889,4395,CTV,Midwest
CNT0007,2024-09-26,17805,76.8,0.8533,12040,CTV,Midwest
CNT0007,2024-09-27,11539,59.3,0.6589,10297,Mobile,Southeast
CNT0007,2024-09-28,7833,49.4,0.5489,5182,Mobile,Southeast
CNT0007,2024-09-29,1750,80.6,0.8956,1187,CTV,Northeast
CNT0007,2024-09-30,7590,73.0,0.8111,6754,Desktop,Midwest
CNT0007,2024-10-01,5761,37.3,0.4144,5087,Mobile,Midwest
CNT0007,2024-10-02,12918,48.4,0.5378,10718,CTV,Southeast
CNT0007,2024-10-03,13795,61.3,0.6811,11866,Desktop,Southeast
CNT0007,2024-10-04,20515,41.4,0.46,17401,Mobile,Southeast
CNT0007,2024-10-05,7874,75.1,0.8344,5717,Mobile,Southwest
CNT0007,2024-10-06,11395,38.3,0.4256,9797,CTV,Midwest
CNT0007,2024-10-07,13543,69.8,0.7756,10458,Mobile,Northeast
CNT0008,2024-10-18,192326,36.3,0.825,163933,Desktop,Northeast
CNT0008,2024-10-19,229783,37.5,0.8523,142100,Desktop,Southwest
CNT0008,2024-10-20,433007,23.3,0.5295,380985,Mobile,Northeast
CNT0008,2024-10-21,165387,19.0,0.4318,150408,Tablet,Southeast
CNT0008,2024-10-22,93015,27.5,0.625,65006,Desktop,Midwest
CNT0008,2024-10-23,137384,17.0,0.3864,83084,Mobile,Southwest
CNT0008,2024-10-24,200385,31.5,0.7159,156547,Tablet,Midwest
CNT0008,2024-10-25,403543,40.1,0.9114,254753,Mobile,Southeast
CNT0008,2024-10-26,361675,26.6,0.6045,298366,CTV,West
CNT0008,2024-10-27,431064,21.2,0.4818,313922,Tablet,Midwest
CNT0008,2024-10-28,289573,23.4,0.5318,235622,Tablet,Midwest
CNT0008,2024-10-29,271018,18.0,0.4091,241158,CTV,Southwest
CNT0008,2024-10-30,319630,18.4,0.4182,274488,Mobile,Northeast
CNT0008,2024-10-31,30721,29.7,0.675,19989,Desktop,Midwest
CNT0008,2024-11-01,118257,22.2,0.5045,78184,CTV,Northeast
CNT0008,2024-11-02,204470,32.7,0.7432,178956,Desktop,Northeast
CNT0008,2024-11-03,174579,17.8,0.4045,116472,Mobile,Northeast
CNT0008,2024-11-04,322247,31.4,0.7136,224233,CTV,Southwest
CNT0008,2024-11-05,266047,27.6,0.6273,209966,Mobile,Midwest
CNT0008,2024-11-06,316599,30.6,0.6955,202810,Desktop,Southeast
CNT0008,2024-11-07,101840,39.7,0.9023,77454,Mobile,Midwest
CNT0008,2024-11-08,290565,35.4,0.8045,204217,CTV,Southwest
CNT0008,2024-11-09,115649,33.9,0.7705,105254,Desktop,Southwest
CNT0008,2024-11-10,266168,27.8,0.6318,196446,Tablet,Southwest
CNT0008,2024-11-11,92758,39.5,0.8977,81794,Mobile,Southwest
CNT0008,2024-11-12,238643,40.1,0.9114,176022,CTV,Midwest
CNT0008,2024-11-13,225477,39.0,0.8864,147258,Tablet,Southwest
CNT0008,2024-11-14,295658,22.7,0.5159,218388,CTV,Southwest
CNT0008,2024-11-15,132364,31.4,0.7136,112694,Desktop,Southwest
CNT0008,2024-11-16,136608,20.2,0.4591,114261,Mobile,Midwest
CNT0008,2024-11-17,255138,26.4,0.6,217886,Mobile,West
CNT0008,2024-11-18,86482,15.9,0.3614,65945,Tablet,West
CNT0008,2024-11-19,66264,31.9,0.725,56274,Desktop,Midwest
CNT0008,2024-11-20,66962,37.0,0.8409,53840,Desktop,Midwest
CNT0008,2024-11-21,29611,35.1,0.7977,21479,Mobile,Southeast
CNT0008,2024-11-22,82492,37.2,0.8455,49722,CTV,Southwest
CNT0008,2024-11-23,75382,24.2,0.55,64426,Tablet,Southeast
CNT0008,2024-11-24,90714,26.6,0.6045,70465,Mobile,Southwest
CNT0008,2024-11-25,45185,37.5,0.8523,36453,CTV,Southeast
CNT0008,2024-11-26,40701,21.6,0.4909,27983,Desktop,Southwest
CNT0008,2024-11-27,102727,19.8,0.45,62012,CTV,Southwest
CNT0008,2024-11-28,207806,31.8,0.7227,150911,Tablet,Northeast
CNT0008,2024-11-29,24723,25.7,0.5841,14835,Desktop,Northeast
CNT0008,2024-11-30,160553,24.5,0.5568,106309,CTV,West
CNT0008,2024-12-01,58757,31.6,0.7182,35606,Mobile,Southwest
CNT0008,2024-12-02,16153,16.7,0.3795,13621,Mobile,Southeast
CNT0008,2024-12-03,83432,34.5,0.7841,64442,Mobile,Southeast
CNT0008,2024-12-04,37471,22.9,0.5205,28042,CTV,Southwest
CNT0008,2024-12-05,30981,25.0,0.5682,18645,CTV,West
CNT0008,2024-12-06,10132,38.8,0.8818,6544,Tablet,Northeast
CNT0008,2024-12-07,66599,25.4,0.5773,48489,Tablet,Northeast
CNT0008,2024-12-08,65297,39.9,0.9068,57363,Tablet,Midwest
CNT0008,2024-12-09,46564,33.2,0.7545,38565,Desktop,Northeast
CNT0008,2024-12-10,6684,29.8,0.6773,4498,Mobile,Southeast
CNT0008,2024-12-11,26066,26.0,0.5909,19348,Tablet,Southeast
CNT0008,2024-12-12,31725,32.3,0.7341,21122,Mobile,West
CNT0008,2024-12-13,12828,15.7,0.3568,11542,Desktop,Midwest
CNT0008,2024-12-14,83573,17.7,0.4023,61784,Mobile,Southeast
CNT0008,2024-12-15,15145,25.2,0.5727,10424,Desktop,Northeast
CNT0008,2024-12-16,20516,26.9,0.6114,15355,Tablet,Southwest
CNT0008,2024-12-17,53615,27.4,0.6227,39378,CTV,West
CNT0008,2024-12-18,67599,20.6,0.4682,45989,Desktop,Southeast
CNT0008,2024-12-19,69144,39.8,0.9045,59603,Tablet,Northeast
CNT0008,2024-12-20,52126,23.6,0.5364,36949,Tablet,Northeast
CNT0008,2024-12-21,14712,36.4,0.8273,11154,Mobile,Southeast
CNT0008,2024-12-22,20515,32.9,0.7477,12579,Mobile,Midwest
CNT0008,2024-12-23,29506,20.9,0.475,20608,Desktop,Northeast
CNT0008,2024-12-24,52585,19.6,0.4455,36071,Tablet,Midwest
CNT0008,2024-12-25,18817,28.0,0.6364,13630,Desktop,West
CNT0008,2024-12-26,42047,34.5,0.7841,25373,Desktop,Midwest
CNT0008,2024-12-27,36229,24.7,0.5614,24350,Mobile,West
CNT0008,2024-12-28,34882,29.6,0.6727,24064,Tablet,Southeast
CNT0008,2024-12-29,16942,28.3,0.6432,14144,Desktop,Northeast
CNT0008,2024-12-30,28177,15.7,0.3568,25537,Desktop,Southeast
CNT0008,2024-12-31,32651,37.3,0.8477,26129,Desktop,West
CNT0009,2024-07-21,399189,9.9,0.45,289436,Desktop,Southeast
CNT0009,2024-07-22,426979,17.5,0.7955,338632,CTV,Southwest
CNT0009,2024-07-23,255763,13.7,0.6227,159813,Tablet,Northeast
CNT0009,2024-07-24,327566,13.8,0.6273,264415,Tablet,Northeast
CNT0009,2024-07-25,383363,10.5,0.4773,291992,Desktop,Midwest
CNT0009,2024-07-26,249152,13.4,0.6091,181078,Tablet,Northeast
CNT0009,2024-07-27,657394,17.1,0.7773,571825,Desktop,West
CNT0009,2024-07-28,156995,18.9,0.8591,136853,Mobile,West
CNT0009,2024-07-29,253230,12.8,0.5818,226862,CTV,Midwest
CNT0009,2024-07-30,433177,11.4,0.5182,356107,Desktop,Southwest
CNT0009,2024-07-31,454790,14.9,0.6773,409439,Mobile,West
CNT0009,2024-08-01,450444,19.3,0.8773,294329,CTV,Northeast
CNT0009,2024-08-02,292951,11.6,0.5273,179615,Tablet,Southwest
CNT0009,2024-08-03,383917,8.0,0.3636,350291,Desktop,West
CNT0009,2024-08-04,348212,8.1,0.3682,309148,Mobile,Southeast
CNT0009,2024-08-05,315859,11.0,0.5,232452,Mobile,Southeast
CNT0009,2024-08-06,33617,12.7,0.5773,27104,Mobile,Northeast
CNT0009,2024-08-07,231603,13.6,0.6182,197619,CTV,Southwest
CNT0009,2024-08-08,86860,10.0,0.4545,57213,Tablet,West
CNT0009,2024-08-09,229961,15.8,0.7182,195087,CTV,Southwest
CNT0009,2024-08-10,286999,14.1,0.6409,218768,Desktop,Southeast
CNT0009,2024-08-11,228866,17.2,0.7818,186846,CTV,West
CNT0009,2024-08-12,217557,17.1,0.7773,170400,Mobile,Midwest
CNT0009,2024-08-13,296371,17.9,0.8136,243865,Tablet,West
CNT0009,2024-08-14,27574,17.0,0.7727,19323,Desktop,Northeast
CNT0009,2024-08-15,306535,15.7,0.7136,239931,Mobile,Northeast
CNT0009,2024-08-16,240805,13.4,0.6091,164699,Tablet,Northeast
CNT0009,2024-08-17,254060,18.5,0.8409,207946,Tablet,Northeast
CNT0009,2024-08-18,137059,12.6,0.5727,90429,CTV,Northeast
CNT0009,2024-08-19,147045,17.3,0.7864,115418,CTV,West
CNT0009,2024-08-20,55836,19.5,0.8864,43868,Mobile,Southwest
CNT0009,2024-08-21,244446,8.7,0.3955,224514,Mobile,West
CNT0009,2024-08-22,61849,14.7,0.6682,45395,Desktop,Southeast
CNT0009,2024-08-23,90001,13.5,0.6136,67177,CTV,Southwest
CNT0009,2024-08-24,130960,18.0,0.8182,91481,Desktop,Southeast
CNT0009,2024-08-25,116264,15.1,0.6864,75626,Mobile,Southwest
CNT0009,2024-08-26,99626,16.3,0.7409,80971,CTV,Southeast
CNT0009,2024-08-27,65174,11.5,0.5227,59742,CTV,Northeast
CNT0009,2024-08-28,87029,12.2,0.5545,67968,Tablet,West
CNT0009,2024-08-29,15815,20.2,0.9182,12519,CTV,Southwest
CNT0009,2024-08-30,59759,18.0,0.8182,44253,CTV,Midwest
CNT0009,2024-08-31,44768,20.2,0.9182,34460,Desktop,Southeast
CNT0009,2024-09-01,134148,19.1,0.8682,112362,Desktop,Southeast
CNT0009,2024-09-02,22496,16.4,0.7455,19132,CTV,West
CNT0009,2024-09-03,73341,9.1,0.4136,55069,CTV,West
CNT0009,2024-09-04,121751,12.4,0.5636,98020,Mobile,Northeast
CNT0009,2024-09-05,70241,18.8,0.8545,54005,CTV,Northeast
CNT0009,2024-09-06,60387,15.9,0.7227,41113,Mobile,Southwest
CNT0009,2024-09-07,27018,11.8,0.5364,17937,Tablet,Northeast
CNT0009,2024-09-08,22294,13.7,0.6227,20060,Mobile,West
CNT0009,2024-09-09,63223,11.4,0.5182,46962,CTV,Southeast
CNT0009,2024-09-10,10321,14.1,0.6409,7974,CTV,West
CNT0009,2024-09-11,34538,12.7,0.5773,26565,Tablet,Southwest
CNT0009,2024-09-12,25956,15.9,0.7227,21972,Desktop,Southwest
CNT0009,2024-09-13,35750,17.1,0.7773,21795,CTV,West
CNT0009,2024-09-14,25501,14.2,0.6455,20684,Desktop,Southwest
CNT0009,2024-09-15,27181,15.7,0.7136,20369,Desktop,Northeast
CNT0009,2024-09-16,13178,13.0,0.5909,7916,CTV,Southwest
CNT0009,2024-09-17,48827,18.5,0.8409,31975,Tablet,West
CNT0009,2024-09-18,37502,9.4,0.4273,29191,Mobile,Northeast
CNT0009,2024-09-19,24090,15.5,0.7045,17971,Mobile,West
CNT0009,2024-09-20,25367,16.1,0.7318,22382,Desktop,Midwest
CNT0009,2024-09-21,18845,11.8,0.5364,14894,Mobile,Midwest
CNT0009,2024-09-22,42603,20.2,0.9182,34838,Tablet,Northeast
CNT0009,2024-09-23,13018,9.9,0.45,10875,Desktop,Southeast
CNT0009,2024-09-24,20777,9.7,0.4409,18296,Mobile,West
CNT0009,2024-09-25,62446,7.9,0.3591,39266,Mobile,Southeast
CNT0009,2024-09-26,37501,12.3,0.5591,22608,Desktop,Southwest
CNT0009,2024-09-27,44017,12.8,0.5818,37909,CTV,Southeast
CNT0009,2024-09-28,44815,12.4,0.5636,37802,CTV,Southeast
CNT0009,2024-09-29,20993,10.7,0.4864,14733,Desktop,Northeast
CNT0009,2024-09-30,23103,12.1,0.55,19025,Tablet,Midwest
CNT0009,2024-10-01,16480,17.2,0.7818,13579,Tablet,Midwest
CNT0009,2024-10-02,21859,16.2,0.7364,19906,Tablet,Midwest
CNT0009,2024-10-03,26017,14.6,0.6636,16599,Tablet,West
CNT0009,2024-10-04,18447,14.2,0.6455,12700,Tablet,West
CNT0009,2024-10-05,13387,20.2,0.9182,12147,Mobile,West
CNT0009,2024-10-06,3671,12.5,0.5682,3150,Tablet,Midwest
CNT0009,2024-10-07,25577,8.6,0.3909,18397,Desktop,Southwest
CNT0009,2024-10-08,28452,19.8,0.9,24858,Mobile,Southeast
CNT0009,2024-10-09,3804,19.6,0.8909,2508,Tablet,Southeast
CNT0009,2024-10-10,11075,19.8,0.9,8642,Mobile,Northeast
CNT0009,2024-10-11,14672,12.9,0.5864,9144,Tablet,Southwest
CNT0009,2024-10-12,30805,12.8,0.5818,20347,Desktop,West
CNT0009,2024-10-13,22499,20.1,0.9136,20041,Mobile,Southwest
CNT0009,2024-10-14,24281,17.6,0.8,20271,Mobile,Southeast
CNT0009,2024-10-15,14815,17.1,0.7773,12372,Tablet,Southwest
CNT0009,2024-10-16,20028,13.5,0.6136,15192,Mobile,Midwest
CNT0009,2024-10-17,18144,7.9,0.3591,11591,Desktop,Southwest
CNT0009,2024-10-18,4657,8.3,0.3773,4206,Desktop,Southwest
CNT0010,2024-12-14,283851,24.3,0.405,188489,Mobile,Southwest
CNT0010,2024-12-15,134994,26.3,0.4383,86441,CTV,Northeast
CNT0010,2024-12-16,42711,51.7,0.8617,29584,CTV,West
CNT0010,2024-12-17,495957,26.0,0.4333,395486,CTV,Midwest
CNT0010,2024-12-18,561192,43.6,0.7267,489881,Desktop,Southwest
CNT0010,2024-12-19,86126,28.4,0.4733,54933,Mobile,Southwest
CNT0010,2024-12-20,610133,38.0,0.6333,395816,Tablet,Southeast
CNT0010,2024-12-21,50679,41.2,0.6867,39167,Desktop,West
CNT0010,2024-12-22,210206,26.5,0.4417,178988,Mobile,Midwest
CNT0010,2024-12-23,47582,32.3,0.5383,43312,Mobile,Northeast
CNT0010,2024-12-24,504997,27.2,0.4533,357430,Mobile,Northeast
CNT0010,2024-12-25,430781,52.9,0.8817,395398,Tablet,Southwest
CNT0010,2024-12-26,65868,42.3,0.705,45022,Tablet,Southeast
CNT0010,2024-12-27,436667,53.2,0.8867,377599,CTV,Midwest
CNT0010,2024-12-28,237575,39.3,0.655,209396,CTV,West
CNT0010,2024-12-29,497749,33.5,0.5583,398668,CTV,West
CNT0010,2024-12-30,338931,35.0,0.5833,214259,Tablet,Southwest
CNT0010,2024-12-31,248631,54.5,0.9083,161346,Desktop,Northeast
CNT0011,2024-12-26,343352,44.2,0.4911,309222,Tablet,Midwest
CNT0011,2024-12-27,146112,68.0,0.7556,102534,CTV,Southeast
CNT0011,2024-12-28,316176,65.4,0.7267,221651,Tablet,Northeast
CNT0011,2024-12-29,48775,34.2,0.38,36915,Mobile,Southeast
CNT0011,2024-12-30,111911,57.0,0.6333,101908,CTV,Southeast
CNT0011,2024-12-31,408735,35.9,0.3989,320526,Mobile,Northeast
CNT0012,2024-08-22,228656,16.4,0.7455,198167,CTV,Southwest
CNT0012,2024-08-23,309452,14.2,0.6455,204820,Tablet,Northeast
CNT0012,2024-08-24,231266,11.4,0.5182,152365,Desktop,Midwest
CNT0012,2024-08-25,304220,18.3,0.8318,210433,CTV,Midwest
CNT0012,2024-08-26,591069,13.1,0.5955,438607,Tablet,Southeast
CNT0012,2024-08-27,245357,11.7,0.5318,152371,CTV,West
CNT0012,2024-08-28,310193,11.7,0.5318,263281,CTV,West
CNT0012,2024-08-29,480889,8.1,0.3682,429940,Desktop,Northeast
CNT0012,2024-08-30,232087,16.4,0.7455,210624,Mobile,Southwest
CNT0012,2024-08-31,380945,12.1,0.55,261234,Tablet,Southeast
CNT0012,2024-09-01,141196,8.2,0.3727,121493,Desktop,Southwest
CNT0012,2024-09-02,35514,12.0,0.5455,27497,CTV,Northeast
CNT0012,2024-09-03,297148,18.9,0.8591,221257,Desktop,Southwest
CNT0012,2024-09-04,222724,16.1,0.7318,151372,CTV,West
CNT0012,2024-09-05,46408,15.8,0.7182,40040,CTV,Northeast
CNT0012,2024-09-06,227600,7.8,0.3545,154464,CTV,Midwest
CNT0012,2024-09-07,184425,18.9,0.8591,117573,Desktop,Northeast
CNT0012,2024-09-08,165500,15.3,0.6955,141056,Mobile,Southeast
CNT0012,2024-09-09,75696,17.8,0.8091,46002,Mobile,Southwest
CNT0012,2024-09-10,181130,12.6,0.5727,117970,CTV,Southeast
CNT0012,2024-09-11,228085,12.4,0.5636,196756,Tablet,Midwest
CNT0012,2024-09-12,275030,19.9,0.9045,230474,Tablet,Southwest
CNT0012,2024-09-13,176328,7.9,0.3591,127900,Mobile,Southwest
CNT0012,2024-09-14,341849,11.9,0.5409,311309,Tablet,Midwest
CNT0012,2024-09-15,332688,13.2,0.6,263522,Mobile,Southeast
CNT0012,2024-09-16,152929,16.7,0.7591,98224,CTV,Southeast
CNT0012,2024-09-17,307635,20.1,0.9136,214112,CTV,Southwest
CNT0012,2024-09-18,187277,19.0,0.8636,158037,Tablet,West
CNT0012,2024-09-19,34692,14.0,0.6364,31527,Tablet,Northeast
CNT0012,2024-09-20,232356,9.8,0.4455,212209,CTV,Southwest
CNT0012,2024-09-21,198209,15.4,0.7,153229,Desktop,Southeast
CNT0012,2024-09-22,47267,8.9,0.4045,38656,Mobile,West
CNT0012,2024-09-23,127457,9.0,0.4091,90149,Desktop,Southwest
CNT0012,2024-09-24,129261,14.7,0.6682,91740,Tablet,Southeast
CNT0012,2024-09-25,46621,16.0,0.7273,29635,Tablet,Northeast
CNT0012,2024-09-26,90625,20.2,0.9182,77537,Mobile,Southeast
CNT0012,2024-09-27,14835,11.6,0.5273,11752,Tablet,Northeast
CNT0012,2024-09-28,103724,13.7,0.6227,71283,Desktop,Midwest
CNT0012,2024-09-29,155204,16.8,0.7636,140730,CTV,Southwest
CNT0012,2024-09-30,166350,18.9,0.8591,140935,Mobile,Northeast
CNT0012,2024-10-01,73312,17.1,0.7773,50773,CTV,Southwest
CNT0012,2024-10-02,113562,12.0,0.5455,76999,Desktop,West
CNT0012,2024-10-03,123865,17.8,0.8091,113868,Mobile,West
CNT0012,2024-10-04,35427,10.8,0.4909,29227,Tablet,Northeast
CNT0012,2024-10-05,59981,10.6,0.4818,36249,Tablet,Northeast
CNT0012,2024-10-06,97961,11.5,0.5227,62843,Tablet,Southwest
CNT0012,2024-10-07,90372,7.8,0.3545,80448,Tablet,Northeast
CNT0012,2024-10-08,51716,19.3,0.8773,31887,Mobile,Northeast
CNT0012,2024-10-09,73574,12.7,0.5773,54361,CTV,Midwest
CNT0012,2024-10-10,13638,9.3,0.4227,10499,CTV,West
CNT0012,2024-10-11,45904,18.2,0.8273,36706,CTV,Northeast
CNT0012,2024-10-12,18686,15.1,0.6864,14753,Mobile,Northeast
CNT0012,2024-10-13,37445,15.7,0.7136,24182,Mobile,Northeast
CNT0012,2024-10-14,78425,11.0,0.5,51022,Mobile,West
CNT0012,2024-10-15,54586,14.8,0.6727,44910,Desktop,Southeast
CNT0012,2024-10-16,16138,14.9,0.6773,13940,Tablet,Northeast
CNT0012,2024-10-17,10047,15.5,0.7045,7743,CTV,Southeast
CNT0012,2024-10-18,60667,12.1,0.55,52216,Tablet,Midwest
CNT0012,2024-10-19,94221,11.7,0.5318,80994,Mobile,Northeast
CNT0012,2024-10-20,26688,11.3,0.5136,20768,Desktop,Midwest
CNT0012,2024-10-21,39548,10.5,0.4773,24874,CTV,Southwest
CNT0012,2024-10-22,19152,16.7,0.7591,15139,Desktop,Midwest
CNT0012,2024-10-23,57714,10.4,0.4727,50997,Desktop,Midwest
CNT0012,2024-10-24,46282,20.0,0.9091,30092,Mobile,Southwest
CNT0012,2024-10-25,52995,12.4,0.5636,33888,Tablet,Northeast
CNT0012,2024-10-26,35223,16.5,0.75,25415,Mobile,West
CNT0012,2024-10-27,9612,17.9,0.8136,8352,Desktop,Southwest
CNT0012,2024-10-28,34216,8.1,0.3682,20644,Tablet,Southeast
CNT0012,2024-10-29,29158,19.0,0.8636,21283,Mobile,Southeast
CNT0012,2024-10-30,24152,17.7,0.8045,14977,Desktop,Northeast
CNT0012,2024-10-31,4962,12.4,0.5636,3293,CTV,Northeast
CNT0012,2024-11-01,18140,10.6,0.4818,15097,CTV,West
CNT0012,2024-11-02,39610,17.8,0.8091,27771,CTV,Midwest
CNT0012,2024-11-03,20790,13.2,0.6,12885,Mobile,Southeast
CNT0012,2024-11-04,17308,11.5,0.5227,11543,Desktop,Midwest
CNT0012,2024-11-05,18935,14.8,0.6727,11704,Tablet,Midwest
CNT0012,2024-11-06,17201,10.4,0.4727,14063,Desktop,West
CNT0012,2024-11-07,34582,8.4,0.3818,28746,CTV,Southwest
CNT0012,2024-11-08,6101,17.2,0.7818,5480,Tablet,West
CNT0012,2024-11-09,15088,18.3,0.8318,11006,Mobile,West
CNT0012,2024-11-10,19843,12.6,0.5727,12687,Mobile,Southeast
CNT0012,2024-11-11,14312,16.6,0.7545,10853,Tablet,West
CNT0012,2024-11-12,29232,19.7,0.8955,21040,Tablet,Northeast
CNT0012,2024-11-13,6956,19.9,0.9045,6385,Tablet,West
CNT0012,2024-11-14,3785,14.5,0.6591,2566,CTV,Northeast
CNT0012,2024-11-15,20802,10.0,0.4545,12651,Desktop,West
CNT0012,2024-11-16,18051,10.7,0.4864,11926,Mobile,Southwest
CNT0012,2024-11-17,19969,13.7,0.6227,17004,Mobile,Southeast
CNT0012,2024-11-18,17981,20.2,0.9182,13118,Desktop,Northeast
CNT0012,2024-11-19,8872,18.6,0.8455,7939,Desktop,Southeast
CNT0013,2024-11-29,204327,73.3,0.8144,183715,Tablet,West
CNT0013,2024-11-30,410499,75.6,0.84,332043,Desktop,Southeast
CNT0013,2024-12-01,307022,55.8,0.62,207473,Mobile,Southeast
CNT0013,2024-12-02,767935,76.0,0.8444,620910,CTV,Southeast
CNT0013,2024-12-03,329670,66.7,0.7411,200090,CTV,Midwest
CNT0013,2024-12-04,577090,82.4,0.9156,358305,Mobile,Southeast
CNT0013,2024-12-05,213635,58.0,0.6444,148234,Mobile,Midwest
CNT0013,2024-12-06,452177,65.3,0.7256,358797,Mobile,Southwest
CNT0013,2024-12-07,54215,72.5,0.8056,40913,Desktop,Northeast
CNT0013,2024-12-08,216102,74.7,0.83,177379,Mobile,West
CNT0013,2024-12-09,58553,78.4,0.8711,43424,Tablet,Southwest
CNT0013,2024-12-10,629394,62.8,0.6978,391622,Mobile,Northeast
CNT0013,2024-12-11,35102,31.7,0.3522,30410,Desktop,Southeast
CNT0013,2024-12-12,165059,66.0,0.7333,108770,Tablet,Southeast
CNT0013,2024-12-13,104452,56.8,0.6311,78295,Mobile,Southeast
CNT0013,2024-12-14,81962,52.7,0.5856,68217,CTV,West
CNT0013,2024-12-15,255479,79.1,0.8789,212976,CTV,West
CNT0013,2024-12-16,26445,42.1,0.4678,18926,Mobile,West
CNT0013,2024-12-17,38778,48.7,0.5411,27153,Desktop,Southeast
CNT0013,2024-12-18,266273,46.3,0.5144,221788,CTV,West
CNT0013,2024-12-19,344243,46.8,0.52,212455,Tablet,Midwest
CNT0013,2024-12-20,36942,66.1,0.7344,32432,Tablet,Midwest
CNT0013,2024-12-21,227182,40.1,0.4456,169273,Mobile,Midwest
CNT0013,2024-12-22,330269,79.0,0.8778,287134,Tablet,Southeast
CNT0013,2024-12-23,28291,74.7,0.83,19193,Tablet,Southeast
CNT0013,2024-12-24,234936,65.5,0.7278,167787,Tablet,Midwest
CNT0013,2024-12-25,164720,68.9,0.7656,113734,Tablet,Midwest
CNT0013,2024-12-26,112935,62.0,0.6889,91095,Mobile,Northeast
CNT0013,2024-12-27,260784,79.0,0.8778,238330,Tablet,Southwest
CNT0013,2024-12-28,224481,67.8,0.7533,195180,CTV,Midwest
CNT0013,2024-12-29,198466,78.4,0.8711,151220,CTV,Southwest
CNT0013,2024-12-30,271541,77.1,0.8567,233644,CTV,Midwest
CNT0013,2024-12-31,211669,67.5,0.75,171830,Mobile,West
CNT0014,2024-08-15,363478,31.1,0.5183,232923,Mobile,Southwest
CNT0014,2024-08-16,281011,51.5,0.8583,177727,CTV,Southeast
CNT0014,2024-08-17,660503,41.0,0.6833,593831,CTV,Northeast
CNT0014,2024-08-18,456601,42.1,0.7017,356131,Desktop,Southeast
CNT0014,2024-08-19,393552,21.6,0.36,324262,Mobile,West
CNT0014,2024-08-20,418175,46.4,0.7733,383076,Mobile,Southeast
CNT0014,2024-08-21,223093,48.9,0.815,203258,Desktop,West
CNT0014,2024-08-22,241954,26.9,0.4483,214042,Mobile,Midwest
CNT0014,2024-08-23,278931,45.5,0.7583,233991,Tablet,Northeast
CNT0014,2024-08-24,272069,47.5,0.7917,209067,Mobile,Southeast
CNT0014,2024-08-25,377287,39.0,0.65,292296,Tablet,Northeast
CNT0014,2024-08-26,319416,43.5,0.725,291055,Desktop,Northeast
CNT0014,2024-08-27,326505,38.9,0.6483,236067,CTV,Southeast
CNT0014,2024-08-28,472901,45.7,0.7617,370835,Desktop,West
CNT0014,2024-08-29,263643,37.0,0.6167,240825,Desktop,West
CNT0014,2024-08-30,66055,46.8,0.78,46493,Tablet,West
CNT0014,2024-08-31,309387,30.2,0.5033,262364,Tablet,Southeast
CNT0014,2024-09-01,198716,39.5,0.6583,180978,Tablet,Southeast
CNT0014,2024-09-02,135799,34.5,0.575,86664,CTV,Southwest
CNT0014,2024-09-03,112385,35.3,0.5883,81247,Mobile,Northeast
CNT0014,2024-09-04,47709,35.3,0.5883,34065,Desktop,West
CNT0014,2024-09-05,386586,38.3,0.6383,349607,Desktop,West
CNT0014,2024-09-06,289276,52.7,0.8783,261229,Desktop,Midwest
CNT0014,2024-09-07,181158,51.4,0.8567,129104,Mobile,Midwest
CNT0014,2024-09-08,169728,35.7,0.595,102147,CTV,West
CNT0014,2024-09-09,177209,36.3,0.605,135870,Tablet,Southwest
CNT0014,2024-09-10,52111,31.0,0.5167,32225,CTV,West
CNT0014,2024-09-11,173681,33.1,0.5517,122276,Mobile,Southeast
CNT0014,2024-09-12,91131,50.5,0.8417,62261,Tablet,Midwest
CNT0014,2024-09-13,18230,25.9,0.4317,15885,Mobile,Southeast
CNT0014,2024-09-14,183296,34.9,0.5817,141323,Tablet,Northeast
CNT0014,2024-09-15,129875,47.5,0.7917,112689,Tablet,Northeast
CNT0014,2024-09-16,32914,36.5,0.6083,29842,Tablet,Southeast
CNT0014,2024-09-17,27363,51.2,0.8533,19029,Desktop,Southeast
CNT0014,2024-09-18,84793,38.5,0.6417,62033,Mobile,Northeast
CNT0014,2024-09-19,248993,32.4,0.54,153261,Mobile,Northeast
CNT0014,2024-09-20,129823,47.6,0.7933,89441,CTV,Southeast
CNT0014,2024-09-21,80984,43.8,0.73,48904,Tablet,Northeast
CNT0014,2024-09-22,83611,37.3,0.6217,63137,Tablet,Southeast
CNT0014,2024-09-23,82622,32.5,0.5417,53614,Desktop,Northeast
CNT0014,2024-09-24,66458,33.4,0.5567,52834,CTV,Midwest
CNT0014,2024-09-25,34614,52.3,0.8717,25908,Desktop,West
CNT0014,2024-09-26,134620,37.8,0.63,123327,CTV,Southwest
CNT0014,2024-09-27,56939,38.0,0.6333,45809,Mobile,Southwest
CNT0014,2024-09-28,50235,44.1,0.735,44420,CTV,Southeast
CNT0014,2024-09-29,109085,54.6,0.91,65489,Desktop,Midwest
CNT0014,2024-09-30,32161,43.3,0.7217,27619,CTV,Southeast
CNT0014,2024-10-01,26384,33.1,0.5517,20308,Mobile,Midwest
CNT0014,2024-10-02,81877,30.6,0.51,71174,CTV,West
CNT0014,2024-10-03,28316,49.9,0.8317,18381,Mobile,Northeast
CNT0014,2024-10-04,83307,46.4,0.7733,67711,Tablet,Midwest
CNT0014,2024-10-05,75110,35.9,0.5983,53780,Desktop,Northeast
CNT0014,2024-10-06,90624,31.6,0.5267,69265,Tablet,Midwest
CNT0014,2024-10-07,80826,38.9,0.6483,52607,CTV,Southwest
CNT0014,2024-10-08,73884,46.8,0.78,47383,Desktop,Southwest
CNT0014,2024-10-09,64947,44.8,0.7467,55718,Desktop,Northeast
CNT0014,2024-10-10,51497,35.4,0.59,34930,Mobile,Southeast
CNT0014,2024-10-11,55776,22.1,0.3683,44938,Tablet,Southwest
CNT0014,2024-10-12,40242,26.7,0.445,29553,Tablet,Midwest
CNT0014,2024-10-13,50996,28.2,0.47,44457,Tablet,Southeast
CNT0014,2024-10-14,88910,21.1,0.3517,64807,Mobile,Northeast
CNT0014,2024-10-15,37849,24.2,0.4033,32543,CTV,West
CNT0014,2024-10-16,40043,38.1,0.635,27804,Mobile,West
CNT0014,2024-10-17,25762,49.1,0.8183,20099,Tablet,Southwest
CNT0014,2024-10-18,55936,41.3,0.6883,33980,Tablet,Southeast
CNT0014,2024-10-19,25116,25.6,0.4267,20895,Mobile,West
CNT0014,2024-10-20,16379,36.4,0.6067,12461,CTV,Southeast
CNT0014,2024-10-21,17852,28.8,0.48,14591,CTV,Northeast
CNT0014,2024-10-22,51189,48.8,0.8133,43210,Tablet,Midwest
CNT0014,2024-10-23,23316,50.9,0.8483,19320,Tablet,Northeast
CNT0014,2024-10-24,46493,51.4,0.8567,32070,Tablet,West
CNT0014,2024-10-25,35949,32.0,0.5333,24554,Tablet,West
CNT0014,2024-10-26,28506,31.7,0.5283,18951,CTV,Southwest
CNT0014,2024-10-27,21811,42.4,0.7067,13364,Tablet,Southeast
CNT0014,2024-10-28,23619,38.6,0.6433,16837,CTV,Midwest
CNT0014,2024-10-29,28173,41.6,0.6933,21932,Desktop,Midwest
CNT0014,2024-10-30,12831,54.8,0.9133,10827,Tablet,Southeast
CNT0014,2024-10-31,19568,49.3,0.8217,13056,Desktop,Southwest
CNT0014,2024-11-01,30670,36.2,0.6033,20417,CTV,Southeast
CNT0014,2024-11-02,3644,44.4,0.74,2651,Mobile,Southeast
CNT0014,2024-11-03,24521,34.7,0.5783,15566,CTV,Southwest
CNT0014,2024-11-04,2751,42.6,0.71,1944,CTV,Southwest
CNT0014,2024-11-05,20079,24.4,0.4067,18012,Tablet,Northeast
CNT0014,2024-11-06,18805,47.2,0.7867,16190,CTV,West
CNT0014,2024-11-07,2448,52.3,0.8717,1772,CTV,Northeast
CNT0014,2024-11-08,4396,36.6,0.61,2823,Tablet,Southeast
CNT0014,2024-11-09,14188,40.0,0.6667,10272,Mobile,Southeast
CNT0014,2024-11-10,8729,52.0,0.8667,6665,Tablet,Midwest
CNT0014,2024-11-11,12755,51.9,0.865,11413,Mobile,Midwest
CNT0014,2024-11-12,2725,35.4,0.59,1920,Tablet,Southwest
CNT0015,2024-08-11,258272,40.4,0.9182,170749,Desktop,West
CNT0015,2024-08-12,65816,35.5,0.8068,48804,CTV,Southeast
CNT0015,2024-08-13,773895,37.9,0.8614,518328,Desktop,Midwest
CNT0015,2024-08-14,400642,31.3,0.7114,327737,Desktop,West
CNT0015,2024-08-15,433844,38.1,0.8659,309934,CTV,Southwest
CNT0015,2024-08-16,449356,30.9,0.7023,366746,Mobile,Southwest
CNT0015,2024-08-17,175266,33.2,0.7545,120872,CTV,Midwest
CNT0015,2024-08-18,443483,40.0,0.9091,342353,CTV,Northeast
CNT0015,2024-08-19,253993,17.0,0.3864,224551,CTV,Northeast
CNT0015,2024-08-20,106362,38.9,0.8841,97096,Desktop,Northeast
CNT0015,2024-08-21,154172,25.4,0.5773,141368,CTV,Midwest
CNT0015,2024-08-22,475123,34.2,0.7773,409614,CTV,Northeast
CNT0015,2024-08-23,469060,31.4,0.7136,413274,Tablet,Southwest
CNT0015,2024-08-24,388120,28.9,0.6568,341385,Mobile,Southeast
CNT0015,2024-08-25,416352,39.8,0.9045,356969,Desktop,Midwest
CNT0015,2024-08-26,254579,28.3,0.6432,174205,Tablet,Southwest
CNT0015,2024-08-27,214453,16.0,0.3636,180914,Mobile,West
CNT0015,2024-08-28,285494,39.3,0.8932,245698,CTV,West
CNT0015,2024-08-29,138788,38.9,0.8841,110504,Tablet,Southeast
CNT0015,2024-08-30,311271,28.1,0.6386,207511,CTV,Midwest
CNT0015,2024-08-31,260590,39.1,0.8886,186878,Mobile,Southwest
CNT0015,2024-09-01,338323,32.2,0.7318,274723,Mobile,Northeast
CNT0015,2024-09-02,143686,25.3,0.575,111939,Mobile,Northeast
CNT0015,2024-09-03,98469,29.6,0.6727,61877,Desktop,Midwest
CNT0015,2024-09-04,249865,19.5,0.4432,215615,Mobile,Southeast
CNT0015,2024-09-05,171595,17.7,0.4023,149879,Desktop,Northeast
CNT0015,2024-09-06,192441,24.1,0.5477,160964,Mobile,Southwest
CNT0015,2024-09-07,181460,35.4,0.8045,110267,Tablet,Southeast
CNT0015,2024-09-08,120217,22.7,0.5159,86914,Tablet,Midwest
CNT0015,2024-09-09,126196,19.8,0.45,80657,Desktop,Southwest
CNT0015,2024-09-10,114606,31.7,0.7205,102561,Tablet,Midwest
CNT0015,2024-09-11,250444,18.3,0.4159,155366,CTV,Midwest
CNT0015,2024-09-12,24075,39.2,0.8909,21359,CTV,Southwest
CNT0015,2024-09-13,229093,17.8,0.4045,178842,CTV,Midwest
CNT0015,2024-09-14,29898,21.1,0.4795,25240,Desktop,West
CNT0015,2024-09-15,80727,32.9,0.7477,49949,Desktop,Southwest
CNT0015,2024-09-16,76585,32.8,0.7455,65822,Desktop,Northeast
CNT0015,2024-09-17,33658,30.2,0.6864,27938,Mobile,Southwest
CNT0015,2024-09-18,116623,22.6,0.5136,93743,Mobile,Southeast
CNT0015,2024-09-19,17275,35.8,0.8136,12713,Desktop,Northeast
CNT0015,2024-09-20,166628,33.6,0.7636,131177,Mobile,Northeast
CNT0015,2024-09-21,135724,37.7,0.8568,99485,Tablet,West
CNT0015,2024-09-22,33174,30.4,0.6909,23912,Tablet,West
CNT0015,2024-09-23,128127,39.3,0.8932,76937,Desktop,West
CNT0015,2024-09-24,60551,22.4,0.5091,52050,CTV,Southeast
CNT0015,2024-09-25,33830,18.8,0.4273,27864,Mobile,Midwest
CNT0015,2024-09-26,95107,30.2,0.6864,58269,Mobile,West
CNT0015,2024-09-27,58086,29.3,0.6659,51415,Tablet,Midwest
CNT0015,2024-09-28,96906,34.0,0.7727,61051,Tablet,Southwest
CNT0015,2024-09-29,12395,23.6,0.5364,9958,Desktop,West
CNT0015,2024-09-30,22303,22.3,0.5068,13573,Mobile,Southeast
CNT0015,2024-10-01,46347,34.9,0.7932,33005,Tablet,Midwest
CNT0015,2024-10-02,69448,38.2,0.8682,51319,Desktop,Southeast
CNT0015,2024-10-03,49783,35.8,0.8136,31622,Tablet,Southeast
CNT0015,2024-10-04,103126,34.3,0.7795,74402,CTV,Southwest
CNT0015,2024-10-05,92164,35.0,0.7955,65818,Tablet,Southwest
CNT0015,2024-10-06,75607,23.8,0.5409,59460,Mobile,Southeast
CNT0015,2024-10-07,70301,32.6,0.7409,50630,Desktop,Northeast
CNT0015,2024-10-08,31550,30.6,0.6955,19195,Desktop,Northeast
CNT0015,2024-10-09,23572,34.0,0.7727,16666,CTV,Southeast
CNT0015,2024-10-10,28136,34.9,0.7932,25213,Desktop,Southwest
CNT0015,2024-10-11,30953,27.5,0.625,20360,Mobile,Southwest
CNT0015,2024-10-12,4710,22.9,0.5205,3963,Mobile,Northeast
CNT0015,2024-10-13,25312,38.6,0.8773,17422,CTV,Midwest
CNT0015,2024-10-14,60336,27.5,0.625,47404,Mobile,Southeast
CNT0015,2024-10-15,31392,17.7,0.4023,21454,Tablet,Southwest
CNT0015,2024-10-16,34667,27.1,0.6159,29940,Mobile,Northeast
CNT0015,2024-10-17,17212,37.3,0.8477,10371,CTV,Southwest
CNT0015,2024-10-18,26822,22.6,0.5136,19876,Tablet,West
CNT0015,2024-10-19,8948,28.3,0.6432,5517,Desktop,Southwest
CNT0015,2024-10-20,4672,16.9,0.3841,3884,Tablet,Southeast
CNT0015,2024-10-21,10470,23.2,0.5273,8232,Desktop,Northeast
CNT0015,2024-10-22,7844,21.7,0.4932,5793,Tablet,Southeast
CNT0015,2024-10-23,38410,18.0,0.4091,32881,Tablet,Southwest
CNT0015,2024-10-24,5059,29.2,0.6636,3192,Tablet,Southwest
CNT0015,2024-10-25,25569,26.0,0.5909,16395,Tablet,Northeast
CNT0015,2024-10-26,21121,31.5,0.7159,17077,CTV,Southeast
CNT0015,2024-10-27,19837,36.0,0.8182,16069,Mobile,Northeast
CNT0015,2024-10-28,19254,39.0,0.8864,12656,Mobile,Northeast
CNT0015,2024-10-29,21613,16.2,0.3682,14245,CTV,Southeast
CNT0015,2024-10-30,22710,26.2,0.5955,16062,Desktop,Northeast
CNT0015,2024-10-31,9576,23.6,0.5364,8291,Mobile,Midwest
CNT0015,2024-11-01,5934,17.8,0.4045,5057,CTV,West
CNT0015,2024-11-02,20500,27.4,0.6227,12976,CTV,Midwest
CNT0015,2024-11-03,10998,33.9,0.7705,8592,CTV,Northeast
CNT0015,2024-11-04,20638,26.0,0.5909,14032,Mobile,Southeast
CNT0015,2024-11-05,7243,36.8,0.8364,4989,CTV,Midwest
CNT0015,2024-11-06,9885,37.2,0.8455,7788,Mobile,Southeast
CNT0015,2024-11-07,2347,24.7,0.5614,1513,CTV,Northeast
CNT0015,2024-11-08,22382,33.9,0.7705,18854,CTV,Northeast
CNT0016,2024-12-20,286836,21.8,0.4955,200257,Mobile,Southwest
CNT0016,2024-12-21,147366,20.2,0.4591,118682,Desktop,Southeast
CNT0016,2024-12-22,644055,24.9,0.5659,586936,Mobile,Southeast
CNT0016,2024-12-23,251054,33.8,0.7682,171051,Tablet,Midwest
CNT0016,2024-12-24,321892,18.6,0.4227,224477,Tablet,Midwest
CNT0016,2024-12-25,257180,30.7,0.6977,189547,CTV,Southeast
CNT0016,2024-12-26,233668,30.0,0.6818,172357,Mobile,Midwest
CNT0016,2024-12-27,170311,34.1,0.775,141953,Desktop,Southeast
CNT0016,2024-12-28,355506,34.2,0.7773,285730,Tablet,Southeast
CNT0016,2024-12-29,226362,32.0,0.7273,175667,Desktop,Southeast
CNT0016,2024-12-30,557562,27.2,0.6182,375940,Tablet,Northeast
CNT0016,2024-12-31,335759,32.7,0.7432,308605,Tablet,Midwest
CNT0017,2024-08-30,296460,14.8,0.6727,184169,Tablet,West
CNT0017,2024-08-31,268147,12.3,0.5591,182021,CTV,Southwest
CNT0017,2024-09-01,509979,12.9,0.5864,323159,Tablet,Midwest
CNT0017,2024-09-02,203851,10.8,0.4909,177692,Desktop,Southeast
CNT0017,2024-09-03,280609,18.7,0.85,238176,Desktop,West
CNT0017,2024-09-04,437286,16.7,0.7591,355695,Desktop,Southeast
CNT0017,2024-09-05,335986,15.0,0.6818,275712,Tablet,Southeast
CNT0017,2024-09-06,530696,18.7,0.85,416335,Desktop,Southeast
CNT0017,2024-09-07,169788,11.3,0.5136,149545,Tablet,West
CNT0017,2024-09-08,398545,9.6,0.4364,252295,Tablet,Northeast
CNT0017,2024-09-09,101116,15.7,0.7136,88607,Tablet,Southeast
CNT0017,2024-09-10,472532,14.6,0.6636,317481,Desktop,Southeast
CNT0017,2024-09-11,661359,11.3,0.5136,512903,Tablet,Southeast
CNT0017,2024-09-12,382918,14.9,0.6773,280352,CTV,West
CNT0017,2024-09-13,302802,9.5,0.4318,236476,Mobile,Southwest
CNT0017,2024-09-14,362427,17.1,0.7773,305472,CTV,West
CNT0017,2024-09-15,104516,12.1,0.55,70221,CTV,Northeast
CNT0017,2024-09-16,156967,18.9,0.8591,120061,Mobile,West
CNT0017,2024-09-17,80140,8.1,0.3682,48676,Mobile,West
CNT0017,2024-09-18,79281,12.5,0.5682,59531,Mobile,Northeast
CNT0017,2024-09-19,62235,11.1,0.5045,49559,Tablet,Southwest
CNT0017,2024-09-20,274264,7.9,0.3591,243216,Tablet,Midwest
CNT0017,2024-09-21,256859,10.3,0.4682,164949,CTV,Midwest
CNT0017,2024-09-22,149767,17.5,0.7955,118239,Desktop,West
CNT0017,2024-09-23,159122,10.0,0.4545,128185,Mobile,Southwest
CNT0017,2024-09-24,133066,9.8,0.4455,115711,Desktop,Midwest
CNT0017,2024-09-25,109705,10.3,0.4682,94467,CTV,West
CNT0017,2024-09-26,70836,17.1,0.7773,55763,Desktop,Northeast
CNT0017,2024-09-27,112658,12.7,0.5773,88239,CTV,Northeast
CNT0017,2024-09-28,124011,15.8,0.7182,102284,Tablet,Midwest
CNT0017,2024-09-29,230088,13.5,0.6136,183733,Tablet,Northeast
CNT0017,2024-09-30,125044,16.3,0.7409,97062,Mobile,Midwest
CNT0017,2024-10-01,47198,15.2,0.6909,28815,Tablet,Northeast
CNT0017,2024-10-02,67498,12.1,0.55,57202,CTV,Northeast
CNT0017,2024-10-03,85741,17.4,0.7909,58218,Desktop,Southwest
CNT0017,2024-10-04,17687,17.2,0.7818,11072,Mobile,Southeast
CNT0017,2024-10-05,93546,19.9,0.9045,62576,Tablet,West
CNT0017,2024-10-06,178049,17.7,0.8045,161354,Desktop,Southwest
CNT0017,2024-10-07,27648,11.2,0.5091,23892,Desktop,Northeast
CNT0017,2024-10-08,15930,19.7,0.8955,13967,Tablet,Southwest
CNT0017,2024-10-09,58304,8.2,0.3727,53527,CTV,Northeast
CNT0017,2024-10-10,97272,7.8,0.3545,67169,CTV,Northeast
CNT0017,2024-10-11,24211,18.3,0.8318,19610,Mobile,Northeast
CNT0017,2024-10-12,18666,14.3,0.65,16162,Tablet,West
CNT0017,2024-10-13,30793,12.8,0.5818,23839,CTV,Northeast
CNT0017,2024-10-14,137120,15.3,0.6955,93085,Mobile,Northeast
CNT0017,2024-10-15,37867,10.9,0.4955,33569,Desktop,Midwest
CNT0017,2024-10-16,65475,11.0,0.5,42552,CTV,Southeast
CNT0017,2024-10-17,45975,10.2,0.4636,33844,Tablet,Southwest
CNT0017,2024-10-18,106988,8.9,0.4045,92859,CTV,Southeast
CNT0017,2024-10-19,75728,12.5,0.5682,47371,Tablet,Northeast
CNT0017,2024-10-20,108412,18.8,0.8545,92478,CTV,Southeast
CNT0017,2024-10-21,30092,17.5,0.7955,18996,Desktop,Northeast
CNT0017,2024-10-22,21198,11.5,0.5227,15865,CTV,Southeast
CNT0017,2024-10-23,85508,14.7,0.6682,69232,Desktop,Northeast
CNT0017,2024-10-24,18944,9.4,0.4273,14601,Desktop,Midwest
CNT0017,2024-10-25,21979,19.1,0.8682,19755,CTV,Southwest
CNT0017,2024-10-26,27317,19.9,0.9045,20554,Desktop,West
CNT0017,2024-10-27,47349,11.4,0.5182,34904,CTV,Southeast
CNT0017,2024-10-28,66001,17.6,0.8,41283,Tablet,Midwest
CNT0017,2024-10-29,71093,19.9,0.9045,57616,Tablet,Northeast
CNT0017,2024-10-30,57184,20.2,0.9182,37408,Mobile,Northeast
CNT0017,2024-10-31,11609,11.3,0.5136,7143,Mobile,Northeast
CNT0017,2024-11-01,36180,10.4,0.4727,22303,Tablet,Southeast
CNT0017,2024-11-02,21426,8.5,0.3864,16611,Desktop,Midwest
CNT0017,2024-11-03,14705,20.2,0.9182,9648,Tablet,Midwest
CNT0017,2024-11-04,4791,7.7,0.35,3845,Desktop,West
CNT0017,2024-11-05,10853,19.4,0.8818,8132,Desktop,Southwest
CNT0017,2024-11-06,42912,19.2,0.8727,30675,Tablet,Southwest
CNT0017,2024-11-07,20474,14.1,0.6409,18717,Mobile,Northeast
CNT0017,2024-11-08,6410,12.3,0.5591,5057,Desktop,West
CNT0017,2024-11-09,33830,12.1,0.55,27479,Tablet,Southeast
CNT0017,2024-11-10,24933,12.3,0.5591,18987,Mobile,Southeast
CNT0017,2024-11-11,30263,15.7,0.7136,18994,Mobile,West
CNT0017,2024-11-12,22677,9.4,0.4273,18347,Tablet,Midwest
CNT0017,2024-11-13,2888,10.9,0.4955,2540,Tablet,Northeast
CNT0017,2024-11-14,42517,8.2,0.3727,29511,Desktop,Northeast
CNT0017,2024-11-15,12834,7.8,0.3545,11061,Tablet,Southeast
CNT0017,2024-11-16,9254,8.2,0.3727,7626,Tablet,Northeast
CNT0017,2024-11-17,2588,7.7,0.35,2081,Tablet,West
CNT0017,2024-11-18,25388,15.2,0.6909,20694,CTV,West
CNT0017,2024-11-19,10084,14.4,0.6545,6075,Tablet,Southeast
CNT0017,2024-11-20,9972,14.0,0.6364,6338,Desktop,Southeast
CNT0017,2024-11-21,5434,10.6,0.4818,4220,Mobile,Southeast
CNT0017,2024-11-22,14116,9.6,0.4364,8529,Desktop,West
CNT0017,2024-11-23,16415,18.6,0.8455,12612,Desktop,Southwest
CNT0017,2024-11-24,21202,15.2,0.6909,12937,Desktop,Northeast
CNT0017,2024-11-25,2315,16.8,0.7636,1799,Tablet,Southwest
CNT0017,2024-11-26,4344,10.6,0.4818,3843,CTV,Northeast
CNT0017,2024-11-27,11042,12.1,0.55,6730,Desktop,Southeast
CNT0018,2024-09-13,420414,54.1,0.9017,379203,Mobile,Southeast
CNT0018,2024-09-14,848685,39.1,0.6517,544856,CTV,West
CNT0018,2024-09-15,342150,25.0,0.4167,281954,Desktop,West
CNT0018,2024-09-16,467893,54.5,0.9083,370390,Tablet,Southwest
CNT0018,2024-09-17,349226,22.0,0.3667,313089,CTV,Northeast
CNT0018,2024-09-18,56513,51.6,0.86,35758,Desktop,Midwest
CNT0018,2024-09-19,277943,31.3,0.5217,221310,Mobile,Southwest
CNT0018,2024-09-20,138181,52.8,0.88,94521,Tablet,Southwest
CNT0018,2024-09-21,348920,48.4,0.8067,241490,Mobile,Southwest
CNT0018,2024-09-22,47824,27.0,0.45,38512,Mobile,Northeast
CNT0018,2024-09-23,263195,28.6,0.4767,186919,CTV,Southeast
CNT0018,2024-09-24,392856,40.1,0.6683,332904,Mobile,Northeast
CNT0018,2024-09-25,193604,49.2,0.82,154608,Tablet,Midwest
CNT0018,2024-09-26,225641,49.1,0.8183,164446,CTV,Midwest
CNT0018,2024-09-27,279182,39.9,0.665,253079,Tablet,Midwest
CNT0018,2024-09-28,298123,40.6,0.6767,245450,CTV,Southwest
CNT0018,2024-09-29,232247,27.4,0.4567,205848,CTV,West
CNT0018,2024-09-30,274609,54.0,0.9,214541,CTV,Midwest
CNT0018,2024-10-01,232425,51.6,0.86,178117,Tablet,Northeast
CNT0018,2024-10-02,309306,23.3,0.3883,190381,Desktop,West
CNT0018,2024-10-03,253995,29.2,0.4867,189163,Desktop,Midwest
CNT0018,2024-10-04,143408,51.6,0.86,89853,Desktop,Southeast
CNT0018,2024-10-05,199974,35.2,0.5867,179269,Tablet,Southwest
CNT0018,2024-10-06,70035,31.2,0.52,62166,CTV,Southeast
CNT0018,2024-10-07,156022,28.5,0.475,94636,Desktop,Southeast
CNT0018,2024-10-08,257044,45.7,0.7617,204892,Mobile,Southwest
CNT0018,2024-10-09,133508,31.1,0.5183,92976,Tablet,Southeast
CNT0018,2024-10-10,122643,48.5,0.8083,105437,Desktop,Southeast
CNT0018,2024-10-11,94305,46.4,0.7733,83771,Mobile,Southeast
CNT0018,2024-10-12,159558,38.5,0.6417,134886,Desktop,Northeast
CNT0018,2024-10-13,148858,45.3,0.755,103977,Desktop,Midwest
CNT0018,2024-10-14,55624,53.2,0.8867,40464,CTV,Midwest
CNT0018,2024-10-15,250624,32.6,0.5433,187148,CTV,West
CNT0018,2024-10-16,64955,49.5,0.825,50677,Tablet,Northeast
CNT0018,2024-10-17,63866,30.5,0.5083,45859,CTV,Southeast
CNT0018,2024-10-18,45725,28.6,0.4767,29547,Desktop,Southwest
CNT0018,2024-10-19,88509,33.3,0.555,79471,CTV,Midwest
CNT0018,2024-10-20,164782,39.4,0.6567,141603,Tablet,Southeast
CNT0018,2024-10-21,17349,30.6,0.51,15470,Mobile,Southwest
CNT0018,2024-10-22,120585,34.4,0.5733,107265,CTV,West
CNT0018,2024-10-23,28673,24.4,0.4067,19915,Mobile,Southwest
CNT0018,2024-10-24,30553,49.4,0.8233,18590,CTV,West
CNT0018,2024-10-25,124237,39.5,0.6583,105118,CTV,Midwest
CNT0018,2024-10-26,117520,29.2,0.4867,77134,Tablet,West
CNT0018,2024-10-27,105984,28.2,0.47,92704,CTV,West
CNT0018,2024-10-28,47460,54.7,0.9117,40920,CTV,Southeast
CNT0018,2024-10-29,26018,49.7,0.8283,20492,CTV,Midwest
CNT0018,2024-10-30,105500,47.7,0.795,91027,CTV,Southeast
CNT0018,2024-10-31,31653,22.5,0.375,19956,CTV,Northeast
CNT0018,2024-11-01,64407,29.2,0.4867,43663,Desktop,Southwest
CNT0018,2024-11-02,33092,37.7,0.6283,25014,CTV,Northeast
CNT0018,2024-11-03,11995,43.1,0.7183,7902,Desktop,West
CNT0018,2024-11-04,17487,33.9,0.565,11522,Desktop,West
CNT0018,2024-11-05,93254,30.6,0.51,70641,Desktop,Midwest
CNT0018,2024-11-06,83082,31.6,0.5267,69179,Mobile,Southeast
CNT0018,2024-11-07,2945,30.8,0.5133,2501,Mobile,Southeast
CNT0018,2024-11-08,37935,23.8,0.3967,27435,Tablet,West
CNT0018,2024-11-09,61303,47.3,0.7883,42369,Tablet,Midwest
CNT0018,2024-11-10,39080,46.1,0.7683,33926,Tablet,Northeast
CNT0018,2024-11-11,19559,42.0,0.7,17649,Desktop,Southeast
CNT0018,2024-11-12,39942,42.0,0.7,35627,CTV,West
CNT0018,2024-11-13,34215,35.6,0.5933,25135,Tablet,Midwest
CNT0018,2024-11-14,13283,32.8,0.5467,10770,Tablet,Northeast
CNT0018,2024-11-15,14997,21.9,0.365,11760,CTV,Midwest
CNT0018,2024-11-16,36245,39.7,0.6617,26464,CTV,Southwest
CNT0018,2024-11-17,8558,26.3,0.4383,5808,CTV,West
CNT0018,2024-11-18,37940,42.4,0.7067,31016,Tablet,Northeast
CNT0018,2024-11-19,31429,42.5,0.7083,23663,Tablet,Southeast
CNT0018,2024-11-20,29042,29.4,0.49,18830,Tablet,Northeast
CNT0018,2024-11-21,37403,33.2,0.5533,24300,Mobile,West
CNT0018,2024-11-22,46670,38.7,0.645,32250,Desktop,West
CNT0018,2024-11-23,15920,52.2,0.87,9978,Desktop,Southeast
CNT0018,2024-11-24,32173,31.7,0.5283,19525,CTV,Southeast
CNT0018,2024-11-25,22076,49.4,0.8233,18705,Mobile,Southwest
CNT0018,2024-11-26,40210,40.3,0.6717,33093,Mobile,Northeast
CNT0018,2024-11-27,15028,25.9,0.4317,11120,Tablet,West
CNT0018,2024-11-28,39988,28.1,0.4683,36416,Desktop,Northeast
CNT0018,2024-11-29,25974,43.5,0.725,17260,Tablet,West
CNT0018,2024-11-30,18881,40.5,0.675,16659,Desktop,Southeast
CNT0018,2024-12-01,24516,25.8,0.43,15448,Desktop,Northeast
CNT0018,2024-12-02,22924,48.5,0.8083,14955,Tablet,West
CNT0018,2024-12-03,13019,27.3,0.455,9665,Mobile,Midwest
CNT0018,2024-12-04,3527,48.5,0.8083,2666,Desktop,Midwest
CNT0018,2024-12-05,16456,28.5,0.475,14127,Mobile,West
CNT0018,2024-12-06,14588,44.0,0.7333,10218,Tablet,Southwest
CNT0018,2024-12-07,18994,54.4,0.9067,12977,Tablet,Southwest
CNT0018,2024-12-08,13103,41.1,0.685,8531,Desktop,Southwest
CNT0018,2024-12-09,9587,45.2,0.7533,8299,CTV,Midwest
CNT0018,2024-12-10,13488,42.4,0.7067,9451,Tablet,Southwest
CNT0018,2024-12-11,4958,54.2,0.9033,3639,Tablet,Southwest
CNT0019,2024-09-28,502964,50.4,0.84,324793,CTV,West
CNT0019,2024-09-29,175857,46.7,0.7783,154800,Tablet,Southeast
CNT0019,2024-09-30,643819,53.3,0.8883,538684,CTV,Southwest
CNT0019,2024-10-01,349254,41.0,0.6833,233638,Desktop,Southeast
CNT0019,2024-10-02,123543,25.5,0.425,78484,Tablet,Midwest
CNT0019,2024-10-03,48514,27.4,0.4567,41332,Desktop,West
CNT0019,2024-10-04,349814,39.8,0.6633,305824,CTV,Midwest
CNT0019,2024-10-05,430765,54.3,0.905,358126,Tablet,Southeast
CNT0019,2024-10-06,342391,25.0,0.4167,262381,CTV,West
CNT0019,2024-10-07,46046,28.0,0.4667,37201,Mobile,Northeast
CNT0019,2024-10-08,239045,36.5,0.6083,195491,Mobile,Southeast
CNT0019,2024-10-09,150599,36.2,0.6033,125594,Mobile,Northeast
CNT0019,2024-10-10,522309,44.9,0.7483,358467,CTV,West
CNT0019,2024-10-11,396447,34.7,0.5783,330458,CTV,West
CNT0019,2024-10-12,159948,34.9,0.5817,107214,Mobile,Southwest
CNT0019,2024-10-13,366451,27.9,0.465,233100,Mobile,Southeast
CNT0019,2024-10-14,32747,49.1,0.8183,28461,Desktop,Southwest
CNT0019,2024-10-15,193981,25.3,0.4217,167109,Mobile,Southeast
CNT0019,2024-10-16,147340,35.5,0.5917,109685,Tablet,Northeast
CNT0019,2024-10-17,260644,26.7,0.445,237900,Tablet,West
CNT0019,2024-10-18,308523,23.9,0.3983,205535,CTV,Midwest
CNT0019,2024-10-19,368840,44.2,0.7367,292899,Desktop,West
CNT0019,2024-10-20,329271,25.6,0.4267,256809,Desktop,West
CNT0019,2024-10-21,97960,40.4,0.6733,84917,CTV,Southeast
CNT0019,2024-10-22,105777,29.9,0.4983,75976,CTV,Southwest
CNT0019,2024-10-23,124559,33.8,0.5633,107613,CTV,Northeast
CNT0019,2024-10-24,54549,51.7,0.8617,37822,CTV,West
CNT0019,2024-10-25,117697,47.9,0.7983,90602,CTV,Southwest
CNT0019,2024-10-26,40335,28.4,0.4733,30963,CTV,Midwest
CNT0019,2024-10-27,109475,42.8,0.7133,67830,CTV,Midwest
CNT0019,2024-10-28,104594,23.2,0.3867,76334,Desktop,Northeast
CNT0019,2024-10-29,248420,28.3,0.4717,175298,CTV,Midwest
CNT0019,2024-10-30,203913,43.1,0.7183,153493,Tablet,Midwest
CNT0019,2024-10-31,131207,38.3,0.6383,86999,CTV,Northeast
CNT0019,2024-11-01,108416,38.7,0.645,76073,Desktop,West
CNT0019,2024-11-02,35939,37.7,0.6283,30943,Desktop,Northeast
CNT0019,2024-11-03,36962,53.9,0.8983,29370,Mobile,West
CNT0019,2024-11-04,245254,24.5,0.4083,217586,Mobile,West
CNT0019,2024-11-05,166717,24.5,0.4083,105013,Desktop,Southwest
CNT0019,2024-11-06,103270,35.5,0.5917,88360,Tablet,Northeast
CNT0019,2024-11-07,33162,40.5,0.675,24885,Tablet,West
CNT0019,2024-11-08,75272,40.8,0.68,62332,Mobile,Southeast
CNT0019,2024-11-09,47022,35.2,0.5867,35382,CTV,Midwest
CNT0019,2024-11-10,14266,32.4,0.54,13029,Mobile,Midwest
CNT0019,2024-11-11,53505,29.7,0.495,43122,CTV,Southwest
CNT0019,2024-11-12,55595,35.4,0.59,41180,Mobile,Southwest
CNT0019,2024-11-13,101654,29.4,0.49,91955,Mobile,Southwest
CNT0019,2024-11-14,105574,41.3,0.6883,89056,Mobile,Midwest
CNT0019,2024-11-15,35124,34.3,0.5717,28486,CTV,West
CNT0019,2024-11-16,110600,37.5,0.625,86163,CTV,Midwest
CNT0019,2024-11-17,65342,48.9,0.815,58630,Tablet,Southwest
CNT0019,2024-11-18,84712,41.7,0.695,56466,Mobile,Northeast
CNT0019,2024-11-19,24728,48.0,0.8,17534,Mobile,West
CNT0019,2024-11-20,31498,37.4,0.6233,22771,Mobile,Midwest
CNT0019,2024-11-21,36963,23.4,0.39,26565,CTV,Southeast
CNT0019,2024-11-22,40492,25.3,0.4217,31005,Desktop,West
CNT0019,2024-11-23,16197,54.1,0.9017,9741,Tablet,Southeast
CNT0019,2024-11-24,6588,39.3,0.655,5142,Tablet,Southeast
CNT0019,2024-11-25,6088,42.9,0.715,5144,Mobile,Southwest
CNT0019,2024-11-26,72846,49.9,0.8317,65855,Tablet,West
CNT0019,2024-11-27,44357,52.5,0.875,40100,CTV,Northeast
CNT0019,2024-11-28,53330,31.0,0.5167,37442,Tablet,Southwest
CNT0019,2024-11-29,39947,27.8,0.4633,33941,CTV,Northeast
CNT0019,2024-11-30,42429,52.0,0.8667,27445,CTV,Southeast
CNT0019,2024-12-01,36872,25.8,0.43,25606,Desktop,West
CNT0019,2024-12-02,22855,51.4,0.8567,20765,Desktop,West
CNT0019,2024-12-03,76620,43.6,0.7267,70133,CTV,Southwest
CNT0019,2024-12-04,53844,51.9,0.865,48410,Tablet,Northeast
CNT0019,2024-12-05,28995,33.5,0.5583,23056,Desktop,West
CNT0019,2024-12-06,26864,47.3,0.7883,19614,CTV,Southwest
CNT0019,2024-12-07,44428,45.7,0.7617,32025,Mobile,Southeast
CNT0019,2024-12-08,19201,47.6,0.7933,11619,Desktop,Southeast
CNT0019,2024-12-09,11158,53.0,0.8833,9692,Mobile,West
CNT0019,2024-12-10,25587,45.4,0.7567,16959,Tablet,Southwest
CNT0019,2024-12-11,17424,53.7,0.895,11470,CTV,Southwest
CNT0019,2024-12-12,5959,47.0,0.7833,4040,CTV,West
CNT0019,2024-12-13,4477,33.4,0.5567,3093,Mobile,West
CNT0019,2024-12-14,4620,47.1,0.785,3266,CTV,Northeast
CNT0019,2024-12-15,19676,22.3,0.3717,16226,CTV,Northeast
CNT0019,2024-12-16,20074,45.2,0.7533,17886,Tablet,Northeast
CNT0019,2024-12-17,3629,38.2,0.6367,2333,Desktop,Southwest
CNT0019,2024-12-18,20306,45.5,0.7583,16533,Tablet,Midwest
CNT0019,2024-12-19,31494,36.6,0.61,24502,Mobile,Southeast
CNT0019,2024-12-20,12868,30.9,0.515,9781,Mobile,Midwest
CNT0019,2024-12-21,23295,51.6,0.86,18450,CTV,Midwest
CNT0019,2024-12-22,15312,34.8,0.58,11980,Desktop,West
CNT0019,2024-12-23,8283,54.2,0.9033,6854,Tablet,West
CNT0019,2024-12-24,11498,44.2,0.7367,7782,Mobile,Northeast
CNT0019,2024-12-25,7666,24.1,0.4017,7040,Tablet,Southeast
CNT0019,2024-12-26,22946,34.9,0.5817,16446,Mobile,Midwest
CNT0020,2024-09-02,481105,39.4,0.6567,329286,Mobile,West
CNT0020,2024-09-03,987111,25.4,0.4233,593092,CTV,Southeast
CNT0020,2024-09-04,73443,39.7,0.6617,59672,CTV,Midwest
CNT0020,2024-09-05,606749,46.5,0.775,517418,Desktop,Northeast
CNT0020,2024-09-06,524345,21.8,0.3633,443082,Desktop,Southeast
CNT0020,2024-09-07,203381,37.9,0.6317,129483,Mobile,Northeast
CNT0020,2024-09-08,396687,44.8,0.7467,263165,Mobile,Midwest
CNT0020,2024-09-09,412801,49.9,0.8317,367832,Tablet,Southwest
CNT0020,2024-09-10,449811,47.1,0.785,398966,CTV,Northeast
CNT0020,2024-09-11,94656,22.9,0.3817,57936,CTV,Southwest
CNT0020,2024-09-12,412800,41.1,0.685,256393,Tablet,Southwest
CNT0020,2024-09-13,120648,45.9,0.765,103643,Desktop,Southwest
CNT0020,2024-09-14,60489,26.9,0.4483,48753,Mobile,Midwest
CNT0020,2024-09-15,336394,53.6,0.8933,208776,Mobile,Southwest
CNT0020,2024-09-16,493655,22.7,0.3783,413026,CTV,Midwest
CNT0020,2024-09-17,371328,28.5,0.475,275493,Tablet,Northeast
CNT0020,2024-09-18,186137,47.3,0.7883,135144,CTV,Southwest
CNT0020,2024-09-19,55232,25.8,0.43,35562,Tablet,Southwest
CNT0020,2024-09-20,61249,32.9,0.5483,56038,Desktop,West
CNT0020,2024-09-21,368234,54.6,0.91,311567,CTV,Midwest
CNT0020,2024-09-22,111040,23.5,0.3917,96052,CTV,Northeast
CNT0020,2024-09-23,229038,44.3,0.7383,206821,Mobile,Northeast
CNT0020,2024-09-24,289223,35.8,0.5967,259594,Tablet,Southwest
CNT0020,2024-09-25,211032,30.9,0.515,136040,CTV,Midwest
CNT0020,2024-09-26,79826,43.8,0.73,63385,Tablet,West
CNT0020,2024-09-27,110378,43.1,0.7183,92981,CTV,West
CNT0020,2024-09-28,294684,35.6,0.5933,241884,CTV,Southwest
CNT0020,2024-09-29,151350,37.4,0.6233,132932,Mobile,Southwest
CNT0020,2024-09-30,224275,48.7,0.8117,150120,Mobile,West
CNT0020,2024-10-01,197120,39.0,0.65,160206,Desktop,Northeast
CNT0020,2024-10-02,52883,45.9,0.765,38439,Mobile,West
CNT0020,2024-10-03,141156,26.9,0.4483,91871,Tablet,West
CNT0020,2024-10-04,122753,36.2,0.6033,106286,CTV,Southwest
CNT0020,2024-10-05,131475,44.5,0.7417,97714,Tablet,Northeast
CNT0020,2024-10-06,76752,54.8,0.9133,54030,Mobile,Southwest
CNT0020,2024-10-07,169556,41.6,0.6933,150131,CTV,West
CNT0020,2024-10-08,107339,40.9,0.6817,72710,Desktop,Southwest
CNT0020,2024-10-09,92643,24.6,0.41,65174,Tablet,West
CNT0020,2024-10-10,161019,26.2,0.4367,113239,Tablet,West
CNT0020,2024-10-11,92294,21.9,0.365,80143,Desktop,Southwest
CNT0020,2024-10-12,11180,31.8,0.53,10014,Desktop,Northeast
CNT0020,2024-10-13,77797,24.7,0.4117,70259,Tablet,Midwest
CNT0020,2024-10-14,83266,39.9,0.665,54981,CTV,Southeast
CNT0020,2024-10-15,126947,53.7,0.895,111224,Tablet,Midwest
CNT0020,2024-10-16,25060,39.3,0.655,18575,CTV,Midwest
CNT0020,2024-10-17,97502,35.7,0.595,60251,Desktop,Northeast
CNT0020,2024-10-18,7792,45.6,0.76,5133,Desktop,Southwest
CNT0020,2024-10-19,124558,42.8,0.7133,95574,Tablet,Southwest
CNT0020,2024-10-20,96725,33.0,0.55,72367,CTV,Southeast
CNT0020,2024-10-21,99335,21.6,0.36,64092,Mobile,Northeast
CNT0020,2024-10-22,21071,24.5,0.4083,18557,Desktop,Northeast
CNT0020,2024-10-23,18217,43.0,0.7167,13211,CTV,West
CNT0020,2024-10-24,40429,26.8,0.4467,34015,CTV,West
CNT0020,2024-10-25,99122,43.0,0.7167,70404,Mobile,Southeast
CNT0020,2024-10-26,32560,50.1,0.835,23787,Mobile,Northeast
CNT0020,2024-10-27,96387,40.2,0.67,69689,CTV,Northeast
CNT0020,2024-10-28,76005,42.9,0.715,46084,Mobile,Midwest
CNT0020,2024-10-29,29309,51.9,0.865,23693,Tablet,Southeast
CNT0020,2024-10-30,28166,45.0,0.75,22075,Desktop,Southeast
CNT0020,2024-10-31,45454,53.3,0.8883,37959,Desktop,Northeast
CNT0020,2024-11-01,83248,48.7,0.8117,63130,CTV,Midwest
CNT0020,2024-11-02,31823,34.4,0.5733,25848,Desktop,West
CNT0020,2024-11-03,63312,47.6,0.7933,48036,CTV,West
CNT0020,2024-11-04,42890,51.9,0.865,36562,Desktop,Midwest
CNT0020,2024-11-05,31259,53.1,0.885,20944,Desktop,Northeast
CNT0020,2024-11-06,30895,34.0,0.5667,22779,Tablet,Midwest
CNT0020,2024-11-07,41037,27.8,0.4633,34438,Desktop,Southwest
CNT0020,2024-11-08,15401,47.9,0.7983,12008,Mobile,Midwest
CNT0020,2024-11-09,41837,39.7,0.6617,30845,Mobile,West
CNT0020,2024-11-10,36943,28.4,0.4733,33735,Desktop,Southwest
CNT0020,2024-11-11,24790,29.2,0.4867,15106,Tablet,West
CNT0020,2024-11-12,20917,38.9,0.6483,12580,Desktop,Southeast
CNT0020,2024-11-13,9139,47.4,0.79,7385,Mobile,Midwest
CNT0020,2024-11-14,20020,29.3,0.4883,18260,Tablet,Southwest
CNT0020,2024-11-15,47046,32.5,0.5417,36290,Desktop,Northeast
CNT0020,2024-11-16,18715,31.9,0.5317,11585,CTV,Southwest
CNT0020,2024-11-17,10606,39.2,0.6533,7724,Mobile,Northeast
CNT0020,2024-11-18,3686,36.7,0.6117,2542,Mobile,Southwest
CNT0020,2024-11-19,3774,44.8,0.7467,2804,Tablet,Southeast
CNT0020,2024-11-20,33367,31.8,0.53,26799,Desktop,Northeast
CNT0020,2024-11-21,9268,40.2,0.67,5645,Tablet,Southeast
CNT0020,2024-11-22,21291,40.1,0.6683,15167,Desktop,Northeast
CNT0020,2024-11-23,29062,25.5,0.425,23921,CTV,Midwest
CNT0020,2024-11-24,10124,21.8,0.3633,6673,CTV,Midwest
CNT0020,2024-11-25,10318,32.7,0.545,9111,Mobile,West
CNT0020,2024-11-26,24577,30.1,0.5017,20123,Mobile,Southeast
CNT0020,2024-11-27,16540,42.2,0.7033,14329,Desktop,Southeast
CNT0020,2024-11-28,4848,48.3,0.805,4033,CTV,Northeast
CNT0020,2024-11-29,5163,29.2,0.4867,3680,CTV,Midwest
CNT0020,2024-11-30,7206,34.7,0.5783,4749,Tablet,Midwest
CNT0021,2024-09-13,204789,29.2,0.6636,177952,Tablet,Southeast
CNT0021,2024-09-14,679973,24.0,0.5455,558535,Desktop,West
CNT0021,2024-09-15,332931,28.7,0.6523,258781,Desktop,Midwest
CNT0021,2024-09-16,378666,24.0,0.5455,236923,Tablet,Northeast
CNT0021,2024-09-17,453069,36.1,0.8205,362572,Mobile,Midwest
CNT0021,2024-09-18,130671,17.4,0.3955,106232,Desktop,Midwest
CNT0021,2024-09-19,460750,23.2,0.5273,377337,Tablet,Northeast
CNT0021,2024-09-20,469967,18.8,0.4273,310024,CTV,West
CNT0021,2024-09-21,313532,20.4,0.4636,232491,Tablet,Northeast
CNT0021,2024-09-22,181512,36.6,0.8318,147695,Tablet,Midwest
CNT0021,2024-09-23,392520,33.4,0.7591,331286,Mobile,West
CNT0021,2024-09-24,162783,37.5,0.8523,106723,Tablet,Northeast
CNT0021,2024-09-25,379374,21.9,0.4977,242013,Tablet,West
CNT0021,2024-09-26,141690,15.8,0.3591,113190,CTV,West
CNT0021,2024-09-27,290758,21.3,0.4841,230606,Tablet,Southeast
CNT0021,2024-09-28,44566,35.2,0.8,30089,Desktop,Northeast
CNT0021,2024-09-29,397247,34.1,0.775,357970,Desktop,Midwest
CNT0021,2024-09-30,54216,33.3,0.7568,45040,Mobile,Southeast
CNT0021,2024-10-01,381953,33.1,0.7523,280356,Mobile,Northeast
CNT0021,2024-10-02,102242,39.3,0.8932,68389,Mobile,Southwest
CNT0021,2024-10-03,303136,28.7,0.6523,185614,Desktop,Northeast
CNT0021,2024-10-04,256986,22.7,0.5159,166712,Mobile,Midwest
CNT0021,2024-10-05,257864,35.9,0.8159,187785,Desktop,Northeast
CNT0021,2024-10-06,184653,19.0,0.4318,121173,Mobile,Northeast
CNT0021,2024-10-07,128297,21.8,0.4955,96330,Desktop,West
CNT0021,2024-10-08,153337,27.1,0.6159,121755,CTV,Northeast
CNT0021,2024-10-09,157795,22.7,0.5159,95903,Desktop,Midwest
CNT0021,2024-10-10,88153,37.9,0.8614,67598,Mobile,Midwest
CNT0021,2024-10-11,80910,26.3,0.5977,64470,Mobile,Northeast
CNT0021,2024-10-12,29340,32.6,0.7409,25638,Tablet,West
CNT0021,2024-10-13,45050,32.4,0.7364,28575,CTV,West
CNT0021,2024-10-14,78665,32.5,0.7386,50086,Tablet,Southwest
CNT0021,2024-10-15,42216,25.2,0.5727,35897,Desktop,Northeast
CNT0021,2024-10-16,126786,20.8,0.4727,82632,CTV,West
CNT0021,2024-10-17,40540,32.6,0.7409,25405,CTV,Southwest
CNT0021,2024-10-18,108271,21.1,0.4795,86393,Mobile,Northeast
CNT0021,2024-10-19,160302,29.2,0.6636,116549,CTV,Midwest
CNT0021,2024-10-20,87886,20.9,0.475,65682,Tablet,Northeast
CNT0021,2024-10-21,16462,24.4,0.5545,12852,Tablet,West
CNT0021,2024-10-22,11644,26.5,0.6023,8074,CTV,Midwest
CNT0021,2024-10-23,47313,16.8,0.3818,32538,CTV,Northeast
CNT0021,2024-10-24,25632,15.5,0.3523,21745,Tablet,Southwest
CNT0021,2024-10-25,72219,29.5,0.6705,56156,CTV,Southeast
CNT0021,2024-10-26,70677,31.4,0.7136,62320,Mobile,Southwest
CNT0021,2024-10-27,69304,28.0,0.6364,51619,Tablet,Northeast
CNT0021,2024-10-28,47175,31.7,0.7205,29022,CTV,Southwest
CNT0021,2024-10-29,49042,22.3,0.5068,40172,Tablet,Midwest
CNT0021,2024-10-30,65609,31.1,0.7068,50628,Mobile,Southeast
CNT0021,2024-10-31,87557,29.0,0.6591,55231,CTV,Southeast
CNT0021,2024-11-01,92938,32.1,0.7295,69039,CTV,Northeast
CNT0021,2024-11-02,37157,17.9,0.4068,25202,Tablet,Northeast
CNT0021,2024-11-03,21848,29.1,0.6614,14225,CTV,Northeast
CNT0021,2024-11-04,39014,28.8,0.6545,30236,Desktop,Southeast
CNT0021,2024-11-05,24818,16.2,0.3682,19260,Mobile,Northeast
CNT0021,2024-11-06,73084,25.1,0.5705,46693,Tablet,Southeast
CNT0021,2024-11-07,59638,36.5,0.8295,40316,CTV,West
CNT0021,2024-11-08,32235,33.9,0.7705,25532,Tablet,Southwest
CNT0021,2024-11-09,63305,33.1,0.7523,51110,Tablet,West
CNT0021,2024-11-10,31885,16.6,0.3773,19367,Mobile,Northeast
CNT0021,2024-11-11,34214,32.9,0.7477,21620,CTV,West
CNT0021,2024-11-12,5843,26.9,0.6114,4316,Desktop,Southwest
CNT0021,2024-11-13,46929,37.3,0.8477,28571,Desktop,Northeast
CNT0021,2024-11-14,21342,20.8,0.4727,12849,Desktop,Northeast
CNT0021,2024-11-15,11439,37.5,0.8523,9001,CTV,Southwest
CNT0021,2024-11-16,23358,35.4,0.8045,16286,Desktop,Midwest
CNT0021,2024-11-17,41784,30.6,0.6955,26965,Tablet,Midwest
CNT0021,2024-11-18,32502,25.2,0.5727,20696,Mobile,West
CNT0021,2024-11-19,37234,27.9,0.6341,25156,Tablet,Northeast
CNT0021,2024-11-20,39259,34.3,0.7795,29849,Tablet,Southeast
CNT0021,2024-11-21,36523,21.4,0.4864,26055,CTV,Southeast
CNT0021,2024-11-22,28283,34.6,0.7864,20424,Tablet,Southwest
CNT0021,2024-11-23,18281,39.0,0.8864,13146,Tablet,Southeast
CNT0021,2024-11-24,24860,17.9,0.4068,19247,Tablet,Midwest
CNT0021,2024-11-25,7423,19.6,0.4455,4785,Desktop,West
CNT0021,2024-11-26,6645,23.0,0.5227,5661,Tablet,Southeast
CNT0021,2024-11-27,25928,26.0,0.5909,21593,CTV,Midwest
CNT0021,2024-11-28,41215,18.2,0.4136,35353,Tablet,Northeast
CNT0021,2024-11-29,41323,22.9,0.5205,33074,CTV,Midwest
CNT0021,2024-11-30,12169,22.8,0.5182,8184,Tablet,Southwest
CNT0021,2024-12-01,16719,20.6,0.4682,14969,Desktop,West
CNT0021,2024-12-02,3932,36.5,0.8295,2847,Tablet,Southwest
CNT0021,2024-12-03,23439,25.1,0.5705,17892,Tablet,Northeast
CNT0021,2024-12-04,10388,24.9,0.5659,8090,Mobile,Northeast
CNT0021,2024-12-05,1608,22.4,0.5091,1077,Mobile,West
CNT0021,2024-12-06,9076,32.7,0.7432,5674,Desktop,Southwest
CNT0021,2024-12-07,7253,34.1,0.775,4688,CTV,Southeast
CNT0021,2024-12-08,19434,38.9,0.8841,14044,Mobile,Midwest
CNT0021,2024-12-09,3240,16.5,0.375,2217,Tablet,Southeast
CNT0021,2024-12-10,13142,17.8,0.4045,10169,Mobile,Southeast
CNT0021,2024-12-11,17552,19.3,0.4386,13226,Mobile,Northeast
CNT0022,2024-07-19,134655,39.3,0.655,100026,Tablet,Northeast
CNT0022,2024-07-20,454552,32.4,0.54,337924,Desktop,Southwest
CNT0022,2024-07-21,516825,51.6,0.86,406288,Tablet,Southwest
CNT0022,2024-07-22,388103,22.9,0.3817,252885,Mobile,Northeast
CNT0022,2024-07-23,540392,25.2,0.42,372508,Tablet,Midwest
CNT0022,2024-07-24,384766,33.2,0.5533,321697,CTV,Northeast
CNT0022,2024-07-25,375031,23.6,0.3933,250371,Desktop,West
CNT0022,2024-07-26,274503,24.2,0.4033,200535,CTV,Southeast
CNT0022,2024-07-27,437849,36.8,0.6133,396527,Desktop,West
CNT0022,2024-07-28,173649,46.5,0.775,146048,CTV,West
CNT0022,2024-07-29,441181,31.4,0.5233,322665,Tablet,Southwest
CNT0022,2024-07-30,615650,23.4,0.39,482464,Mobile,Southwest
CNT0022,2024-07-31,525208,45.3,0.755,424077,CTV,West
CNT0022,2024-08-01,278106,54.4,0.9067,181697,CTV,Northeast
CNT0022,2024-08-02,206148,43.0,0.7167,124544,CTV,West
CNT0022,2024-08-03,376575,32.9,0.5483,321787,Mobile,Northeast
CNT0022,2024-08-04,243625,28.6,0.4767,222861,Mobile,West
CNT0022,2024-08-05,81545,48.4,0.8067,55243,Tablet,Southwest
CNT0022,2024-08-06,215463,32.3,0.5383,169157,CTV,Midwest
CNT0022,2024-08-07,392495,41.6,0.6933,242565,Tablet,Southeast
CNT0022,2024-08-08,264514,33.2,0.5533,183750,Desktop,Southwest
CNT0022,2024-08-09,101679,32.7,0.545,74708,Mobile,Southwest
CNT0022,2024-08-10,318348,39.7,0.6617,275650,Mobile,West
CNT0022,2024-08-11,178393,55.2,0.92,119470,Mobile,Southeast
CNT0022,2024-08-12,134343,47.6,0.7933,118951,CTV,West
CNT0022,2024-08-13,143341,23.4,0.39,113535,Mobile,Midwest
CNT0022,2024-08-14,233873,51.1,0.8517,145320,Desktop,West
CNT0022,2024-08-15,178860,51.7,0.8617,159091,CTV,Southeast
CNT0022,2024-08-16,215830,27.4,0.4567,185516,CTV,Southwest
CNT0022,2024-08-17,139388,29.0,0.4833,110316,Desktop,Midwest
CNT0022,2024-08-18,35837,49.2,0.82,29797,Desktop,Midwest
CNT0022,2024-08-19,64517,24.2,0.4033,46753,CTV,Southwest
CNT0022,2024-08-20,93325,21.3,0.355,79044,Tablet,Southwest
CNT0022,2024-08-21,112237,38.8,0.6467,93807,CTV,Southwest
CNT0022,2024-08-22,104732,44.8,0.7467,73089,Tablet,Southeast
CNT0022,2024-08-23,132772,30.5,0.5083,110652,Mobile,Northeast
CNT0022,2024-08-24,88098,37.5,0.625,74746,Mobile,Midwest
CNT0022,2024-08-25,101495,53.3,0.8883,90963,Tablet,West
CNT0022,2024-08-26,130317,23.2,0.3867,114776,Mobile,Southwest
CNT0022,2024-08-27,54176,27.6,0.46,39939,CTV,West
CNT0022,2024-08-28,171450,25.7,0.4283,129140,Mobile,Midwest
CNT0022,2024-08-29,13090,45.2,0.7533,8609,Mobile,Southeast
CNT0022,2024-08-30,132941,26.8,0.4467,115966,Desktop,Northeast
CNT0022,2024-08-31,140249,42.1,0.7017,123623,Mobile,Northeast
CNT0022,2024-09-01,78160,44.0,0.7333,53039,Mobile,West
CNT0022,2024-09-02,65272,31.6,0.5267,39464,CTV,Midwest
CNT0022,2024-09-03,58669,30.2,0.5033,40768,Desktop,Southeast
CNT0022,2024-09-04,144601,54.7,0.9117,88186,Desktop,Southeast
CNT0022,2024-09-05,83463,21.3,0.355,66127,Tablet,West
CNT0022,2024-09-06,76584,45.0,0.75,68937,CTV,Southwest
CNT0022,2024-09-07,56471,43.5,0.725,51589,Tablet,Midwest
CNT0022,2024-09-08,8752,42.0,0.7,6864,CTV,Midwest
CNT0022,2024-09-09,78285,33.0,0.55,62527,CTV,Southeast
CNT0022,2024-09-10,56421,22.3,0.3717,39468,Mobile,Midwest
CNT0022,2024-09-11,37057,54.9,0.915,30349,CTV,Southwest
CNT0022,2024-09-12,24362,34.2,0.57,15210,CTV,Northeast
CNT0022,2024-09-13,60742,27.8,0.4633,43896,Desktop,Southeast
CNT0022,2024-09-14,48453,41.3,0.6883,31791,Mobile,Southeast
CNT0022,2024-09-15,59817,34.1,0.5683,43194,Tablet,Southwest
CNT0022,2024-09-16,22018,47.5,0.7917,17225,Mobile,Southeast
CNT0022,2024-09-17,55949,34.1,0.5683,43750,CTV,Northeast
CNT0022,2024-09-18,72886,49.1,0.8183,61980,Mobile,Southwest
CNT0022,2024-09-19,61126,21.6,0.36,48824,Mobile,Midwest
CNT0022,2024-09-20,17167,30.6,0.51,13766,Mobile,Midwest
CNT0022,2024-09-21,3445,33.9,0.565,2809,Mobile,Midwest
CNT0022,2024-09-22,30339,27.5,0.4583,26027,Mobile,Southeast
CNT0022,2024-09-23,22889,28.1,0.4683,16450,Tablet,West
CNT0022,2024-09-24,67578,29.7,0.495,41353,Tablet,Midwest
CNT0022,2024-09-25,29145,27.0,0.45,19810,Mobile,West
CNT0022,2024-09-26,54060,53.3,0.8883,42028,Desktop,Northeast
CNT0022,2024-09-27,23015,30.2,0.5033,16313,CTV,Southwest
CNT0022,2024-09-28,24906,26.6,0.4433,20993,Desktop,Southwest
CNT0022,2024-09-29,21905,51.1,0.8517,19599,CTV,Southeast
CNT0022,2024-09-30,49446,35.6,0.5933,43976,Tablet,Midwest
CNT0022,2024-10-01,13494,28.2,0.47,10691,Tablet,West
CNT0022,2024-10-02,22488,22.5,0.375,16787,Mobile,Northeast
CNT0022,2024-10-03,5190,47.1,0.785,4439,Desktop,Midwest
CNT0022,2024-10-04,9671,39.8,0.6633,8741,Mobile,Midwest
CNT0022,2024-10-05,11237,46.3,0.7717,8937,Tablet,West
CNT0022,2024-10-06,26362,53.9,0.8983,19442,Desktop,West
CNT0022,2024-10-07,2974,35.0,0.5833,1885,CTV,West
CNT0022,2024-10-08,26873,22.8,0.38,23401,Tablet,Northeast
CNT0022,2024-10-09,4374,21.9,0.365,3686,Desktop,West
CNT0022,2024-10-10,4776,32.5,0.5417,3599,Desktop,West
CNT0022,2024-10-11,19070,45.9,0.765,11442,Desktop,Northeast
CNT0022,2024-10-12,17868,45.9,0.765,13135,CTV,Northeast
CNT0022,2024-10-13,12627,37.8,0.63,8758,Mobile,Southeast
CNT0022,2024-10-14,10418,44.7,0.745,9483,Desktop,Southwest
CNT0022,2024-10-15,22014,54.6,0.91,17262,Desktop,Northeast
CNT0022,2024-10-16,11738,32.1,0.535,10458,Desktop,West
CNT0023,2024-10-10,363940,36.9,0.8386,285516,Mobile,West
CNT0023,2024-10-11,291782,23.2,0.5273,187740,Desktop,Southeast
CNT0023,2024-10-12,544146,26.3,0.5977,408610,Mobile,Midwest
CNT0023,2024-10-13,293647,18.5,0.4205,266299,Mobile,Midwest
CNT0023,2024-10-14,103210,40.0,0.9091,84466,Mobile,Southwest
CNT0023,2024-10-15,191722,37.3,0.8477,176322,Tablet,Southeast
CNT0023,2024-10-16,399280,37.3,0.8477,278008,CTV,West
CNT0023,2024-10-17,287627,28.4,0.6455,199039,Mobile,West
CNT0023,2024-10-18,486166,37.2,0.8455,396116,Mobile,Midwest
CNT0023,2024-10-19,257420,24.2,0.55,156012,CTV,Northeast
CNT0023,2024-10-20,91267,36.7,0.8341,58886,Tablet,Southwest
CNT0023,2024-10-21,216380,17.5,0.3977,185672,Mobile,Northeast
CNT0023,2024-10-22,168375,31.5,0.7159,128165,Desktop,Southeast
CNT0023,2024-10-23,525765,27.7,0.6295,374391,Tablet,West
CNT0023,2024-10-24,66633,37.8,0.8591,48237,Tablet,Southeast
CNT0023,2024-10-25,71830,39.1,0.8886,60276,Mobile,Midwest
CNT0023,2024-10-26,183395,32.5,0.7386,122436,Desktop,West
CNT0023,2024-10-27,305713,35.0,0.7955,220359,Mobile,Southeast
CNT0023,2024-10-28,103851,28.9,0.6568,84717,Mobile,Southeast
CNT0023,2024-10-29,187911,24.7,0.5614,153613,CTV,West
CNT0023,2024-10-30,436450,36.5,0.8295,387871,Tablet,Southeast
CNT0023,2024-10-31,72291,37.6,0.8545,50348,Desktop,West
CNT0023,2024-11-01,221803,37.6,0.8545,145365,Tablet,Southeast
CNT0023,2024-11-02,175623,21.5,0.4886,127427,Desktop,Northeast
CNT0023,2024-11-03,255247,30.8,0.7,227434,Tablet,West
CNT0023,2024-11-04,100833,35.1,0.7977,91675,Desktop,Southwest
CNT0023,2024-11-05,126339,32.6,0.7409,102084,Desktop,Southwest
CNT0023,2024-11-06,288502,23.8,0.5409,227333,Mobile,West
CNT0023,2024-11-07,186911,35.1,0.7977,164671,CTV,Southeast
CNT0023,2024-11-08,136994,25.2,0.5727,100603,Tablet,Midwest
CNT0023,2024-11-09,24097,22.0,0.5,15617,Tablet,West
CNT0023,2024-11-10,211541,24.3,0.5523,147782,Tablet,Midwest
CNT0023,2024-11-11,65537,22.9,0.5205,40916,Tablet,Southeast
CNT0023,2024-11-12,206094,34.9,0.7932,127573,CTV,Northeast
CNT0023,2024-11-13,117461,33.4,0.7591,91938,Desktop,Northeast
CNT0023,2024-11-14,124071,24.7,0.5614,88619,Mobile,Southeast
CNT0023,2024-11-15,87657,33.5,0.7614,62226,Desktop,West
CNT0023,2024-11-16,100911,21.6,0.4909,91347,Mobile,Southeast
CNT0023,2024-11-17,120720,26.2,0.5955,73663,CTV,Northeast
CNT0023,2024-11-18,64060,27.1,0.6159,55972,CTV,Northeast
CNT0023,2024-11-19,28142,33.8,0.7682,24224,Desktop,West
CNT0023,2024-11-20,21014,17.4,0.3955,17244,Tablet,Midwest
CNT0023,2024-11-21,32243,17.6,0.4,20396,Desktop,Southwest
CNT0023,2024-11-22,51427,34.2,0.7773,38225,Desktop,West
CNT0023,2024-11-23,84297,17.3,0.3932,70274,Tablet,West
CNT0023,2024-11-24,58474,38.6,0.8773,44640,Tablet,Southwest
CNT0023,2024-11-25,69261,32.2,0.7318,47777,Tablet,Southwest
CNT0023,2024-11-26,78644,25.4,0.5773,63566,Tablet,Southwest
CNT0023,2024-11-27,25672,33.2,0.7545,15533,Desktop,Southeast
CNT0023,2024-11-28,73767,25.5,0.5795,67345,Desktop,Northeast
CNT0023,2024-11-29,86204,31.5,0.7159,53592,Mobile,Southeast
CNT0023,2024-11-30,72075,21.2,0.4818,60081,Mobile,West
CNT0023,2024-12-01,71016,38.2,0.8682,62047,Desktop,Midwest
CNT0023,2024-12-02,64401,32.5,0.7386,51482,Tablet,Southeast
CNT0023,2024-12-03,24353,17.1,0.3886,15038,CTV,Southeast
CNT0023,2024-12-04,19091,28.7,0.6523,13752,Desktop,West
CNT0023,2024-12-05,28594,26.7,0.6068,19385,CTV,Midwest
CNT0023,2024-12-06,41686,33.8,0.7682,31685,Mobile,Midwest
CNT0023,2024-12-07,55195,22.9,0.5205,38458,Mobile,Northeast
CNT0023,2024-12-08,15404,23.6,0.5364,10536,CTV,Northeast
CNT0023,2024-12-09,60163,19.6,0.4455,49997,Tablet,Southeast
CNT0023,2024-12-10,44261,40.3,0.9159,34166,Tablet,West
CNT0023,2024-12-11,30733,38.6,0.8773,26942,Tablet,Midwest
CNT0023,2024-12-12,8760,20.5,0.4659,7973,Desktop,Northeast
CNT0023,2024-12-13,46535,32.3,0.7341,28049,Desktop,Southwest
CNT0023,2024-12-14,30173,20.3,0.4614,26800,Tablet,Midwest
CNT0023,2024-12-15,37445,35.8,0.8136,26651,Desktop,Southeast
CNT0023,2024-12-16,91221,18.4,0.4182,70798,Desktop,Midwest
CNT0023,2024-12-17,51623,35.6,0.8091,31930,Desktop,Northeast
CNT0023,2024-12-18,13678,39.8,0.9045,10631,Tablet,Midwest
CNT0023,2024-12-19,30741,35.7,0.8114,26702,CTV,West
CNT0023,2024-12-20,29333,24.1,0.5477,23427,Mobile,Southwest
CNT0023,2024-12-21,13360,39.0,0.8864,8431,Mobile,Midwest
CNT0023,2024-12-22,34776,34.5,0.7841,27230,CTV,Northeast
CNT0023,2024-12-23,14592,39.5,0.8977,9058,Desktop,West
CNT0023,2024-12-24,14648,21.9,0.4977,12086,Mobile,Midwest
CNT0023,2024-12-25,13188,18.0,0.4091,10479,Desktop,Southwest
CNT0023,2024-12-26,30474,34.1,0.775,20645,CTV,Southwest
CNT0023,2024-12-27,8096,19.7,0.4477,6191,Mobile,West
CNT0023,2024-12-28,12771,22.8,0.5182,11709,Desktop,West
CNT0023,2024-12-29,7179,20.3,0.4614,4500,Desktop,Midwest
CNT0023,2024-12-30,11417,36.7,0.8341,10329,Desktop,Southeast
CNT0023,2024-12-31,2335,20.2,0.4591,2005,Desktop,Northeast
CNT0024,2024-12-28,573545,36.1,0.6017,360269,CTV,Northeast
CNT0024,2024-12-29,853594,55.2,0.92,714397,Desktop,Southwest
CNT0024,2024-12-30,484852,31.4,0.5233,410076,Desktop,West
CNT0024,2024-12-31,389509,46.4,0.7733,321942,Mobile,Midwest
CNT0025,2024-10-24,386644,54.8,0.9133,269546,Mobile,Southwest
CNT0025,2024-10-25,667925,24.4,0.4067,487662,Desktop,Midwest
CNT0025,2024-10-26,172429,22.9,0.3817,120385,CTV,Southwest
CNT0025,2024-10-27,141721,21.8,0.3633,129099,Tablet,West
CNT0025,2024-10-28,726831,42.1,0.7017,440115,Mobile,Southeast
CNT0025,2024-10-29,365412,29.6,0.4933,312799,CTV,West
CNT0025,2024-10-30,488265,25.8,0.43,421740,Mobile,Southeast
CNT0025,2024-10-31,537694,23.9,0.3983,462081,Desktop,West
CNT0025,2024-11-01,109416,43.2,0.72,78990,Tablet,Southeast
CNT0025,2024-11-02,63631,39.1,0.6517,51035,Tablet,Southwest
CNT0025,2024-11-03,564535,24.0,0.4,339422,Desktop,Southwest
CNT0025,2024-11-04,193986,25.8,0.43,166030,Desktop,West
CNT0025,2024-11-05,129005,47.0,0.7833,100160,Tablet,Northeast
CNT0025,2024-11-06,498348,27.9,0.465,322254,CTV,West
CNT0025,2024-11-07,160834,40.1,0.6683,128187,Mobile,Midwest
CNT0025,2024-11-08,157462,40.0,0.6667,141805,Mobile,Southwest
CNT0025,2024-11-09,258977,24.0,0.4,183121,CTV,Midwest
CNT0025,2024-11-10,301325,55.1,0.9183,266090,CTV,Southeast
CNT0025,2024-11-11,407851,53.4,0.89,296841,Tablet,Northeast
CNT0025,2024-11-12,155295,39.9,0.665,101799,Mobile,Midwest
CNT0025,2024-11-13,31986,35.3,0.5883,22862,Desktop,West
CNT0025,2024-11-14,145143,36.4,0.6067,124458,Desktop,Northeast
CNT0025,2024-11-15,263427,21.8,0.3633,231446,Desktop,West
CNT0025,2024-11-16,203614,53.9,0.8983,139082,CTV,Northeast
CNT0025,2024-11-17,163616,32.3,0.5383,142201,Tablet,Southeast
CNT0025,2024-11-18,125830,38.6,0.6433,95314,Tablet,West
CNT0025,2024-11-19,182970,35.6,0.5933,167309,Mobile,Northeast
CNT0025,2024-11-20,80451,34.3,0.5717,72958,Tablet,Southeast
CNT0025,2024-11-21,61420,49.8,0.83,37304,CTV,Northeast
CNT0025,2024-11-22,73356,40.0,0.6667,44227,Desktop,West
CNT0025,2024-11-23,216212,30.5,0.5083,181841,CTV,Southwest
CNT0025,2024-11-24,253924,21.5,0.3583,193708,Mobile,Midwest
CNT0025,2024-11-25,32826,47.0,0.7833,27366,Desktop,Southeast
CNT0025,2024-11-26,121958,26.8,0.4467,101205,Desktop,Midwest
CNT0025,2024-11-27,32047,41.1,0.685,26955,Desktop,West
CNT0025,2024-11-28,163875,46.0,0.7667,148511,Mobile,Midwest
CNT0025,2024-11-29,98450,25.4,0.4233,66611,Desktop,Northeast
CNT0025,2024-11-30,112908,37.2,0.62,90854,Desktop,Southeast
CNT0025,2024-12-01,33947,43.5,0.725,24646,CTV,Southwest
CNT0025,2024-12-02,60904,50.6,0.8433,51337,Tablet,Southwest
CNT0025,2024-12-03,122524,49.5,0.825,86520,Mobile,Southwest
CNT0025,2024-12-04,40632,33.6,0.56,33006,Mobile,Southeast
CNT0025,2024-12-05,103940,52.0,0.8667,86208,CTV,Northeast
CNT0025,2024-12-06,110737,28.5,0.475,75140,Mobile,Northeast
CNT0025,2024-12-07,106493,51.7,0.8617,81419,Tablet,Southwest
CNT0025,2024-12-08,59405,44.3,0.7383,51455,Tablet,West
CNT0025,2024-12-09,101607,37.9,0.6317,61564,Tablet,Midwest
CNT0025,2024-12-10,66348,48.4,0.8067,44454,Desktop,Midwest
CNT0025,2024-12-11,111200,32.1,0.535,87175,Desktop,Southeast
CNT0025,2024-12-12,23058,28.9,0.4817,18528,CTV,West
CNT0025,2024-12-13,52140,51.7,0.8617,42691,Desktop,Southwest
CNT0025,2024-12-14,100957,26.4,0.44,76822,Tablet,Midwest
CNT0025,2024-12-15,88768,45.2,0.7533,80682,CTV,Northeast
CNT0025,2024-12-16,98278,42.8,0.7133,89495,Tablet,Southeast
CNT0025,2024-12-17,72785,36.2,0.6033,61386,CTV,Southwest
CNT0025,2024-12-18,87526,37.9,0.6317,59718,Mobile,Midwest
CNT0025,2024-12-19,101544,34.9,0.5817,86503,CTV,Midwest
CNT0025,2024-12-20,87461,35.9,0.5983,77293,Tablet,West
CNT0025,2024-12-21,36551,41.5,0.6917,24709,CTV,Northeast
CNT0025,2024-12-22,55892,53.7,0.895,39812,Mobile,Northeast
CNT0025,2024-12-23,10162,34.5,0.575,6720,CTV,Northeast
CNT0025,2024-12-24,29891,40.7,0.6783,24173,Mobile,Southeast
CNT0025,2024-12-25,26700,25.9,0.4317,20499,Mobile,Midwest
CNT0025,2024-12-26,70358,41.5,0.6917,53012,Tablet,Southwest
CNT0025,2024-12-27,7134,40.4,0.6733,5467,Desktop,West
CNT0025,2024-12-28,69976,44.7,0.745,63368,CTV,Midwest
CNT0025,2024-12-29,3616,48.1,0.8017,2397,Desktop,Southwest
CNT0025,2024-12-30,3569,23.5,0.3917,3117,Mobile,West
CNT0025,2024-12-31,15049,33.8,0.5633,13272,Tablet,West
CNT0026,2024-09-08,721242,36.9,0.41,512582,Desktop,Midwest
CNT0026,2024-09-09,615702,76.7,0.8522,437404,Mobile,West
CNT0026,2024-09-10,83481,63.1,0.7011,61773,Desktop,West
CNT0026,2024-09-11,445569,67.4,0.7489,338029,CTV,Midwest
CNT0026,2024-09-12,217417,51.8,0.5756,178926,Desktop,Southwest
CNT0026,2024-09-13,557945,34.7,0.3856,441767,Mobile,Southwest
CNT0026,2024-09-14,285671,52.5,0.5833,238947,Mobile,Southwest
CNT0026,2024-09-15,480156,69.4,0.7711,314323,CTV,Midwest
CNT0026,2024-09-16,383188,68.6,0.7622,334114,Mobile,Southwest
CNT0026,2024-09-17,139654,75.7,0.8411,113894,Tablet,Midwest
CNT0026,2024-09-18,198814,59.7,0.6633,124972,Mobile,West
CNT0026,2024-09-19,169629,52.9,0.5878,113585,Desktop,West
CNT0026,2024-09-20,267807,64.4,0.7156,183565,Tablet,Northeast
CNT0026,2024-09-21,318898,60.3,0.67,270605,CTV,West
CNT0026,2024-09-22,234739,35.7,0.3967,199530,CTV,Southwest
CNT0026,2024-09-23,315463,34.8,0.3867,238063,Desktop,Northeast
CNT0026,2024-09-24,133685,60.9,0.6767,109642,Desktop,Northeast
CNT0026,2024-09-25,256395,62.5,0.6944,167391,Mobile,Northeast
CNT0026,2024-09-26,262814,78.6,0.8733,209823,Mobile,Southwest
CNT0026,2024-09-27,267725,70.5,0.7833,204957,Desktop,Southwest
CNT0026,2024-09-28,253772,45.5,0.5056,188395,Desktop,West
CNT0026,2024-09-29,146693,61.4,0.6822,89738,CTV,Midwest
CNT0026,2024-09-30,227373,47.0,0.5222,181007,Mobile,Midwest
CNT0026,2024-10-01,128629,82.0,0.9111,94955,Tablet,West
CNT0026,2024-10-02,64868,48.8,0.5422,47442,Mobile,Southeast
CNT0026,2024-10-03,21948,74.1,0.8233,15034,CTV,West
CNT0026,2024-10-04,166456,80.1,0.89,136836,Desktop,Northeast
CNT0026,2024-10-05,175191,42.3,0.47,138400,Tablet,Northeast
CNT0026,2024-10-06,29893,65.6,0.7289,18986,Desktop,Midwest
CNT0026,2024-10-07,199843,54.8,0.6089,134532,Desktop,Southwest
CNT0026,2024-10-08,129292,43.8,0.4867,80544,Desktop,Southwest
CNT0026,2024-10-09,135009,38.3,0.4256,96229,Desktop,West
CNT0026,2024-10-10,170606,48.8,0.5422,116261,Mobile,Midwest
CNT0026,2024-10-11,96510,64.8,0.72,80488,Tablet,Midwest
CNT0026,2024-10-12,30196,51.7,0.5744,21294,Desktop,West
CNT0026,2024-10-13,49137,63.3,0.7033,34420,Mobile,Southeast
CNT0026,2024-10-14,118525,50.3,0.5589,85257,CTV,Southwest
CNT0026,2024-10-15,92521,56.4,0.6267,73211,Tablet,Midwest
CNT0026,2024-10-16,136519,36.5,0.4056,99769,CTV,Southeast
CNT0026,2024-10-17,118063,71.2,0.7911,80754,CTV,Southeast
CNT0026,2024-10-18,134466,40.1,0.4456,89862,Desktop,West
CNT0026,2024-10-19,12150,46.9,0.5211,9097,Desktop,West
CNT0026,2024-10-20,136521,82.7,0.9189,101335,CTV,Midwest
CNT0026,2024-10-21,92729,65.8,0.7311,70151,Mobile,Midwest
CNT0026,2024-10-22,31493,60.0,0.6667,26087,Desktop,Northeast
CNT0026,2024-10-23,119692,68.1,0.7567,90939,Desktop,Midwest
CNT0026,2024-10-24,150161,70.8,0.7867,91878,Tablet,Northeast
CNT0026,2024-10-25,45127,62.7,0.6967,32683,CTV,Northeast
CNT0026,2024-10-26,73322,49.3,0.5478,59896,CTV,Northeast
CNT0026,2024-10-27,64277,70.0,0.7778,57903,Tablet,Southwest
CNT0026,2024-10-28,70358,45.3,0.5033,42967,Tablet,Southwest
CNT0026,2024-10-29,34038,79.9,0.8878,23827,CTV,West
CNT0026,2024-10-30,68530,39.5,0.4389,57548,Desktop,Southwest
CNT0026,2024-10-31,35638,65.6,0.7289,30171,Tablet,West
CNT0026,2024-11-01,49786,66.2,0.7356,35494,Mobile,West
CNT0026,2024-11-02,64863,82.8,0.92,46556,Desktop,Southwest
CNT0026,2024-11-03,88376,52.4,0.5822,66856,Tablet,Southeast
CNT0026,2024-11-04,24603,58.9,0.6544,16449,CTV,Southeast
CNT0026,2024-11-05,32691,72.6,0.8067,28195,Mobile,Southwest
CNT0026,2024-11-06,4611,35.3,0.3922,3046,Tablet,Midwest
CNT0026,2024-11-07,20138,56.8,0.6311,14078,Mobile,West
CNT0026,2024-11-08,34157,75.2,0.8356,30581,Desktop,West
CNT0026,2024-11-09,58000,71.1,0.79,45337,Tablet,Northeast
CNT0026,2024-11-10,68658,45.2,0.5022,62358,Mobile,Northeast
CNT0026,2024-11-11,46461,34.1,0.3789,34660,Mobile,Midwest
CNT0026,2024-11-12,47903,53.9,0.5989,34333,Mobile,West
CNT0026,2024-11-13,4286,57.9,0.6433,3907,Desktop,Southeast
CNT0026,2024-11-14,58340,52.8,0.5867,51748,Tablet,Southwest
CNT0026,2024-11-15,20003,67.8,0.7533,17122,Mobile,Southwest
CNT0026,2024-11-16,21088,51.5,0.5722,18989,CTV,Northeast
CNT0026,2024-11-17,14714,66.0,0.7333,13334,Mobile,Northeast
CNT0026,2024-11-18,22954,63.6,0.7067,14994,Mobile,West
CNT0026,2024-11-19,4578,78.9,0.8767,3604,Mobile,Midwest
CNT0026,2024-11-20,43224,75.9,0.8433,31388,Desktop,West
CNT0026,2024-11-21,22100,63.8,0.7089,15189,Desktop,Southeast
CNT0026,2024-11-22,11486,50.7,0.5633,9901,Desktop,Midwest
CNT0026,2024-11-23,6409,37.1,0.4122,4045,Desktop,Northeast
CNT0026,2024-11-24,11799,51.1,0.5678,8779,CTV,Midwest
CNT0026,2024-11-25,9817,34.5,0.3833,7626,CTV,Southwest
CNT0026,2024-11-26,14175,54.3,0.6033,12819,Tablet,Southwest
CNT0026,2024-11-27,11350,71.5,0.7944,8760,Desktop,West
CNT0026,2024-11-28,4512,44.8,0.4978,3675,Mobile,Northeast
CNT0026,2024-11-29,4918,44.9,0.4989,3772,Mobile,Southeast
CNT0026,2024-11-30,14949,45.2,0.5022,9254,CTV,Northeast
CNT0026,2024-12-01,9149,54.2,0.6022,7075,Tablet,Northeast
CNT0026,2024-12-02,8185,31.6,0.3511,6172,Tablet,Midwest
CNT0026,2024-12-03,14299,78.1,0.8678,8790,CTV,West
CNT0026,2024-12-04,27419,65.6,0.7289,20272,Mobile,West
CNT0026,2024-12-05,9965,38.9,0.4322,7904,CTV,West
CNT0026,2024-12-06,12602,65.1,0.7233,10339,CTV,West
CNT0027,2024-11-12,245425,39.4,0.8955,186443,CTV,Midwest
CNT0027,2024-11-13,655704,28.5,0.6477,501722,CTV,Midwest
CNT0027,2024-11-14,137320,28.0,0.6364,118157,Mobile,Northeast
CNT0027,2024-11-15,293063,37.6,0.8545,238791,Tablet,Midwest
CNT0027,2024-11-16,784205,23.6,0.5364,571053,Tablet,West
CNT0027,2024-11-17,260186,18.1,0.4114,207139,Tablet,Northeast
CNT0027,2024-11-18,329611,33.4,0.7591,269984,Mobile,Southwest
CNT0027,2024-11-19,606518,15.9,0.3614,516195,Desktop,Southwest
CNT0027,2024-11-20,57379,39.6,0.9,47635,Tablet,Northeast
CNT0027,2024-11-21,125455,22.9,0.5205,88773,CTV,Southwest
CNT0027,2024-11-22,375065,32.5,0.7386,239847,CTV,Midwest
CNT0027,2024-11-23,447476,29.8,0.6773,295381,Mobile,Southwest
CNT0027,2024-11-24,346736,27.1,0.6159,209237,Desktop,Southeast
CNT0027,2024-11-25,96287,39.5,0.8977,86189,CTV,Southwest
CNT0027,2024-11-26,153976,31.4,0.7136,111994,Mobile,Midwest
CNT0027,2024-11-27,103237,25.5,0.5795,62056,Mobile,Northeast
CNT0027,2024-11-28,104288,29.7,0.675,93582,CTV,Southwest
CNT0027,2024-11-29,368866,28.2,0.6409,264620,Desktop,Southwest
CNT0027,2024-11-30,46099,19.0,0.4318,40095,Mobile,Southeast
CNT0027,2024-12-01,255694,29.1,0.6614,215274,Desktop,Southeast
CNT0027,2024-12-02,275740,36.4,0.8273,221807,CTV,West
CNT0027,2024-12-03,166401,26.7,0.6068,146986,Desktop,Northeast
CNT0027,2024-12-04,205597,23.2,0.5273,183772,Tablet,Southwest
CNT0027,2024-12-05,141901,34.7,0.7886,117199,CTV,Northeast
CNT0027,2024-12-06,122177,33.8,0.7682,85201,CTV,Southeast
CNT0027,2024-12-07,231979,21.5,0.4886,145629,Desktop,Midwest
CNT0027,2024-12-08,218849,39.3,0.8932,172131,Tablet,Southwest
CNT0027,2024-12-09,246063,15.7,0.3568,165003,Tablet,Northeast
CNT0027,2024-12-10,184322,38.7,0.8795,115397,Tablet,Northeast
CNT0027,2024-12-11,83316,16.2,0.3682,60942,Tablet,Northeast
CNT0027,2024-12-12,197957,23.0,0.5227,126981,Tablet,Northeast
CNT0027,2024-12-13,125546,17.7,0.4023,91082,Mobile,Southwest
CNT0027,2024-12-14,111587,23.4,0.5318,75488,Tablet,Southwest
CNT0027,2024-12-15,77634,18.3,0.4159,60426,Tablet,West
CNT0027,2024-12-16,105277,37.1,0.8432,77840,CTV,Northeast
CNT0027,2024-12-17,128139,22.4,0.5091,89601,Tablet,Southeast
CNT0027,2024-12-18,26743,31.4,0.7136,20088,Mobile,Northeast
CNT0027,2024-12-19,45150,21.1,0.4795,30907,Tablet,West
CNT0027,2024-12-20,56126,38.3,0.8705,51341,Desktop,Midwest
CNT0027,2024-12-21,39382,34.9,0.7932,27437,Desktop,Southwest
CNT0027,2024-12-22,15664,30.1,0.6841,12911,Tablet,Southeast
CNT0027,2024-12-23,32584,29.0,0.6591,29881,Tablet,Northeast
CNT0027,2024-12-24,99981,36.6,0.8318,65177,CTV,West
CNT0027,2024-12-25,129597,34.9,0.7932,101963,Desktop,Southwest
CNT0027,2024-12-26,56144,35.5,0.8068,41116,CTV,Northeast
CNT0027,2024-12-27,20576,16.7,0.3795,18622,Tablet,West
CNT0027,2024-12-28,64145,37.5,0.8523,45918,Desktop,West
CNT0027,2024-12-29,60650,27.0,0.6136,46321,Tablet,Southeast
CNT0027,2024-12-30,36722,25.1,0.5705,28809,Desktop,Southwest
CNT0027,2024-12-31,29797,22.1,0.5023,27308,CTV,Southeast
CNT0028,2024-07-13,807863,21.4,0.3567,615907,Tablet,Southwest
CNT0028,2024-07-14,262657,46.4,0.7733,158553,Tablet,West
CNT0028,2024-07-15,557597,45.9,0.765,367031,Tablet,Northeast
CNT0028,2024-07-16,316350,38.8,0.6467,284106,Tablet,Northeast
CNT0028,2024-07-17,332456,47.2,0.7867,246587,Tablet,West
CNT0028,2024-07-18,410592,41.4,0.69,307896,Mobile,Southwest
CNT0028,2024-07-19,477594,51.5,0.8583,348646,Tablet,Southeast
CNT0028,2024-07-20,429178,37.0,0.6167,282740,Tablet,Northeast
CNT0028,2024-07-21,585455,47.9,0.7983,361609,Tablet,Southeast
CNT0028,2024-07-22,297378,25.2,0.42,231136,Tablet,Southeast
CNT0028,2024-07-23,120968,43.6,0.7267,73838,Mobile,Midwest
CNT0028,2024-07-24,171702,26.6,0.4433,113603,Mobile,Northeast
CNT0028,2024-07-25,123333,28.4,0.4733,97260,Mobile,Midwest
CNT0028,2024-07-26,201770,34.0,0.5667,171907,CTV,West
CNT0028,2024-07-27,520918,54.7,0.9117,355656,Mobile,Northeast
CNT0028,2024-07-28,325684,41.9,0.6983,263607,Mobile,Midwest
CNT0028,2024-07-29,366402,39.4,0.6567,265777,Mobile,Southwest
CNT0028,2024-07-30,200543,24.1,0.4017,152787,Mobile,West
CNT0028,2024-07-31,66662,22.1,0.3683,48157,Desktop,Midwest
CNT0028,2024-08-01,235219,51.3,0.855,182957,Desktop,Southwest
CNT0028,2024-08-02,230266,47.7,0.795,163259,CTV,Northeast
CNT0028,2024-08-03,250634,42.6,0.71,211709,CTV,Midwest
CNT0028,2024-08-04,84001,33.4,0.5567,76288,Mobile,Southwest
CNT0028,2024-08-05,22812,32.1,0.535,20800,Tablet,Midwest
CNT0028,2024-08-06,75089,33.5,0.5583,64293,Tablet,Southwest
CNT0028,2024-08-07,197751,39.8,0.6633,158994,Tablet,Southwest
CNT0028,2024-08-08,222261,21.9,0.365,146189,Mobile,Southwest
CNT0028,2024-08-09,43993,26.8,0.4467,29902,CTV,West
CNT0028,2024-08-10,21257,51.8,0.8633,13387,Desktop,Southwest
CNT0028,2024-08-11,75505,54.0,0.9,67592,Mobile,Southwest
CNT0028,2024-08-12,136484,40.4,0.6733,115814,Mobile,Southwest
CNT0028,2024-08-13,150614,27.9,0.465,128808,CTV,Midwest
CNT0028,2024-08-14,51465,48.6,0.81,40223,Tablet,Southeast
CNT0028,2024-08-15,134965,49.0,0.8167,101445,Tablet,Midwest
CNT0028,2024-08-16,95352,24.9,0.415,57465,Mobile,Southeast
CNT0028,2024-08-17,140662,40.0,0.6667,84695,CTV,Northeast
CNT0028,2024-08-18,76037,23.7,0.395,46627,Tablet,Midwest
CNT0028,2024-08-19,94959,44.4,0.74,61535,CTV,Southeast
CNT0028,2024-08-20,147977,26.4,0.44,122089,CTV,Northeast
CNT0028,2024-08-21,145634,33.3,0.555,104463,Desktop,Northeast
CNT0028,2024-08-22,91336,30.4,0.5067,69365,Mobile,Northeast
CNT0028,2024-08-23,19528,50.7,0.845,13398,Tablet,Southeast
CNT0028,2024-08-24,105734,31.9,0.5317,88468,CTV,Midwest
CNT0028,2024-08-25,24602,34.9,0.5817,20118,Tablet,Midwest
CNT0028,2024-08-26,72515,26.8,0.4467,44687,Tablet,Northeast
CNT0028,2024-08-27,106077,39.3,0.655,89681,Desktop,Southwest
CNT0028,2024-08-28,33112,27.9,0.465,25937,Desktop,Southwest
CNT0028,2024-08-29,66998,25.8,0.43,45299,Mobile,West
CNT0028,2024-08-30,71469,45.2,0.7533,43120,CTV,Northeast
CNT0028,2024-08-31,32589,32.5,0.5417,29750,Mobile,Southeast
CNT0028,2024-09-01,17087,34.7,0.5783,10664,Desktop,Southwest
CNT0028,2024-09-02,72892,24.4,0.4067,58529,CTV,Northeast
CNT0028,2024-09-03,25438,22.5,0.375,16132,Tablet,West
CNT0028,2024-09-04,76676,54.6,0.91,69939,Mobile,Northeast
CNT0028,2024-09-05,78233,25.4,0.4233,48782,Mobile,Northeast
CNT0028,2024-09-06,24351,50.0,0.8333,15816,Desktop,Southeast
CNT0028,2024-09-07,38223,28.8,0.48,24761,Tablet,Northeast
CNT0028,2024-09-08,28947,40.7,0.6783,25251,Tablet,Southwest
CNT0028,2024-09-09,38016,38.3,0.6383,30028,CTV,Midwest
CNT0028,2024-09-10,70480,54.0,0.9,56533,Desktop,Midwest
CNT0028,2024-09-11,14943,23.6,0.3933,12993,Tablet,Northeast
CNT0028,2024-09-12,31199,41.6,0.6933,28439,Tablet,Midwest
CNT0028,2024-09-13,39138,31.4,0.5233,34243,Desktop,Southeast
CNT0028,2024-09-14,29480,40.2,0.67,22100,Mobile,Southwest
CNT0028,2024-09-15,37889,26.4,0.44,24313,CTV,Southwest
CNT0028,2024-09-16,42967,29.1,0.485,26743,Desktop,Southwest
CNT0028,2024-09-17,46979,45.9,0.765,31729,Tablet,West
CNT0028,2024-09-18,31380,26.9,0.4483,26374,Desktop,Southeast
CNT0028,2024-09-19,48269,31.5,0.525,38687,Desktop,Midwest
CNT0028,2024-09-20,60354,51.7,0.8617,46233,Mobile,Southwest
CNT0028,2024-09-21,28724,33.4,0.5567,18248,Tablet,Midwest
CNT0028,2024-09-22,13931,51.6,0.86,12221,CTV,Southeast
CNT0028,2024-09-23,41615,52.3,0.8717,25593,Mobile,Midwest
CNT0028,2024-09-24,48892,43.1,0.7183,39359,Mobile,Midwest
CNT0028,2024-09-25,28398,40.9,0.6817,20844,CTV,Northeast
CNT0028,2024-09-26,5899,40.4,0.6733,3557,CTV,West
CNT0028,2024-09-27,37491,33.1,0.5517,25230,Tablet,Southeast
CNT0028,2024-09-28,17067,51.1,0.8517,12454,Mobile,Southeast
CNT0028,2024-09-29,18853,30.0,0.5,12239,CTV,Southeast
CNT0028,2024-09-30,16306,47.7,0.795,10988,CTV,Midwest
CNT0028,2024-10-01,31110,54.3,0.905,27748,Desktop,Southeast
CNT0028,2024-10-02,15958,29.3,0.4883,14396,CTV,West
CNT0028,2024-10-03,8582,49.0,0.8167,6236,CTV,Midwest
CNT0028,2024-10-04,28246,53.8,0.8967,19914,CTV,Northeast
CNT0028,2024-10-05,24476,23.2,0.3867,16768,Mobile,Southeast
CNT0028,2024-10-06,10775,41.9,0.6983,9861,Desktop,West
CNT0028,2024-10-07,12470,26.6,0.4433,9777,Mobile,Midwest
CNT0028,2024-10-08,19078,35.3,0.5883,13983,Tablet,West
CNT0028,2024-10-09,4125,54.6,0.91,2803,CTV,Southeast
CNT0028,2024-10-10,4876,35.7,0.595,4349,Desktop,West
CNT0029,2024-08-02,344185,52.2,0.58,207678,Mobile,Southeast
CNT0029,2024-08-03,674061,60.4,0.6711,528388,CTV,West
CNT0029,2024-08-04,269581,74.7,0.83,196822,Desktop,Midwest
CNT0029,2024-08-05,192735,54.7,0.6078,145793,Desktop,Midwest
CNT0029,2024-08-06,381094,65.3,0.7256,235058,Desktop,Southeast
CNT0029,2024-08-07,497340,44.3,0.4922,362151,Tablet,Southwest
CNT0029,2024-08-08,181693,68.6,0.7622,152617,Tablet,West
CNT0029,2024-08-09,353258,73.1,0.8122,242209,Mobile,Southwest
CNT0029,2024-08-10,200884,47.2,0.5244,135392,Tablet,Southwest
CNT0029,2024-08-11,57760,45.7,0.5078,50434,Mobile,Midwest
CNT0029,2024-08-12,147528,57.8,0.6422,114856,Mobile,Midwest
CNT0029,2024-08-13,350979,41.7,0.4633,303496,CTV,Southeast
CNT0029,2024-08-14,194479,32.5,0.3611,146646,Desktop,Midwest
CNT0029,2024-08-15,153066,63.8,0.7089,132898,Mobile,Northeast
CNT0029,2024-08-16,149401,82.1,0.9122,109868,CTV,Southeast
CNT0029,2024-08-17,106863,46.5,0.5167,80383,Desktop,Northeast
CNT0029,2024-08-18,514524,60.7,0.6744,370343,Tablet,Southeast
CNT0029,2024-08-19,48990,43.9,0.4878,34831,Desktop,Northeast
CNT0029,2024-08-20,168069,34.0,0.3778,114208,Mobile,Midwest
CNT0029,2024-08-21,86151,73.5,0.8167,65129,CTV,Midwest
CNT0029,2024-08-22,162085,48.1,0.5344,141815,CTV,Southwest
CNT0029,2024-08-23,107806,64.0,0.7111,88772,Desktop,Southeast
CNT0029,2024-08-24,93726,77.4,0.86,80763,Desktop,Midwest
CNT0029,2024-08-25,233370,47.2,0.5244,145898,Mobile,Midwest
CNT0029,2024-08-26,193468,75.4,0.8378,124227,Mobile,Southwest
CNT0029,2024-08-27,28450,79.8,0.8867,24086,CTV,Southwest
CNT0029,2024-08-28,52771,74.8,0.8311,45548,Desktop,Northeast
CNT0029,2024-08-29,133236,68.2,0.7578,89458,Desktop,Southwest
CNT0029,2024-08-30,137467,79.3,0.8811,125330,Tablet,Northeast
CNT0029,2024-08-31,114245,67.0,0.7444,99925,Desktop,Midwest
CNT0029,2024-09-01,175165,80.2,0.8911,155217,Tablet,West
CNT0029,2024-09-02,87305,40.4,0.4489,66768,Mobile,Midwest
CNT0029,2024-09-03,102377,44.1,0.49,88941,Tablet,Northeast
CNT0029,2024-09-04,123395,38.4,0.4267,107682,Desktop,West
CNT0029,2024-09-05,74026,47.7,0.53,44634,CTV,West
CNT0029,2024-09-06,159448,79.7,0.8856,111621,Desktop,Southeast
CNT0029,2024-09-07,26437,47.6,0.5289,20619,Tablet,Southwest
CNT0029,2024-09-08,89617,65.8,0.7311,65815,Tablet,West
CNT0029,2024-09-09,27841,47.2,0.5244,22814,Tablet,Northeast
CNT0029,2024-09-10,120189,33.7,0.3744,101553,CTV,Northeast
CNT0029,2024-09-11,19286,35.5,0.3944,13327,Tablet,Northeast
CNT0029,2024-09-12,23567,69.1,0.7678,18664,Tablet,Southwest
CNT0029,2024-09-13,133695,57.2,0.6356,84416,Mobile,Northeast
CNT0029,2024-09-14,49493,72.5,0.8056,43883,CTV,West
CNT0029,2024-09-15,63656,60.0,0.6667,40513,Tablet,Southwest
CNT0029,2024-09-16,79749,36.0,0.4,68706,Desktop,West
CNT0029,2024-09-17,106044,33.8,0.3756,75520,CTV,Southwest
CNT0029,2024-09-18,48461,48.6,0.54,35283,Mobile,West
CNT0029,2024-09-19,84350,40.5,0.45,51535,Tablet,Southeast
CNT0029,2024-09-20,104610,56.5,0.6278,90353,CTV,Midwest
CNT0029,2024-09-21,78058,39.4,0.4378,51659,Mobile,Midwest
CNT0029,2024-09-22,72008,46.0,0.5111,53945,Mobile,Northeast
CNT0029,2024-09-23,96214,42.9,0.4767,81393,Tablet,Southwest
CNT0029,2024-09-24,64060,61.5,0.6833,58702,Desktop,Northeast
CNT0029,2024-09-25,118991,44.6,0.4956,108593,Mobile,West
CNT0029,2024-09-26,69746,77.2,0.8578,47655,Tablet,Midwest
CNT0029,2024-09-27,78074,33.3,0.37,57706,Tablet,West
CNT0029,2024-09-28,62349,35.0,0.3889,48606,Tablet,Northeast
CNT0029,2024-09-29,14432,53.3,0.5922,10295,CTV,Midwest
CNT0029,2024-09-30,85605,62.7,0.6967,61373,Tablet,Southeast
CNT0029,2024-10-01,34557,44.3,0.4922,29033,CTV,West
CNT0029,2024-10-02,27458,61.7,0.6856,17762,CTV,Southeast
CNT0029,2024-10-03,42978,58.7,0.6522,39007,Tablet,Midwest
CNT0029,2024-10-04,26746,43.8,0.4867,20067,Tablet,West
CNT0029,2024-10-05,16378,32.4,0.36,10875,Tablet,West
CNT0029,2024-10-06,52519,60.1,0.6678,33330,Mobile,West
CNT0029,2024-10-07,14354,50.5,0.5611,11127,Mobile,Northeast
CNT0029,2024-10-08,11951,38.9,0.4322,9712,Mobile,Midwest
CNT0029,2024-10-09,23099,48.8,0.5422,14035,CTV,Midwest
CNT0029,2024-10-10,25109,61.8,0.6867,15317,CTV,Southwest
CNT0029,2024-10-11,31494,78.6,0.8733,27391,Tablet,West
CNT0029,2024-10-12,48125,55.0,0.6111,36889,Tablet,Southeast
CNT0029,2024-10-13,22608,50.9,0.5656,16398,CTV,Southeast
CNT0029,2024-10-14,18968,44.3,0.4922,12714,CTV,Northeast
CNT0029,2024-10-15,4065,61.3,0.6811,2817,Desktop,Southeast
CNT0029,2024-10-16,36199,47.3,0.5256,32571,CTV,West
CNT0029,2024-10-17,35049,81.4,0.9044,24147,Tablet,Southwest
CNT0029,2024-10-18,27676,80.8,0.8978,20261,Desktop,West
CNT0029,2024-10-19,27358,39.3,0.4367,21835,Mobile,Midwest
CNT0029,2024-10-20,4478,58.3,0.6478,3830,Mobile,Southeast
CNT0029,2024-10-21,11287,39.5,0.4389,9582,Tablet,Northeast
CNT0029,2024-10-22,2462,40.0,0.4444,1674,Mobile,Southeast
CNT0029,2024-10-23,9982,33.5,0.3722,7210,Tablet,West
CNT0029,2024-10-24,3402,41.0,0.4556,2126,Desktop,Southwest
CNT0029,2024-10-25,26792,69.3,0.77,23157,CTV,Southwest
CNT0029,2024-10-26,29649,40.0,0.4444,25968,CTV,Midwest
CNT0029,2024-10-27,2907,52.7,0.5856,2145,CTV,Southeast
CNT0029,2024-10-28,5490,61.2,0.68,4150,Desktop,Midwest
CNT0029,2024-10-29,12524,64.1,0.7122,7649,Tablet,Southeast
CNT0029,2024-10-30,11898,35.8,0.3978,7673,Tablet,Southwest
CNT0030,2024-11-25,537414,49.4,0.8233,461800,Desktop,Midwest
CNT0030,2024-11-26,322870,26.3,0.4383,208677,Desktop,Southwest
CNT0030,2024-11-27,222252,29.6,0.4933,172056,Tablet,Southeast
CNT0030,2024-11-28,125773,29.4,0.49,94037,Tablet,Northeast
CNT0030,2024-11-29,393065,33.6,0.56,264311,CTV,Northeast
CNT0030,2024-11-30,436115,22.1,0.3683,282951,Tablet,Southwest
CNT0030,2024-12-01,139497,52.5,0.875,118873,Mobile,Southwest
CNT0030,2024-12-02,345874,21.2,0.3533,216962,Desktop,West
CNT0030,2024-12-03,118235,50.9,0.8483,92426,CTV,Northeast
CNT0030,2024-12-04,571003,48.5,0.8083,455091,Desktop,West
CNT0030,2024-12-05,711890,44.1,0.735,459713,Desktop,West
CNT0030,2024-12-06,284442,40.2,0.67,231565,Mobile,Midwest
CNT0030,2024-12-07,74106,54.1,0.9017,49691,CTV,Midwest
CNT0030,2024-12-08,103077,27.8,0.4633,64147,CTV,Northeast
CNT0030,2024-12-09,410097,42.7,0.7117,287008,Desktop,Northeast
CNT0030,2024-12-10,575856,45.1,0.7517,374365,CTV,West
CNT0030,2024-12-11,343483,43.9,0.7317,240132,Tablet,Northeast
CNT0030,2024-12-12,268955,33.4,0.5567,161490,Desktop,Northeast
CNT0030,2024-12-13,282534,36.5,0.6083,196274,Tablet,Southwest
CNT0030,2024-12-14,135416,23.4,0.39,89826,Desktop,Midwest
CNT0030,2024-12-15,228354,30.3,0.505,171634,Mobile,West
CNT0030,2024-12-16,167647,43.6,0.7267,125930,Desktop,Northeast
CNT0030,2024-12-17,259168,45.8,0.7633,157766,Mobile,West
CNT0030,2024-12-18,108237,29.8,0.4967,86672,Tablet,Northeast
CNT0030,2024-12-19,237762,53.2,0.8867,161444,CTV,Southeast
CNT0030,2024-12-20,79990,46.6,0.7767,73562,Desktop,Northeast
CNT0030,2024-12-21,75680,48.9,0.815,55204,Desktop,Northeast
CNT0030,2024-12-22,21962,49.5,0.825,13296,Mobile,West
CNT0030,2024-12-23,172170,33.0,0.55,155107,CTV,Midwest
CNT0030,2024-12-24,143792,52.7,0.8783,104523,CTV,Northeast
CNT0030,2024-12-25,52347,21.9,0.365,40350,Tablet,Midwest
CNT0030,2024-12-26,106965,34.9,0.5817,67417,Desktop,Southeast
CNT0030,2024-12-27,173235,22.3,0.3717,155552,CTV,Northeast
CNT0030,2024-12-28,107809,36.1,0.6017,97479,Tablet,West
CNT0030,2024-12-29,180716,31.3,0.5217,140896,Desktop,Southwest
CNT0030,2024-12-30,106045,38.7,0.645,79484,Mobile,West
CNT0030,2024-12-31,35440,21.9,0.365,21871,Tablet,West
CNT0031,2024-08-10,42268,17.1,0.7773,31373,Mobile,West
CNT0031,2024-08-11,479870,14.9,0.6773,335516,Mobile,Southeast
CNT0031,2024-08-12,91850,13.3,0.6045,58145,CTV,West
CNT0031,2024-08-13,183502,14.9,0.6773,154663,CTV,Northeast
CNT0031,2024-08-14,342340,15.4,0.7,224051,CTV,Midwest
CNT0031,2024-08-15,381328,11.4,0.5182,344087,Desktop,Midwest
CNT0031,2024-08-16,473596,13.0,0.5909,326488,Mobile,Southeast
CNT0031,2024-08-17,543935,16.0,0.7273,379107,Tablet,Midwest
CNT0031,2024-08-18,308308,19.5,0.8864,207559,CTV,West
CNT0031,2024-08-19,512371,8.0,0.3636,342036,Mobile,Midwest
CNT0031,2024-08-20,140669,19.1,0.8682,123853,CTV,Midwest
CNT0031,2024-08-21,463678,16.4,0.7455,365106,Mobile,West
CNT0031,2024-08-22,506652,12.8,0.5818,360409,Tablet,Northeast
CNT0031,2024-08-23,356041,13.7,0.6227,308356,Mobile,Northeast
CNT0031,2024-08-24,245787,10.4,0.4727,192140,Desktop,West
CNT0031,2024-08-25,415475,19.1,0.8682,285587,Tablet,Southeast
CNT0031,2024-08-26,155923,17.6,0.8,134058,Desktop,Southwest
CNT0031,2024-08-27,176698,18.5,0.8409,160851,Mobile,Southwest
CNT0031,2024-08-28,150592,18.6,0.8455,122104,Tablet,Southwest
CNT0031,2024-08-29,181817,16.0,0.7273,124262,CTV,Southeast
CNT0031,2024-08-30,134046,14.9,0.6773,114358,Tablet,Southwest
CNT0031,2024-08-31,243357,13.2,0.6,148613,CTV,Midwest
CNT0031,2024-09-01,213617,14.7,0.6682,135092,Mobile,Midwest
CNT0031,2024-09-02,250719,15.3,0.6955,159934,CTV,West
CNT0031,2024-09-03,63723,12.0,0.5455,46251,Mobile,Midwest
CNT0031,2024-09-04,107956,12.6,0.5727,78614,Tablet,Northeast
CNT0031,2024-09-05,45858,19.5,0.8864,37238,Desktop,Midwest
CNT0031,2024-09-06,177869,7.8,0.3545,156463,Mobile,Midwest
CNT0031,2024-09-07,261173,9.4,0.4273,214839,CTV,Southwest
CNT0031,2024-09-08,120483,12.7,0.5773,101104,Mobile,Midwest
CNT0031,2024-09-09,75964,9.3,0.4227,65845,CTV,Midwest
CNT0031,2024-09-10,26783,15.5,0.7045,17557,CTV,Northeast
CNT0031,2024-09-11,26865,16.1,0.7318,22856,CTV,Northeast
CNT0031,2024-09-12,42135,18.0,0.8182,30999,Tablet,Northeast
CNT0031,2024-09-13,159851,13.5,0.6136,124650,Desktop,Southwest
CNT0031,2024-09-14,193337,14.1,0.6409,124621,CTV,Southeast
CNT0031,2024-09-15,17796,8.3,0.3773,14890,Mobile,Southeast
CNT0031,2024-09-16,106518,18.4,0.8364,86612,Tablet,Southwest
CNT0031,2024-09-17,130170,8.3,0.3773,106443,Tablet,West
CNT0031,2024-09-18,31711,10.2,0.4636,28485,CTV,Northeast
CNT0031,2024-09-19,93661,16.0,0.7273,72058,Tablet,West
CNT0031,2024-09-20,136958,10.8,0.4909,125644,Desktop,Midwest
CNT0031,2024-09-21,107388,8.6,0.3909,69192,CTV,Southwest
CNT0031,2024-09-22,52613,9.4,0.4273,33919,Tablet,Southeast
CNT0031,2024-09-23,25071,14.3,0.65,22937,Desktop,Northeast
CNT0031,2024-09-24,84973,12.5,0.5682,68333,Mobile,Northeast
CNT0031,2024-09-25,43242,10.1,0.4591,29567,CTV,West
CNT0031,2024-09-26,118651,10.7,0.4864,90430,Desktop,Southwest
CNT0031,2024-09-27,89949,8.5,0.3864,78366,Tablet,Midwest
CNT0031,2024-09-28,12174,18.2,0.8273,7878,CTV,Southwest
CNT0031,2024-09-29,52223,16.0,0.7273,47669,Mobile,Southwest
CNT0031,2024-09-30,34925,18.8,0.8545,28052,Tablet,West
CNT0031,2024-10-01,22553,9.9,0.45,19940,Mobile,West
CNT0031,2024-10-02,74997,11.0,0.5,65294,Desktop,Southeast
CNT0031,2024-10-03,29633,11.6,0.5273,26380,Tablet,Midwest
CNT0031,2024-10-04,32570,11.5,0.5227,24964,Mobile,West
CNT0031,2024-10-05,87562,16.8,0.7636,64726,CTV,Northeast
CNT0031,2024-10-06,11535,11.6,0.5273,10505,Mobile,Northeast
CNT0031,2024-10-07,47163,10.9,0.4955,37428,CTV,Midwest
CNT0031,2024-10-08,86230,14.0,0.6364,54088,Desktop,Midwest
CNT0031,2024-10-09,75796,12.1,0.55,61845,CTV,West
CNT0031,2024-10-10,62342,18.8,0.8545,52965,Tablet,Southwest
CNT0031,2024-10-11,6836,9.9,0.45,4881,CTV,Southeast
CNT0031,2024-10-12,5249,16.6,0.7545,3596,Tablet,Southeast
CNT0031,2024-10-13,48029,9.8,0.4455,35156,Tablet,West
CNT0031,2024-10-14,5614,10.4,0.4727,3710,Desktop,Northeast
CNT0031,2024-10-15,43144,17.7,0.8045,28305,Desktop,Midwest
CNT0031,2024-10-16,55044,15.5,0.7045,43027,Tablet,West
CNT0031,2024-10-17,20498,16.7,0.7591,18662,Mobile,Southwest
CNT0031,2024-10-18,30797,19.9,0.9045,26881,Desktop,Midwest
CNT0031,2024-10-19,8415,14.8,0.6727,6781,Mobile,Midwest
CNT0031,2024-10-20,30036,11.1,0.5045,18841,CTV,West
CNT0031,2024-10-21,41382,10.4,0.4727,30013,Tablet,Northeast
CNT0031,2024-10-22,15051,16.6,0.7545,11080,Desktop,West
CNT0031,2024-10-23,42334,13.5,0.6136,31240,CTV,Southeast
CNT0031,2024-10-24,26360,19.6,0.8909,18276,Mobile,Southeast
CNT0031,2024-10-25,11960,8.1,0.3682,7231,CTV,Midwest
CNT0031,2024-10-26,20771,19.7,0.8955,12675,Mobile,Southwest
CNT0031,2024-10-27,8289,15.6,0.7091,7610,Mobile,Southwest
CNT0031,2024-10-28,16028,10.5,0.4773,14279,Mobile,Northeast
CNT0031,2024-10-29,2797,18.8,0.8545,2289,Mobile,Northeast
CNT0031,2024-10-30,7202,15.7,0.7136,4850,Tablet,Midwest
CNT0031,2024-10-31,11570,14.5,0.6591,7494,CTV,West
CNT0031,2024-11-01,7509,7.8,0.3545,5988,CTV,Southwest
CNT0031,2024-11-02,9804,9.4,0.4273,7356,CTV,West
CNT0031,2024-11-03,25620,16.7,0.7591,19389,Tablet,Southeast
CNT0031,2024-11-04,26573,12.7,0.5773,16506,Desktop,Midwest
CNT0031,2024-11-05,10230,8.8,0.4,8460,CTV,Midwest
CNT0031,2024-11-06,3594,8.1,0.3682,2288,Desktop,Southwest
CNT0031,2024-11-07,6663,16.6,0.7545,4272,Mobile,Southeast
CNT0032,2024-10-23,626228,16.6,0.3773,417780,CTV,West
CNT0032,2024-10-24,234010,18.6,0.4227,164536,Mobile,Southwest
CNT0032,2024-10-25,296906,15.5,0.3523,264071,Desktop,Southeast
CNT0032,2024-10-26,914157,22.3,0.5068,839785,Desktop,Southeast
CNT0032,2024-10-27,473857,18.3,0.4159,350235,Mobile,Southwest
CNT0032,2024-10-28,86962,37.1,0.8432,55289,Tablet,West
CNT0032,2024-10-29,189396,18.5,0.4205,164561,Tablet,Southwest
CNT0032,2024-10-30,308891,36.4,0.8273,231914,Desktop,Northeast
CNT0032,2024-10-31,348577,20.6,0.4682,209306,Desktop,Midwest
CNT0032,2024-11-01,183062,17.0,0.3864,110942,CTV,West
CNT0032,2024-11-02,406156,22.0,0.5,304039,CTV,Southwest
CNT0032,2024-11-03,224836,22.7,0.5159,187738,CTV,Northeast
CNT0032,2024-11-04,191865,33.7,0.7659,120950,Tablet,Midwest
CNT0032,2024-11-05,84725,29.9,0.6795,62028,Mobile,Southwest
CNT0032,2024-11-06,31358,30.1,0.6841,21782,CTV,Midwest
CNT0032,2024-11-07,23983,23.4,0.5318,14529,Tablet,Southwest
CNT0032,2024-11-08,322970,39.9,0.9068,236745,Mobile,Northeast
CNT0032,2024-11-09,124178,36.4,0.8273,102654,Desktop,Southeast
CNT0032,2024-11-10,407643,21.5,0.4886,265802,CTV,Midwest
CNT0032,2024-11-11,186812,36.4,0.8273,123631,Tablet,West
CNT0032,2024-11-12,318232,23.0,0.5227,226565,Desktop,Northeast
CNT0032,2024-11-13,244605,36.7,0.8341,170719,Tablet,Southeast
CNT0032,2024-11-14,209881,34.1,0.775,171354,Desktop,Northeast
CNT0032,2024-11-15,37243,17.6,0.4,33246,Mobile,Midwest
CNT0032,2024-11-16,139018,28.1,0.6386,102779,Mobile,West
CNT0032,2024-11-17,211453,33.1,0.7523,164233,Mobile,West
CNT0032,2024-11-18,34979,20.9,0.475,31992,Desktop,Southwest
CNT0032,2024-11-19,169797,15.9,0.3614,114807,Desktop,Midwest
CNT0032,2024-11-20,129686,37.7,0.8568,98872,Tablet,Northeast
CNT0032,2024-11-21,224725,26.2,0.5955,192312,Desktop,Southeast
CNT0032,2024-11-22,69541,30.7,0.6977,61593,Desktop,Midwest
CNT0032,2024-11-23,176373,34.7,0.7886,143116,Desktop,Southwest
CNT0032,2024-11-24,77591,16.5,0.375,64840,Desktop,Southwest
CNT0032,2024-11-25,112970,26.5,0.6023,83865,CTV,Northeast
CNT0032,2024-11-26,170236,20.1,0.4568,126612,Mobile,Northeast
CNT0032,2024-11-27,161668,23.1,0.525,114143,Tablet,Southeast
CNT0032,2024-11-28,103208,37.3,0.8477,72663,CTV,Northeast
CNT0032,2024-11-29,87661,15.4,0.35,68585,Desktop,Southwest
CNT0032,2024-11-30,151065,27.1,0.6159,136494,CTV,Midwest
CNT0032,2024-12-01,204089,38.7,0.8795,133417,CTV,Southeast
CNT0032,2024-12-02,38004,24.9,0.5659,29146,Tablet,Northeast
CNT0032,2024-12-03,10508,38.4,0.8727,6963,Tablet,West
CNT0032,2024-12-04,137686,34.2,0.7773,88335,Mobile,Northeast
CNT0032,2024-12-05,150735,40.2,0.9136,114358,Tablet,Northeast
CNT0032,2024-12-06,35545,34.2,0.7773,29636,Tablet,Southwest
CNT0032,2024-12-07,107743,18.6,0.4227,68270,Desktop,West
CNT0032,2024-12-08,13996,38.3,0.8705,12232,Mobile,Southeast
CNT0032,2024-12-09,101487,32.4,0.7364,85189,Desktop,Southeast
CNT0032,2024-12-10,57957,24.6,0.5591,46694,Tablet,Southwest
CNT0032,2024-12-11,59026,18.0,0.4091,50015,Desktop,Southeast
CNT0032,2024-12-12,134226,27.1,0.6159,110459,CTV,Southwest
CNT0032,2024-12-13,6428,31.6,0.7182,4824,Tablet,Southwest
CNT0032,2024-12-14,39923,30.8,0.7,36476,Desktop,Midwest
CNT0032,2024-12-15,50282,27.0,0.6136,44660,Desktop,Midwest
CNT0032,2024-12-16,42001,18.2,0.4136,38143,Tablet,West
CNT0032,2024-12-17,86048,38.1,0.8659,56319,Tablet,Southeast
CNT0032,2024-12-18,57437,31.5,0.7159,51486,Desktop,Southeast
CNT0032,2024-12-19,26358,34.7,0.7886,22818,CTV,West
CNT0032,2024-12-20,10165,38.9,0.8841,8485,Mobile,Midwest
CNT0032,2024-12-21,68464,31.8,0.7227,52369,Desktop,Southwest
CNT0032,2024-12-22,10423,27.0,0.6136,8274,Tablet,Midwest
CNT0032,2024-12-23,54907,36.8,0.8364,40858,Mobile,West
CNT0032,2024-12-24,18351,25.8,0.5864,16802,CTV,West
CNT0032,2024-12-25,42404,28.6,0.65,38957,Mobile,Midwest
CNT0032,2024-12-26,47399,16.4,0.3727,41195,Mobile,Northeast
CNT0032,2024-12-27,29717,31.8,0.7227,18760,Tablet,West
CNT0032,2024-12-28,29415,17.8,0.4045,26320,Mobile,Midwest
CNT0032,2024-12-29,59075,16.0,0.3636,47286,Tablet,Southwest
CNT0032,2024-12-30,42531,20.9,0.475,33464,Mobile,Southeast
CNT0032,2024-12-31,17686,33.3,0.7568,13447,Desktop,Northeast
CNT0033,2024-07-30,271192,77.9,0.8656,198191,Desktop,Southeast
CNT0033,2024-07-31,652145,48.6,0.54,551104,Mobile,Southeast
CNT0033,2024-08-01,125176,70.7,0.7856,113639,Tablet,Midwest
CNT0033,2024-08-02,269167,39.6,0.44,181990,Desktop,Northeast
CNT0033,2024-08-03,338363,63.5,0.7056,219895,CTV,Southeast
CNT0033,2024-08-04,165969,81.2,0.9022,112628,Tablet,West
CNT0033,2024-08-05,84863,46.5,0.5167,72431,Desktop,Northeast
CNT0033,2024-08-06,528908,44.0,0.4889,377756,Desktop,Midwest
CNT0033,2024-08-07,592805,54.7,0.6078,543223,Mobile,Northeast
CNT0033,2024-08-08,66391,52.6,0.5844,49825,CTV,Southeast
CNT0033,2024-08-09,296229,81.5,0.9056,202902,Desktop,Southwest
CNT0033,2024-08-10,188856,72.5,0.8056,161612,CTV,Southeast
CNT0033,2024-08-11,107369,59.8,0.6644,72986,CTV,Southeast
CNT0033,2024-08-12,271293,66.2,0.7356,228391,CTV,West
CNT0033,2024-08-13,211939,33.0,0.3667,177007,CTV,Southeast
CNT0033,2024-08-14,139240,76.1,0.8456,123928,Mobile,Northeast
CNT0033,2024-08-15,248128,51.3,0.57,171369,Desktop,Southeast
CNT0033,2024-08-16,293498,31.7,0.3522,200205,Desktop,Midwest
CNT0033,2024-08-17,209745,61.3,0.6811,129273,Tablet,Southeast
CNT0033,2024-08-18,519576,48.6,0.54,312845,Tablet,West
CNT0033,2024-08-19,313732,62.6,0.6956,255720,Mobile,Southeast
CNT0033,2024-08-20,296843,38.5,0.4278,217046,Mobile,Southwest
CNT0033,2024-08-21,355694,34.7,0.3856,290630,Tablet,Northeast
CNT0033,2024-08-22,46277,58.2,0.6467,38047,Mobile,West
CNT0033,2024-08-23,288728,50.8,0.5644,234279,Mobile,West
CNT0033,2024-08-24,153940,32.4,0.36,139011,Mobile,Southeast
CNT0033,2024-08-25,45694,60.4,0.6711,32892,Desktop,Northeast
CNT0033,2024-08-26,202605,36.8,0.4089,171696,CTV,West
CNT0033,2024-08-27,138823,79.6,0.8844,103827,CTV,Midwest
CNT0033,2024-08-28,283334,37.0,0.4111,173506,Mobile,Southwest
CNT0033,2024-08-29,77708,44.5,0.4944,61833,Tablet,West
CNT0033,2024-08-30,247907,55.9,0.6211,161721,CTV,West
CNT0033,2024-08-31,66101,68.9,0.7656,51320,Mobile,Southeast
CNT0033,2024-09-01,219697,73.5,0.8167,173168,CTV,Southwest
CNT0033,2024-09-02,59211,61.2,0.68,42687,Mobile,Northeast
CNT0033,2024-09-03,14813,75.1,0.8344,9951,Tablet,Northeast
CNT0033,2024-09-04,56105,40.4,0.4489,41165,CTV,Southwest
CNT0033,2024-09-05,33987,76.9,0.8544,25948,Tablet,West
CNT0033,2024-09-06,71135,40.8,0.4533,60422,Desktop,Midwest
CNT0033,2024-09-07,147023,60.2,0.6689,111313,Tablet,Southeast
CNT0033,2024-09-08,157008,79.4,0.8822,97326,Mobile,Southeast
CNT0033,2024-09-09,46062,67.0,0.7444,35280,CTV,Northeast
CNT0033,2024-09-10,36506,53.1,0.59,28643,CTV,Midwest
CNT0033,2024-09-11,46944,52.8,0.5867,34461,Desktop,Southeast
CNT0033,2024-09-12,64968,56.7,0.63,39253,Tablet,Northeast
CNT0033,2024-09-13,108931,53.4,0.5933,94301,Desktop,West
CNT0033,2024-09-14,38958,67.1,0.7456,26579,Desktop,Southeast
CNT0033,2024-09-15,64785,55.2,0.6133,48263,Tablet,Midwest
CNT0033,2024-09-16,102678,56.9,0.6322,91379,Desktop,Northeast
CNT0033,2024-09-17,61604,31.7,0.3522,50700,Desktop,West
CNT0033,2024-09-18,66841,56.0,0.6222,49903,CTV,West
CNT0033,2024-09-19,21879,38.8,0.4311,17431,Tablet,Southeast
CNT0033,2024-09-20,70892,47.2,0.5244,51584,CTV,Southwest
CNT0033,2024-09-21,19091,57.8,0.6422,17495,Tablet,Northeast
CNT0033,2024-09-22,126520,64.5,0.7167,91201,CTV,West
CNT0033,2024-09-23,7095,31.6,0.3511,4701,Tablet,Northeast
CNT0033,2024-09-24,82118,58.0,0.6444,60419,Desktop,West
CNT0033,2024-09-25,51081,59.3,0.6589,30821,Mobile,Northeast
CNT0033,2024-09-26,76165,74.6,0.8289,61328,Tablet,Midwest
CNT0033,2024-09-27,59486,81.2,0.9022,46679,Desktop,Northeast
CNT0033,2024-09-28,14866,55.4,0.6156,11410,CTV,Southeast
CNT0033,2024-09-29,39310,38.4,0.4267,32199,Mobile,Midwest
CNT0033,2024-09-30,52793,66.7,0.7411,33081,Tablet,Northeast
CNT0033,2024-10-01,10850,61.1,0.6789,6807,Desktop,Southwest
CNT0033,2024-10-02,3892,58.3,0.6478,2338,CTV,West
CNT0033,2024-10-03,4601,67.0,0.7444,3908,Tablet,West
CNT0033,2024-10-04,15509,50.3,0.5589,9500,Tablet,Northeast
CNT0033,2024-10-05,10328,55.7,0.6189,7139,Desktop,Southeast
CNT0033,2024-10-06,23104,53.3,0.5922,17913,Desktop,West
CNT0033,2024-10-07,39615,51.0,0.5667,32635,Desktop,West
CNT0033,2024-10-08,8350,65.9,0.7322,5885,CTV,Northeast
CNT0033,2024-10-09,4737,79.0,0.8778,3707,CTV,Northeast
CNT0033,2024-10-10,32274,55.6,0.6178,27783,Tablet,Southwest
CNT0033,2024-10-11,21806,32.9,0.3656,14315,Desktop,Northeast
CNT0033,2024-10-12,12603,49.4,0.5489,8727,Tablet,Southeast
CNT0033,2024-10-13,31664,70.6,0.7844,25348,Mobile,Northeast
CNT0033,2024-10-14,3534,32.1,0.3567,2883,Tablet,Midwest
CNT0033,2024-10-15,24271,72.1,0.8011,18239,Tablet,Midwest
CNT0033,2024-10-16,37052,43.3,0.4811,29335,Desktop,Southwest
CNT0033,2024-10-17,14570,69.9,0.7767,9928,Mobile,Midwest
CNT0033,2024-10-18,7703,51.2,0.5689,6293,Desktop,Southeast
CNT0033,2024-10-19,3937,45.9,0.51,2871,CTV,Midwest
CNT0033,2024-10-20,10741,54.1,0.6011,6579,Desktop,Northeast
CNT0033,2024-10-21,9339,43.7,0.4856,8404,Mobile,West
CNT0033,2024-10-22,18545,72.3,0.8033,13473,Tablet,West
CNT0033,2024-10-23,19735,37.4,0.4156,16110,Tablet,Northeast
CNT0033,2024-10-24,15759,47.9,0.5322,11958,CTV,West
CNT0033,2024-10-25,13301,62.2,0.6911,8178,Desktop,Southwest
CNT0033,2024-10-26,6949,63.1,0.7011,5038,CTV,Midwest
CNT0033,2024-10-27,11052,61.7,0.6856,6754,CTV,Southeast
CNT0034,2024-09-22,496195,38.2,0.6367,324855,CTV,Midwest
CNT0034,2024-09-23,727162,29.7,0.495,513248,Tablet,Southeast
CNT0034,2024-09-24,189329,29.8,0.4967,159936,Desktop,Southeast
CNT0034,2024-09-25,403865,46.2,0.77,256442,CTV,Northeast
CNT0034,2024-09-26,667509,53.9,0.8983,595107,Desktop,Northeast
CNT0034,2024-09-27,497450,29.6,0.4933,406305,Desktop,Southwest
CNT0034,2024-09-28,259935,49.0,0.8167,162313,Desktop,Southwest
CNT0034,2024-09-29,402407,25.0,0.4167,327206,CTV,West
CNT0034,2024-09-30,525306,27.8,0.4633,361410,CTV,Northeast
CNT0034,2024-10-01,146226,26.1,0.435,127903,Desktop,Southeast
CNT0034,2024-10-02,328502,42.1,0.7017,296784,Mobile,Northeast
CNT0034,2024-10-03,192961,50.1,0.835,134085,Mobile,Southwest
CNT0034,2024-10-04,349290,50.7,0.845,313213,CTV,Southwest
CNT0034,2024-10-05,130609,54.1,0.9017,114052,Desktop,West
CNT0034,2024-10-06,344324,29.7,0.495,286901,Desktop,West
CNT0034,2024-10-07,59232,34.2,0.57,41124,Mobile,West
CNT0034,2024-10-08,107911,37.5,0.625,83657,Desktop,West
CNT0034,2024-10-09,120581,23.8,0.3967,88932,Tablet,Southeast
CNT0034,2024-10-10,208860,32.5,0.5417,128485,Desktop,Midwest
CNT0034,2024-10-11,111334,42.3,0.705,98759,Tablet,West
CNT0034,2024-10-12,214719,42.2,0.7033,163423,Tablet,Southwest
CNT0034,2024-10-13,211605,38.9,0.6483,190661,Desktop,Midwest
CNT0034,2024-10-14,152488,32.3,0.5383,104081,Tablet,Midwest
CNT0034,2024-10-15,49376,29.1,0.485,29693,Mobile,Southwest
CNT0034,2024-10-16,260528,54.6,0.91,190994,CTV,Midwest
CNT0034,2024-10-17,212061,35.9,0.5983,174424,Desktop,Northeast
CNT0034,2024-10-18,219736,40.9,0.6817,149502,Mobile,Southwest
CNT0034,2024-10-19,265711,21.9,0.365,172452,Desktop,Southwest
CNT0034,2024-10-20,85747,47.9,0.7983,64578,Mobile,West
CNT0034,2024-10-21,198029,33.0,0.55,126347,CTV,Midwest
CNT0034,2024-10-22,147339,40.0,0.6667,107360,Mobile,Southeast
CNT0034,2024-10-23,43033,54.0,0.9,36993,CTV,West
CNT0034,2024-10-24,114620,42.0,0.7,87788,Desktop,Southeast
CNT0034,2024-10-25,46903,34.0,0.5667,30112,Mobile,West
CNT0034,2024-10-26,187667,52.6,0.8767,127089,CTV,Southeast
CNT0034,2024-10-27,148961,53.8,0.8967,97778,Tablet,Northeast
CNT0034,2024-10-28,201509,35.2,0.5867,162735,Desktop,Midwest
CNT0034,2024-10-29,109825,50.8,0.8467,78270,Mobile,Northeast
CNT0034,2024-10-30,35146,25.4,0.4233,21947,CTV,West
CNT0034,2024-10-31,135019,50.0,0.8333,105103,Tablet,Southwest
CNT0034,2024-11-01,22282,52.0,0.8667,16336,Desktop,Midwest
CNT0034,2024-11-02,82346,42.3,0.705,62863,Tablet,West
CNT0034,2024-11-03,48652,33.1,0.5517,34268,Desktop,Northeast
CNT0034,2024-11-04,106980,52.8,0.88,69845,Mobile,Midwest
CNT0034,2024-11-05,50193,23.6,0.3933,32868,Tablet,West
CNT0034,2024-11-06,116362,22.4,0.3733,104272,Desktop,West
CNT0034,2024-11-07,65543,52.5,0.875,52030,Desktop,Southeast
CNT0034,2024-11-08,86141,38.2,0.6367,55993,Desktop,West
CNT0034,2024-11-09,12899,32.2,0.5367,7922,CTV,Southeast
CNT0034,2024-11-10,103669,26.7,0.445,82666,Tablet,Northeast
CNT0034,2024-11-11,30130,28.2,0.47,19614,CTV,Southeast
CNT0034,2024-11-12,69232,53.3,0.8883,53124,Desktop,Southeast
CNT0034,2024-11-13,70747,52.8,0.88,59404,Tablet,Southeast
CNT0034,2024-11-14,62900,53.3,0.8883,51878,Desktop,Southeast
CNT0034,2024-11-15,74676,25.9,0.4317,55864,Tablet,Northeast
CNT0034,2024-11-16,23688,26.1,0.435,18046,Tablet,West
CNT0034,2024-11-17,64517,28.7,0.4783,44256,CTV,Northeast
CNT0034,2024-11-18,52966,27.2,0.4533,40880,Mobile,Midwest
CNT0034,2024-11-19,74248,42.7,0.7117,63871,Desktop,West
CNT0034,2024-11-20,25000,32.7,0.545,18402,Mobile,Southeast
CNT0034,2024-11-21,42553,38.1,0.635,35252,CTV,Northeast
CNT0034,2024-11-22,22983,32.3,0.5383,16287,Desktop,Southwest
CNT0034,2024-11-23,54318,28.5,0.475,48956,Tablet,Southeast
CNT0034,2024-11-24,36316,43.9,0.7317,23260,Desktop,West
CNT0034,2024-11-25,4239,31.7,0.5283,2764,Desktop,Northeast
CNT0034,2024-11-26,16886,32.3,0.5383,11956,Tablet,Southwest
CNT0034,2024-11-27,54030,45.8,0.7633,44526,Mobile,Southwest
CNT0034,2024-11-28,24435,51.5,0.8583,22347,CTV,Midwest
CNT0034,2024-11-29,11810,24.6,0.41,8887,CTV,Midwest
CNT0034,2024-11-30,43420,35.4,0.59,36949,Desktop,West
CNT0034,2024-12-01,48718,36.7,0.6117,37456,Desktop,West
CNT0034,2024-12-02,40796,21.3,0.355,37061,Desktop,Southwest
CNT0034,2024-12-03,45915,52.7,0.8783,31436,Tablet,West
CNT0034,2024-12-04,17041,28.1,0.4683,14105,CTV,Southeast
CNT0034,2024-12-05,19689,39.6,0.66,13894,Tablet,West
CNT0034,2024-12-06,4199,21.4,0.3567,3660,Mobile,Southeast
CNT0034,2024-12-07,35746,42.0,0.7,32200,Desktop,Southeast
CNT0034,2024-12-08,22262,30.4,0.5067,16834,CTV,Southwest
CNT0034,2024-12-09,31110,32.0,0.5333,19254,Mobile,Northeast
CNT0034,2024-12-10,14153,50.4,0.84,9601,CTV,Northeast
CNT0034,2024-12-11,17206,45.7,0.7617,13101,CTV,West
CNT0034,2024-12-12,8693,39.6,0.66,5904,Tablet,Southwest
CNT0034,2024-12-13,28525,22.8,0.38,25248,CTV,Northeast
CNT0034,2024-12-14,27733,44.0,0.7333,25040,Desktop,Southeast
CNT0034,2024-12-15,10000,36.6,0.61,8680,Mobile,Midwest
CNT0034,2024-12-16,12446,36.7,0.6117,7982,Tablet,West
CNT0034,2024-12-17,6122,38.5,0.6417,4575,Desktop,West
CNT0034,2024-12-18,18243,41.8,0.6967,14799,Desktop,West
CNT0034,2024-12-19,19810,52.3,0.8717,16119,Desktop,Midwest
CNT0034,2024-12-20,18016,32.6,0.5433,12788,Desktop,Midwest
CNT0035,2024-08-19,61494,51.5,0.8583,43276,Mobile,West
CNT0035,2024-08-20,230059,40.3,0.6717,184528,Tablet,Northeast
CNT0035,2024-08-21,305887,38.6,0.6433,269213,Desktop,Northeast
CNT0035,2024-08-22,573701,28.7,0.4783,407552,Mobile,Midwest
CNT0035,2024-08-23,152356,46.3,0.7717,123727,Desktop,Southeast
CNT0035,2024-08-24,103390,53.2,0.8867,91619,Mobile,Northeast
CNT0035,2024-08-25,377121,43.2,0.72,237891,CTV,Southwest
CNT0035,2024-08-26,634009,45.3,0.755,399178,Desktop,West
CNT0035,2024-08-27,295463,45.3,0.755,207501,CTV,Southeast
CNT0035,2024-08-28,68040,48.0,0.8,55298,Tablet,West
CNT0035,2024-08-29,532794,51.2,0.8533,398654,CTV,Southwest
CNT0035,2024-08-30,457798,25.8,0.43,414006,Mobile,Midwest
CNT0035,2024-08-31,436531,50.4,0.84,285987,CTV,Southeast
CNT0035,2024-09-01,187470,51.0,0.85,129623,Mobile,Southwest
CNT0035,2024-09-02,194618,55.2,0.92,143955,Desktop,Northeast
CNT0035,2024-09-03,409527,29.6,0.4933,268784,CTV,Southwest
CNT0035,2024-09-04,51675,33.4,0.5567,44737,Mobile,Midwest
CNT0035,2024-09-05,234569,40.6,0.6767,184502,CTV,Northeast
CNT0035,2024-09-06,108190,52.6,0.8767,81478,Desktop,Northeast
CNT0035,2024-09-07,84939,48.4,0.8067,68777,Mobile,Midwest
CNT0035,2024-09-08,150048,34.9,0.5817,94174,CTV,Northeast
CNT0035,2024-09-09,106838,48.4,0.8067,89436,Mobile,Midwest
CNT0035,2024-09-10,280026,45.3,0.755,210399,Mobile,Southeast
CNT0035,2024-09-11,353782,47.2,0.7867,282845,Mobile,West
CNT0035,2024-09-12,233125,39.7,0.6617,146378,Tablet,Southeast
CNT0035,2024-09-13,114600,49.0,0.8167,73013,CTV,Southeast
CNT0035,2024-09-14,30215,47.4,0.79,24116,Mobile,Southwest
CNT0035,2024-09-15,42187,55.0,0.9167,25844,Desktop,Southwest
CNT0035,2024-09-16,76300,40.2,0.67,49753,CTV,Southwest
CNT0035,2024-09-17,191855,43.0,0.7167,158788,Tablet,West
CNT0035,2024-09-18,138292,48.7,0.8117,89957,CTV,Southwest
CNT0035,2024-09-19,43991,44.1,0.735,38625,CTV,Southwest
CNT0035,2024-09-20,68625,23.4,0.39,45939,Desktop,West
CNT0035,2024-09-21,147944,45.9,0.765,121725,CTV,West
CNT0035,2024-09-22,61019,29.0,0.4833,45027,Tablet,West
CNT0035,2024-09-23,24971,54.9,0.915,22763,CTV,West
CNT0035,2024-09-24,43031,21.4,0.3567,34840,CTV,Southwest
CNT0035,2024-09-25,36432,51.4,0.8567,31106,Tablet,Midwest
CNT0035,2024-09-26,17061,32.0,0.5333,14968,CTV,Southeast
CNT0035,2024-09-27,72332,47.7,0.795,43929,Mobile,Midwest
CNT0035,2024-09-28,58277,41.3,0.6883,42982,Tablet,Northeast
CNT0035,2024-09-29,64421,51.6,0.86,48439,Tablet,Midwest
CNT0035,2024-09-30,18305,49.3,0.8217,13887,Desktop,Southeast
CNT0035,2024-10-01,90274,45.2,0.7533,73028,Mobile,Southeast
CNT0035,2024-10-02,27927,49.2,0.82,23511,Mobile,Northeast
CNT0035,2024-10-03,66284,21.9,0.365,43924,Tablet,Southwest
CNT0035,2024-10-04,23001,24.2,0.4033,20957,CTV,Midwest
CNT0035,2024-10-05,133123,46.8,0.78,121474,CTV,Southeast
CNT0035,2024-10-06,97877,41.9,0.6983,85652,Mobile,Northeast
CNT0035,2024-10-07,91026,34.6,0.5767,68062,CTV,Midwest
CNT0035,2024-10-08,118671,41.8,0.6967,86490,Tablet,West
CNT0035,2024-10-09,83022,41.7,0.695,72695,Mobile,Southeast
CNT0035,2024-10-10,43250,44.6,0.7433,26770,Tablet,Northeast
CNT0035,2024-10-11,101032,31.9,0.5317,87090,CTV,Southwest
CNT0035,2024-10-12,68888,50.6,0.8433,42781,CTV,Southwest
CNT0035,2024-10-13,51909,27.8,0.4633,34178,Desktop,Southeast
CNT0035,2024-10-14,6149,48.3,0.805,4488,Tablet,Midwest
CNT0035,2024-10-15,37736,51.2,0.8533,29183,Mobile,Southwest
CNT0035,2024-10-16,76440,26.9,0.4483,57314,CTV,Southwest
CNT0035,2024-10-17,74871,27.4,0.4567,57491,Desktop,Southwest
CNT0035,2024-10-18,60912,25.8,0.43,43833,Desktop,Midwest
CNT0035,2024-10-19,25039,31.8,0.53,21996,Mobile,Southwest
CNT0035,2024-10-20,10871,51.6,0.86,9844,CTV,Southeast
CNT0035,2024-10-21,39871,38.8,0.6467,26028,Mobile,West
CNT0035,2024-10-22,40095,39.6,0.66,35718,Tablet,Southeast
CNT0035,2024-10-23,44017,51.0,0.85,38258,Mobile,Southeast
CNT0035,2024-10-24,21592,39.2,0.6533,13180,Mobile,West
CNT0035,2024-10-25,17538,36.0,0.6,13434,Tablet,West
CNT0035,2024-10-26,31062,38.7,0.645,25973,Desktop,Northeast
CNT0035,2024-10-27,36945,28.9,0.4817,31231,Mobile,Northeast
CNT0035,2024-10-28,27541,28.8,0.48,20555,Desktop,Southeast
CNT0035,2024-10-29,45759,36.1,0.6017,33307,CTV,Midwest
CNT0035,2024-10-30,24488,38.6,0.6433,14730,CTV,Northeast
CNT0035,2024-10-31,19498,29.7,0.495,12194,Tablet,Southeast
CNT0035,2024-11-01,43485,24.9,0.415,30427,Mobile,West
CNT0035,2024-11-02,4219,23.5,0.3917,3259,CTV,Northeast
CNT0035,2024-11-03,16510,34.2,0.57,10070,Mobile,West
CNT0035,2024-11-04,6001,24.1,0.4017,4767,Tablet,Northeast
CNT0035,2024-11-05,18798,32.7,0.545,15545,Desktop,West
CNT0035,2024-11-06,13294,52.1,0.8683,8722,Tablet,Southwest
CNT0035,2024-11-07,14895,34.0,0.5667,12526,Mobile,West
CNT0035,2024-11-08,15786,24.1,0.4017,10819,CTV,Southeast
CNT0035,2024-11-09,9995,51.0,0.85,8161,Desktop,Midwest
CNT0035,2024-11-10,13886,50.0,0.8333,9905,Tablet,West
CNT0035,2024-11-11,3834,21.3,0.355,3518,CTV,Northeast
CNT0035,2024-11-12,34238,53.7,0.895,27593,Mobile,Southeast
CNT0035,2024-11-13,20085,47.5,0.7917,18198,Tablet,Southwest
CNT0035,2024-11-14,15974,52.0,0.8667,13096,CTV,West
CNT0035,2024-11-15,8172,34.4,0.5733,6290,Desktop,Northeast
CNT0035,2024-11-16,20001,32.1,0.535,16347,Tablet,Northeast
CNT0036,2024-10-03,858630,27.6,0.46,523249,CTV,West
CNT0036,2024-10-04,556766,52.4,0.8733,398325,CTV,Northeast
CNT0036,2024-10-05,283800,35.1,0.585,233231,Desktop,Northeast
CNT0036,2024-10-06,191566,30.4,0.5067,147287,Desktop,Southwest
CNT0036,2024-10-07,258183,27.5,0.4583,216502,Tablet,West
CNT0036,2024-10-08,70026,21.5,0.3583,51426,Tablet,Southwest
CNT0036,2024-10-09,337786,45.4,0.7567,264975,CTV,Midwest
CNT0036,2024-10-10,181292,41.3,0.6883,129393,Desktop,Southwest
CNT0036,2024-10-11,342722,35.6,0.5933,241748,Mobile,Northeast
CNT0036,2024-10-12,548970,37.3,0.6217,451527,Desktop,West
CNT0036,2024-10-13,87115,37.2,0.62,56967,CTV,Northeast
CNT0036,2024-10-14,120426,35.2,0.5867,108102,CTV,West
CNT0036,2024-10-15,190323,30.3,0.505,142267,Desktop,Midwest
CNT0036,2024-10-16,500387,27.3,0.455,350358,CTV,West
CNT0036,2024-10-17,622777,28.3,0.4717,419094,Mobile,West
CNT0036,2024-10-18,203131,52.1,0.8683,155314,Tablet,Northeast
CNT0036,2024-10-19,520780,53.7,0.895,454493,CTV,Northeast
CNT0036,2024-10-20,262650,21.4,0.3567,204336,CTV,Southeast
CNT0036,2024-10-21,264786,45.4,0.7567,182924,Desktop,West
CNT0036,2024-10-22,264679,53.6,0.8933,221285,Mobile,Northeast
CNT0036,2024-10-23,172131,50.9,0.8483,146142,Desktop,Southwest
CNT0036,2024-10-24,149188,24.1,0.4017,133481,Desktop,Southeast
CNT0036,2024-10-25,289147,45.1,0.7517,232437,Mobile,Midwest
CNT0036,2024-10-26,348550,33.0,0.55,225832,Mobile,Southeast
CNT0036,2024-10-27,198827,26.8,0.4467,153327,Tablet,Midwest
CNT0036,2024-10-28,190229,43.5,0.725,149065,CTV,Southeast
CNT0036,2024-10-29,29005,52.4,0.8733,21250,Desktop,West
CNT0036,2024-10-30,95971,42.8,0.7133,86775,Tablet,Northeast
CNT0036,2024-10-31,32848,32.7,0.545,25599,CTV,Southwest
CNT0036,2024-11-01,245945,53.8,0.8967,200701,Desktop,Northeast
CNT0036,2024-11-02,15929,37.7,0.6283,12497,CTV,West
CNT0036,2024-11-03,62899,23.6,0.3933,56519,Desktop,Midwest
CNT0036,2024-11-04,97752,45.4,0.7567,61207,CTV,Southwest
CNT0036,2024-11-05,149143,29.2,0.4867,125673,Tablet,Midwest
CNT0036,2024-11-06,104917,26.9,0.4483,88716,Tablet,Southeast
CNT0036,2024-11-07,240353,38.7,0.645,186253,Desktop,Southeast
CNT0036,2024-11-08,63115,38.0,0.6333,52443,Tablet,Midwest
CNT0036,2024-11-09,133278,44.1,0.735,121391,Tablet,West
CNT0036,2024-11-10,10116,22.9,0.3817,7883,CTV,Southeast
CNT0036,2024-11-11,83499,29.3,0.4883,59032,CTV,Southeast
CNT0036,2024-11-12,22620,46.7,0.7783,18834,CTV,Southwest
CNT0036,2024-11-13,30601,46.8,0.78,22338,CTV,Southwest
CNT0036,2024-11-14,93886,43.8,0.73,68707,CTV,Southeast
CNT0036,2024-11-15,125388,35.7,0.595,111768,Mobile,Southwest
CNT0036,2024-11-16,36594,49.3,0.8217,29527,Desktop,West
CNT0036,2024-11-17,16623,35.0,0.5833,12114,Mobile,Northeast
CNT0036,2024-11-18,7972,49.4,0.8233,5265,Tablet,Northeast
CNT0036,2024-11-19,137659,49.8,0.83,83528,CTV,Southeast
CNT0036,2024-11-20,35658,38.8,0.6467,22088,Tablet,West
CNT0036,2024-11-21,100966,28.7,0.4783,61761,CTV,Southwest
CNT0036,2024-11-22,90673,29.0,0.4833,69045,Mobile,West
CNT0036,2024-11-23,63068,45.7,0.7617,48755,Tablet,Southeast
CNT0036,2024-11-24,80831,35.0,0.5833,50031,Tablet,Midwest
CNT0036,2024-11-25,96774,50.5,0.8417,83212,Tablet,Midwest
CNT0036,2024-11-26,58821,25.6,0.4267,44156,Desktop,Midwest
CNT0036,2024-11-27,21403,47.5,0.7917,16333,CTV,West
CNT0036,2024-11-28,72187,30.3,0.505,54322,Desktop,Northeast
CNT0036,2024-11-29,11069,27.6,0.46,7823,Mobile,Southeast
CNT0036,2024-11-30,12209,27.4,0.4567,11134,Tablet,Southwest
CNT0036,2024-12-01,30832,23.0,0.3833,19732,Tablet,Midwest
CNT0036,2024-12-02,31571,26.9,0.4483,28301,Tablet,Southeast
CNT0036,2024-12-03,27495,21.3,0.355,24508,CTV,West
CNT0036,2024-12-04,26482,47.5,0.7917,16221,Tablet,Southeast
CNT0036,2024-12-05,27662,24.0,0.4,21155,Mobile,Southeast
CNT0036,2024-12-06,30684,36.9,0.615,25721,Desktop,Northeast
CNT0036,2024-12-07,8034,32.7,0.545,6254,Tablet,Southwest
CNT0036,2024-12-08,60908,54.6,0.91,37750,Desktop,Southeast
CNT0036,2024-12-09,17880,45.7,0.7617,15116,Mobile,Southeast
CNT0036,2024-12-10,12297,37.8,0.63,8285,Desktop,Southeast
CNT0036,2024-12-11,15545,39.2,0.6533,11092,Tablet,Southeast
CNT0036,2024-12-12,27576,28.9,0.4817,17779,Mobile,West
CNT0036,2024-12-13,47971,27.0,0.45,33956,Mobile,Northeast
CNT0036,2024-12-14,5195,29.0,0.4833,3498,Tablet,Northeast
CNT0036,2024-12-15,3288,39.6,0.66,2587,Mobile,Southeast
CNT0036,2024-12-16,15096,53.0,0.8833,9221,Tablet,Northeast
CNT0036,2024-12-17,14904,27.8,0.4633,10054,Mobile,Northeast
CNT0036,2024-12-18,23395,42.4,0.7067,20679,Mobile,Southwest
CNT0036,2024-12-19,15507,33.6,0.56,12453,CTV,Southeast
CNT0036,2024-12-20,22343,43.1,0.7183,19775,CTV,Midwest
CNT0036,2024-12-21,20716,28.5,0.475,13099,Desktop,Northeast
CNT0036,2024-12-22,20624,53.5,0.8917,16145,Tablet,Southwest
CNT0036,2024-12-23,3477,51.6,0.86,2812,Tablet,Midwest
CNT0036,2024-12-24,15923,49.9,0.8317,11370,Desktop,Southeast
CNT0036,2024-12-25,5824,33.6,0.56,4735,Mobile,West
CNT0036,2024-12-26,26953,43.9,0.7317,19924,CTV,Midwest
CNT0036,2024-12-27,8594,45.4,0.7567,6886,Tablet,Southeast
CNT0036,2024-12-28,26565,54.2,0.9033,24170,Tablet,Southwest
CNT0036,2024-12-29,22327,33.4,0.5567,14854,Mobile,Southwest
CNT0036,2024-12-30,22126,28.3,0.4717,18959,CTV,Southeast
CNT0036,2024-12-31,23352,36.6,0.61,20812,Tablet,Southwest
CNT0037,2024-08-03,162356,32.4,0.7364,101585,Desktop,Northeast
CNT0037,2024-08-04,220372,19.5,0.4432,174101,Desktop,Southwest
CNT0037,2024-08-05,626847,25.9,0.5886,445401,Desktop,Northeast
CNT0037,2024-08-06,569747,32.6,0.7409,347291,Desktop,Northeast
CNT0037,2024-08-07,339444,26.3,0.5977,298922,Tablet,Northeast
CNT0037,2024-08-08,456024,31.6,0.7182,306178,Desktop,West
CNT0037,2024-08-09,391949,27.2,0.6182,344392,Tablet,Southeast
CNT0037,2024-08-10,146460,29.4,0.6682,104672,CTV,Northeast
CNT0037,2024-08-11,202703,28.6,0.65,133634,Mobile,West
CNT0037,2024-08-12,288602,19.6,0.4455,182688,Desktop,Southwest
CNT0037,2024-08-13,299737,21.5,0.4886,244777,Desktop,Southeast
CNT0037,2024-08-14,535278,32.4,0.7364,392188,Desktop,Southwest
CNT0037,2024-08-15,161452,38.4,0.8727,111803,Mobile,Southwest
CNT0037,2024-08-16,477644,24.1,0.5477,407010,Desktop,West
CNT0037,2024-08-17,358204,26.3,0.5977,290864,Desktop,Southeast
CNT0037,2024-08-18,88118,27.2,0.6182,67351,Mobile,Northeast
CNT0037,2024-08-19,44901,19.2,0.4364,39184,CTV,Southeast
CNT0037,2024-08-20,247164,39.0,0.8864,178366,Tablet,Southeast
CNT0037,2024-08-21,449945,34.0,0.7727,294119,Tablet,West
CNT0037,2024-08-22,117697,33.5,0.7614,101759,Mobile,Southeast
CNT0037,2024-08-23,140917,38.4,0.8727,104933,Mobile,Southwest
CNT0037,2024-08-24,50117,26.1,0.5932,36347,CTV,Southwest
CNT0037,2024-08-25,57863,16.2,0.3682,34909,Tablet,West
CNT0037,2024-08-26,28729,34.2,0.7773,19148,Mobile,West
CNT0037,2024-08-27,108823,23.0,0.5227,91601,Mobile,West
CNT0037,2024-08-28,248019,24.4,0.5545,177626,Desktop,Northeast
CNT0037,2024-08-29,163884,40.3,0.9159,140020,CTV,Southwest
CNT0037,2024-08-30,88324,27.8,0.6318,78953,Desktop,Midwest
CNT0037,2024-08-31,213895,39.2,0.8909,135691,Desktop,Midwest
CNT0037,2024-09-01,190547,35.8,0.8136,157972,Tablet,West
CNT0037,2024-09-02,228873,36.4,0.8273,155995,Tablet,Southeast
CNT0037,2024-09-03,236241,39.5,0.8977,159419,Tablet,Southwest
CNT0037,2024-09-04,26234,34.1,0.775,22341,Desktop,Southeast
CNT0037,2024-09-05,136424,39.1,0.8886,83163,Desktop,West
CNT0037,2024-09-06,191906,24.0,0.5455,175777,Mobile,West
CNT0037,2024-09-07,181501,35.4,0.8045,126495,Tablet,West
CNT0037,2024-09-08,32988,30.3,0.6886,29529,Mobile,West
CNT0037,2024-09-09,67848,21.6,0.4909,46441,CTV,Southwest
CNT0037,2024-09-10,73657,28.1,0.6386,58783,CTV,West
CNT0037,2024-09-11,55478,34.1,0.775,34312,Mobile,Northeast
CNT0037,2024-09-12,101550,37.0,0.8409,81887,Tablet,Midwest
CNT0037,2024-09-13,108596,35.5,0.8068,98250,Mobile,Midwest
CNT0037,2024-09-14,61491,22.9,0.5205,54109,Desktop,Midwest
CNT0037,2024-09-15,137431,25.6,0.5818,96970,CTV,Southeast
CNT0037,2024-09-16,31126,32.6,0.7409,22548,Mobile,Southwest
CNT0037,2024-09-17,82953,17.0,0.3864,63604,CTV,Southeast
CNT0037,2024-09-18,63116,37.2,0.8455,46344,Desktop,West
CNT0037,2024-09-19,76349,15.4,0.35,53130,CTV,Southeast
CNT0037,2024-09-20,76314,25.5,0.5795,56565,Tablet,West
CNT0037,2024-09-21,62894,18.5,0.4205,52663,CTV,West
CNT0037,2024-09-22,10395,20.1,0.4568,6622,Desktop,Northeast
CNT0037,2024-09-23,44822,33.6,0.7636,38599,Tablet,Midwest
CNT0037,2024-09-24,50355,29.2,0.6636,36799,CTV,Southwest
CNT0037,2024-09-25,102996,16.5,0.375,87763,Desktop,Northeast
CNT0037,2024-09-26,40401,28.5,0.6477,27105,Mobile,Midwest
CNT0037,2024-09-27,20758,36.6,0.8318,15217,Tablet,Northeast
CNT0037,2024-09-28,19605,35.8,0.8136,14997,Desktop,Northeast
CNT0037,2024-09-29,10348,19.6,0.4455,7330,Tablet,Southeast
CNT0037,2024-09-30,54669,15.7,0.3568,50147,CTV,Northeast
CNT0037,2024-10-01,18378,36.9,0.8386,15794,Tablet,Northeast
CNT0037,2024-10-02,69699,17.7,0.4023,50178,CTV,West
CNT0037,2024-10-03,60454,35.7,0.8114,47835,CTV,Southeast
CNT0037,2024-10-04,35589,31.1,0.7068,29598,CTV,Midwest
CNT0037,2024-10-05,29785,18.4,0.4182,18775,Mobile,Southwest
CNT0037,2024-10-06,31891,28.7,0.6523,19966,Tablet,West
CNT0037,2024-10-07,11195,27.5,0.625,8638,Desktop,Southwest
CNT0037,2024-10-08,10701,30.4,0.6909,7119,Mobile,Southwest
CNT0037,2024-10-09,30321,15.8,0.3591,27103,CTV,Southwest
CNT0037,2024-10-10,34104,17.5,0.3977,30970,Mobile,Southeast
CNT0037,2024-10-11,10993,17.3,0.3932,7280,Desktop,Southeast
CNT0037,2024-10-12,15326,16.5,0.375,13469,Desktop,Northeast
CNT0037,2024-10-13,51558,16.7,0.3795,47301,Mobile,West
CNT0037,2024-10-14,38736,17.2,0.3909,34755,Tablet,Midwest
CNT0037,2024-10-15,31541,29.3,0.6659,22814,Tablet,Midwest
CNT0037,2024-10-16,37701,15.6,0.3545,27439,CTV,Southeast
CNT0037,2024-10-17,24515,35.2,0.8,20519,CTV,Southeast
CNT0037,2024-10-18,6886,40.3,0.9159,5435,Desktop,Northeast
CNT0037,2024-10-19,25591,23.4,0.5318,20872,Mobile,Northeast
CNT0037,2024-10-20,8053,29.3,0.6659,4955,CTV,Southwest
CNT0037,2024-10-21,6044,38.0,0.8636,4916,Mobile,Southeast
CNT0037,2024-10-22,50659,30.8,0.7,40262,Mobile,Southeast
CNT0037,2024-10-23,3498,20.0,0.4545,2498,Tablet,Southwest
CNT0037,2024-10-24,5650,16.9,0.3841,4814,Mobile,Northeast
CNT0037,2024-10-25,11984,35.9,0.8159,8497,Tablet,Southwest
CNT0037,2024-10-26,32928,32.6,0.7409,27144,CTV,Northeast
CNT0037,2024-10-27,11188,33.1,0.7523,8979,Tablet,Southwest
CNT0037,2024-10-28,2000,39.6,0.9,1429,Desktop,Southeast
CNT0037,2024-10-29,4064,17.0,0.3864,3419,Mobile,West
CNT0037,2024-10-30,2367,28.4,0.6455,1726,Desktop,Northeast
CNT0037,2024-10-31,22080,37.7,0.8568,18679,Desktop,Midwest
CNT0038,2024-07-03,365984,18.2,0.8273,322234,CTV,Southwest
CNT0038,2024-07-04,641972,19.1,0.8682,437907,Mobile,Midwest
CNT0038,2024-07-05,609425,14.8,0.6727,417063,Desktop,Northeast
CNT0038,2024-07-06,366359,7.8,0.3545,299547,Desktop,Southwest
CNT0038,2024-07-07,80333,12.9,0.5864,51585,Tablet,Midwest
CNT0038,2024-07-08,343686,12.7,0.5773,271552,Mobile,Southwest
CNT0038,2024-07-09,630014,14.6,0.6636,545963,CTV,West
CNT0038,2024-07-10,219937,9.5,0.4318,201131,CTV,Midwest
CNT0038,2024-07-11,163509,16.0,0.7273,132529,Desktop,Southwest
CNT0038,2024-07-12,347481,13.4,0.6091,304048,Tablet,West
CNT0038,2024-07-13,182207,11.7,0.5318,120433,Desktop,West
CNT0038,2024-07-14,207078,17.1,0.7773,164325,Desktop,Southeast
CNT0038,2024-07-15,42843,8.9,0.4045,38567,Desktop,West
CNT0038,2024-07-16,100327,14.3,0.65,80422,CTV,West
CNT0038,2024-07-17,215281,16.1,0.7318,155024,Desktop,Southwest
CNT0038,2024-07-18,39673,9.4,0.4273,33735,Tablet,Southeast
CNT0038,2024-07-19,286430,17.8,0.8091,259603,CTV,Northeast
CNT0038,2024-07-20,247716,12.6,0.5727,209565,Tablet,West
CNT0038,2024-07-21,33722,17.3,0.7864,23561,Mobile,Midwest
CNT0038,2024-07-22,248878,18.7,0.85,196673,Tablet,West
CNT0038,2024-07-23,298685,8.3,0.3773,217044,Tablet,Southeast
CNT0038,2024-07-24,228666,17.1,0.7773,197312,Desktop,Northeast
CNT0038,2024-07-25,66286,8.5,0.3864,47490,Tablet,Southeast
CNT0038,2024-07-26,143065,8.8,0.4,128772,Desktop,Southeast
CNT0038,2024-07-27,141185,9.9,0.45,93885,Mobile,Midwest
CNT0038,2024-07-28,114468,18.1,0.8227,68705,Desktop,Southwest
CNT0038,2024-07-29,307846,11.6,0.5273,223173,CTV,West
CNT0038,2024-07-30,91655,9.1,0.4136,83025,CTV,Midwest
CNT0038,2024-07-31,83872,7.8,0.3545,59984,Mobile,Midwest
CNT0038,2024-08-01,72092,17.3,0.7864,47601,CTV,Southwest
CNT0038,2024-08-02,92559,12.4,0.5636,67788,Desktop,Southwest
CNT0038,2024-08-03,170607,10.6,0.4818,138608,Mobile,Southeast
CNT0038,2024-08-04,72440,16.8,0.7636,59948,CTV,Southwest
CNT0038,2024-08-05,33491,18.8,0.8545,29968,Desktop,Midwest
CNT0038,2024-08-06,59632,16.8,0.7636,50908,Desktop,Northeast
CNT0038,2024-08-07,74001,18.5,0.8409,63521,Tablet,Southwest
CNT0038,2024-08-08,62745,11.0,0.5,55856,Mobile,West
CNT0038,2024-08-09,165688,15.1,0.6864,128255,Desktop,Northeast
CNT0038,2024-08-10,47504,8.9,0.4045,30246,Mobile,Southeast
CNT0038,2024-08-11,38571,10.4,0.4727,30828,CTV,Southwest
CNT0038,2024-08-12,35074,15.9,0.7227,31820,Tablet,Southeast
CNT0038,2024-08-13,70274,9.7,0.4409,51348,Tablet,Southwest
CNT0038,2024-08-14,102744,17.2,0.7818,75955,Mobile,Midwest
CNT0038,2024-08-15,101354,14.0,0.6364,75461,Desktop,Midwest
CNT0038,2024-08-16,37866,12.9,0.5864,32016,Desktop,Southwest
CNT0038,2024-08-17,120252,19.6,0.8909,77681,Tablet,Southeast
CNT0038,2024-08-18,71488,11.6,0.5273,60000,Mobile,Midwest
CNT0038,2024-08-19,34358,11.8,0.5364,21358,Tablet,Southwest
CNT0038,2024-08-20,117723,14.7,0.6682,77662,CTV,Midwest
CNT0038,2024-08-21,16856,20.1,0.9136,11471,Desktop,Southeast
CNT0038,2024-08-22,101513,16.9,0.7682,66972,Tablet,Southeast
CNT0038,2024-08-23,7705,20.1,0.9136,5711,Tablet,West
CNT0038,2024-08-24,78099,19.2,0.8727,64568,Mobile,Southwest
CNT0038,2024-08-25,82684,19.9,0.9045,57527,Tablet,Northeast
CNT0038,2024-08-26,108988,9.3,0.4227,87217,Desktop,Southeast
CNT0038,2024-08-27,14492,16.3,0.7409,12505,Tablet,Southwest
CNT0038,2024-08-28,42117,15.3,0.6955,26654,Mobile,West
CNT0038,2024-08-29,22545,8.9,0.4045,18251,Tablet,Midwest
CNT0038,2024-08-30,89752,19.0,0.8636,56212,Desktop,Southeast
CNT0038,2024-08-31,5449,15.7,0.7136,3481,Tablet,Northeast
CNT0038,2024-09-01,25687,19.3,0.8773,18334,Tablet,Midwest
CNT0038,2024-09-02,43972,16.6,0.7545,30771,Mobile,Southeast
CNT0038,2024-09-03,8629,15.2,0.6909,6868,Tablet,Northeast
CNT0038,2024-09-04,16588,16.3,0.7409,11876,Mobile,Southeast
CNT0038,2024-09-05,20520,17.6,0.8,18437,Mobile,Southwest
CNT0038,2024-09-06,31038,18.3,0.8318,23265,CTV,Northeast
CNT0038,2024-09-07,7396,17.1,0.7773,6311,Desktop,Southeast
CNT0038,2024-09-08,27448,11.5,0.5227,21735,Desktop,Southwest
CNT0038,2024-09-09,53957,12.2,0.5545,41897,Tablet,Northeast
CNT0038,2024-09-10,34337,14.3,0.65,21616,Tablet,Southwest
CNT0038,2024-09-11,35172,8.4,0.3818,29100,Mobile,Northeast
CNT0038,2024-09-12,26069,14.9,0.6773,16921,Desktop,Southeast
CNT0038,2024-09-13,30815,13.2,0.6,27544,Mobile,West
CNT0038,2024-09-14,18411,15.0,0.6818,11311,Mobile,Southeast
CNT0038,2024-09-15,7679,9.7,0.4409,5064,Desktop,Midwest
CNT0038,2024-09-16,38665,8.2,0.3727,34084,CTV,Midwest
CNT0038,2024-09-17,21774,10.3,0.4682,13884,Desktop,Southwest
CNT0038,2024-09-18,17172,17.7,0.8045,13356,Desktop,West
CNT0038,2024-09-19,20076,16.8,0.7636,15234,CTV,West
CNT0038,2024-09-20,3110,10.5,0.4773,2249,Desktop,West
CNT0038,2024-09-21,2609,7.7,0.35,2372,Tablet,Southeast
CNT0038,2024-09-22,8419,18.4,0.8364,6532,Mobile,Northeast
CNT0038,2024-09-23,10252,17.6,0.8,8267,Mobile,Northeast
CNT0038,2024-09-24,27598,18.1,0.8227,18435,Tablet,Southwest
CNT0038,2024-09-25,8578,13.7,0.6227,7315,Tablet,Southeast
CNT0038,2024-09-26,13067,11.0,0.5,11145,Mobile,Southeast
CNT0038,2024-09-27,1513,19.1,0.8682,1257,Desktop,Southwest
CNT0038,2024-09-28,11652,14.8,0.6727,9460,CTV,West
CNT0038,2024-09-29,13242,16.0,0.7273,9627,Desktop,Southwest
CNT0038,2024-09-30,16974,20.1,0.9136,10697,Mobile,Midwest
CNT0039,2024-11-23,727941,78.4,0.8711,484653,Desktop,Southwest
CNT0039,2024-11-24,464717,61.2,0.68,427489,CTV,Northeast
CNT0039,2024-11-25,546643,65.2,0.7244,499666,Tablet,Midwest
CNT0039,2024-11-26,139896,39.4,0.4378,95639,CTV,Northeast
CNT0039,2024-11-27,436484,69.9,0.7767,327213,CTV,West
CNT0039,2024-11-28,610607,32.5,0.3611,475611,Mobile,West
CNT0039,2024-11-29,258789,63.6,0.7067,199083,CTV,West
CNT0039,2024-11-30,201582,61.2,0.68,180663,Desktop,Southwest
CNT0039,2024-12-01,191371,40.1,0.4456,152953,Tablet,Southwest
CNT0039,2024-12-02,118954,78.8,0.8756,79311,Tablet,Southeast
CNT0039,2024-12-03,593186,51.7,0.5744,465285,Mobile,West
CNT0039,2024-12-04,219770,55.2,0.6133,168408,Tablet,West
CNT0039,2024-12-05,344286,60.6,0.6733,246330,Tablet,Northeast
CNT0039,2024-12-06,171155,74.3,0.8256,119594,Tablet,Midwest
CNT0039,2024-12-07,459240,35.2,0.3911,326397,CTV,Southwest
CNT0039,2024-12-08,350751,59.4,0.66,243873,Tablet,West
CNT0039,2024-12-09,76286,41.3,0.4589,60609,CTV,West
CNT0039,2024-12-10,224268,37.4,0.4156,196701,CTV,Northeast
CNT0039,2024-12-11,75941,35.7,0.3967,60383,Desktop,Midwest
CNT0039,2024-12-12,400111,81.1,0.9011,279478,Mobile,Southeast
CNT0039,2024-12-13,238965,81.4,0.9044,181566,Mobile,Northeast
CNT0039,2024-12-14,103149,82.4,0.9156,81816,CTV,Northeast
CNT0039,2024-12-15,200513,80.3,0.8922,126547,Tablet,Midwest
CNT0039,2024-12-16,149079,67.6,0.7511,90332,CTV,Midwest
CNT0039,2024-12-17,206859,43.0,0.4778,167902,CTV,West
CNT0039,2024-12-18,182862,63.0,0.7,143205,Tablet,Southeast
CNT0039,2024-12-19,156740,54.7,0.6078,143087,Tablet,Northeast
CNT0039,2024-12-20,25933,72.6,0.8067,21880,Tablet,Southeast
CNT0039,2024-12-21,125684,47.2,0.5244,102543,CTV,Midwest
CNT0039,2024-12-22,186406,72.5,0.8056,145701,Tablet,Southeast
CNT0039,2024-12-23,108998,78.2,0.8689,87039,Tablet,Northeast
CNT0039,2024-12-24,164912,74.8,0.8311,133016,Desktop,West
CNT0039,2024-12-25,212482,41.5,0.4611,179723,Tablet,West
CNT0039,2024-12-26,18255,37.6,0.4178,14932,Desktop,Southwest
CNT0039,2024-12-27,20625,74.3,0.8256,15454,Tablet,Southeast
CNT0039,2024-12-28,228873,73.0,0.8111,190800,Tablet,Northeast
CNT0039,2024-12-29,179607,53.3,0.5922,127324,Tablet,Northeast
CNT0039,2024-12-30,23491,79.1,0.8789,18031,Tablet,Southeast
CNT0039,2024-12-31,71991,57.2,0.6356,65916,Tablet,Southwest
CNT0040,2024-07-17,413887,36.2,0.8227,374007,Mobile,West
CNT0040,2024-07-18,382323,22.2,0.5045,290098,Mobile,West
CNT0040,2024-07-19,209148,19.2,0.4364,151966,Tablet,West
CNT0040,2024-07-20,428232,30.3,0.6886,367727,Desktop,Midwest
CNT0040,2024-07-21,491702,26.5,0.6023,411679,Tablet,Southwest
CNT0040,2024-07-22,230984,35.9,0.8159,185379,Tablet,Northeast
CNT0040,2024-07-23,314241,24.3,0.5523,251730,Mobile,Midwest
CNT0040,2024-07-24,402240,38.2,0.8682,352495,CTV,Southeast
CNT0040,2024-07-25,215225,16.0,0.3636,154241,Tablet,West
CNT0040,2024-07-26,133818,30.5,0.6932,80528,Desktop,Southwest
CNT0040,2024-07-27,499469,25.4,0.5773,440091,Desktop,Midwest
CNT0040,2024-07-28,56070,21.3,0.4841,48080,Desktop,Midwest
CNT0040,2024-07-29,401775,37.1,0.8432,245248,Tablet,Southwest
CNT0040,2024-07-30,23184,24.8,0.5636,17857,Mobile,Southwest
CNT0040,2024-07-31,221914,38.6,0.8773,174360,Mobile,Southwest
CNT0040,2024-08-01,80620,21.6,0.4909,63872,Desktop,Southwest
CNT0040,2024-08-02,67423,32.9,0.7477,46423,CTV,West
CNT0040,2024-08-03,146320,26.9,0.6114,90384,Desktop,Northeast
CNT0040,2024-08-04,192442,15.4,0.35,169651,Mobile,Southeast
CNT0040,2024-08-05,328522,21.9,0.4977,200194,CTV,Northeast
CNT0040,2024-08-06,86749,25.6,0.5818,66387,Tablet,Southwest
CNT0040,2024-08-07,249720,20.6,0.4682,221020,Tablet,West
CNT0040,2024-08-08,90672,31.6,0.7182,62135,Tablet,West
CNT0040,2024-08-09,37165,21.6,0.4909,32416,Mobile,West
CNT0040,2024-08-10,88167,36.0,0.8182,68992,Tablet,Midwest
CNT0040,2024-08-11,66676,23.8,0.5409,43134,CTV,Southwest
CNT0040,2024-08-12,142437,35.9,0.8159,88644,CTV,Northeast
CNT0040,2024-08-13,69503,31.2,0.7091,51403,Tablet,Southwest
CNT0040,2024-08-14,39218,32.5,0.7386,31014,CTV,West
CNT0040,2024-08-15,107030,39.9,0.9068,73204,Tablet,West
CNT0040,2024-08-16,243620,31.3,0.7114,161933,Mobile,Southeast
CNT0040,2024-08-17,24582,26.1,0.5932,16822,Mobile,Midwest
CNT0040,2024-08-18,133379,37.0,0.8409,95870,Tablet,Southwest
CNT0040,2024-08-19,155953,20.7,0.4705,110609,Desktop,Southeast
CNT0040,2024-08-20,109370,16.2,0.3682,92239,CTV,West
CNT0040,2024-08-21,110198,27.2,0.6182,81377,Tablet,Northeast
CNT0040,2024-08-22,151926,17.5,0.3977,132291,CTV,Southeast
CNT0040,2024-08-23,184429,20.0,0.4545,162772,Tablet,Northeast
CNT0040,2024-08-24,56302,29.7,0.675,36076,Tablet,West
CNT0040,2024-08-25,59729,24.5,0.5568,48157,Desktop,Northeast
CNT0040,2024-08-26,136160,33.9,0.7705,90719,Mobile,West
CNT0040,2024-08-27,84935,38.9,0.8841,63080,Desktop,Southwest
CNT0040,2024-08-28,9900,27.7,0.6295,6149,CTV,West
CNT0040,2024-08-29,125329,24.5,0.5568,110748,Tablet,Midwest
CNT0040,2024-08-30,18479,27.8,0.6318,16797,Mobile,Southwest
CNT0040,2024-08-31,143510,31.6,0.7182,106375,Desktop,Southwest
CNT0040,2024-09-01,33812,35.6,0.8091,22754,Desktop,West
CNT0040,2024-09-02,42987,26.3,0.5977,37705,Desktop,Northeast
CNT0040,2024-09-03,58803,37.4,0.85,46951,Tablet,Southeast
CNT0040,2024-09-04,67376,16.8,0.3818,40638,CTV,West
CNT0040,2024-09-05,87811,37.2,0.8455,66906,Tablet,Midwest
CNT0040,2024-09-06,49711,33.9,0.7705,31142,Tablet,Southwest
CNT0040,2024-09-07,46507,34.1,0.775,35383,Desktop,Midwest
CNT0040,2024-09-08,23633,37.7,0.8568,18345,Desktop,Southwest
CNT0040,2024-09-09,15810,16.0,0.3636,14524,CTV,West
CNT0040,2024-09-10,83179,37.7,0.8568,61504,Desktop,Southeast
CNT0040,2024-09-11,53698,30.9,0.7023,45643,CTV,Midwest
CNT0040,2024-09-12,22994,20.6,0.4682,20507,CTV,Southeast
CNT0040,2024-09-13,74070,39.2,0.8909,60047,Tablet,West
CNT0040,2024-09-14,16975,20.9,0.475,15396,Mobile,Southeast
CNT0040,2024-09-15,32380,36.7,0.8341,23567,Desktop,Northeast
CNT0040,2024-09-16,28995,16.1,0.3659,22938,CTV,Midwest
CNT0040,2024-09-17,32523,35.6,0.8091,28272,Mobile,West
CNT0040,2024-09-18,20501,38.6,0.8773,12469,Mobile,Southwest
CNT0040,2024-09-19,23423,20.8,0.4727,18239,Desktop,Northeast
CNT0040,2024-09-20,5795,22.7,0.5159,3848,Mobile,Northeast
CNT0040,2024-09-21,55980,36.8,0.8364,50306,Mobile,Northeast
CNT0040,2024-09-22,19759,28.7,0.6523,12642,CTV,Southwest
CNT0040,2024-09-23,11884,38.2,0.8682,7343,Desktop,Midwest
CNT0040,2024-09-24,42769,22.6,0.5136,31796,Desktop,West
CNT0040,2024-09-25,29794,30.4,0.6909,26313,Mobile,Midwest
CNT0040,2024-09-26,23971,31.4,0.7136,16894,CTV,Midwest
CNT0040,2024-09-27,8022,28.8,0.6545,6060,Mobile,Southwest
CNT0040,2024-09-28,8095,26.3,0.5977,5568,Mobile,Southwest
CNT0040,2024-09-29,23710,37.2,0.8455,14973,Desktop,Southeast
CNT0040,2024-09-30,17724,24.6,0.5591,13283,Tablet,Southwest
CNT0040,2024-10-01,20167,32.0,0.7273,12611,Desktop,Southwest
CNT0040,2024-10-02,2886,21.5,0.4886,2596,CTV,Southwest
CNT0040,2024-10-03,21789,33.7,0.7659,19016,Desktop,Midwest
CNT0040,2024-10-04,18157,34.0,0.7727,13529,CTV,Midwest
CNT0040,2024-10-05,2696,36.1,0.8205,2275,Desktop,Southwest
CNT0040,2024-10-06,9070,37.6,0.8545,7895,CTV,Southwest
CNT0040,2024-10-07,31540,18.8,0.4273,21500,Tablet,Midwest
CNT0040,2024-10-08,3712,21.4,0.4864,2622,Tablet,West
CNT0040,2024-10-09,30810,38.7,0.8795,21903,Desktop,Southwest
CNT0040,2024-10-10,33711,35.5,0.8068,30303,Desktop,Midwest
CNT0040,2024-10-11,23100,28.2,0.6409,20208,Mobile,Southeast
CNT0040,2024-10-12,9950,26.4,0.6,7019,Tablet,West
CNT0040,2024-10-13,19966,27.9,0.6341,15130,Desktop,Southwest
CNT0040,2024-10-14,5845,24.7,0.5614,5151,CTV,Southeast
CNT0041,2024-08-27,342321,14.1,0.6409,221647,Desktop,Southwest
CNT0041,2024-08-28,279885,13.8,0.6273,210020,CTV,Northeast
CNT0041,2024-08-29,707377,8.5,0.3864,488944,Desktop,Midwest
CNT0041,2024-08-30,614436,20.0,0.9091,476294,Desktop,Southwest
CNT0041,2024-08-31,653675,16.9,0.7682,488811,Desktop,Northeast
CNT0041,2024-09-01,384095,13.0,0.5909,254729,Desktop,West
CNT0041,2024-09-02,561370,18.3,0.8318,357913,Desktop,Midwest
CNT0041,2024-09-03,529286,10.5,0.4773,470283,Mobile,West
CNT0041,2024-09-04,359607,13.3,0.6045,287578,CTV,West
CNT0041,2024-09-05,231452,9.3,0.4227,150341,Mobile,West
CNT0041,2024-09-06,126077,16.2,0.7364,91675,Mobile,Northeast
CNT0041,2024-09-07,304675,17.9,0.8136,275273,Mobile,Midwest
CNT0041,2024-09-08,137027,13.9,0.6318,122946,CTV,Northeast
CNT0041,2024-09-09,218351,11.2,0.5091,156481,Mobile,Midwest
CNT0041,2024-09-10,280875,12.2,0.5545,255117,Desktop,West
CNT0041,2024-09-11,112855,19.7,0.8955,83023,Mobile,Southeast
CNT0041,2024-09-12,217400,17.7,0.8045,194984,Tablet,West
CNT0041,2024-09-13,192230,14.1,0.6409,149815,Desktop,Northeast
CNT0041,2024-09-14,214586,20.1,0.9136,179827,CTV,Northeast
CNT0041,2024-09-15,296076,12.9,0.5864,245628,Desktop,Southeast
CNT0041,2024-09-16,67995,13.6,0.6182,48859,Desktop,West
CNT0041,2024-09-17,323505,11.7,0.5318,210529,Tablet,Southwest
CNT0041,2024-09-18,100311,10.5,0.4773,78033,CTV,Southwest
CNT0041,2024-09-19,284997,19.8,0.9,250372,Tablet,Northeast
CNT0041,2024-09-20,249751,14.9,0.6773,226855,Desktop,Northeast
CNT0041,2024-09-21,48720,8.1,0.3682,35028,Mobile,Southwest
CNT0041,2024-09-22,47332,8.9,0.4045,33994,Mobile,Southeast
CNT0041,2024-09-23,27339,9.7,0.4409,18897,CTV,Southwest
CNT0041,2024-09-24,327369,10.1,0.4591,267433,Mobile,Southeast
CNT0041,2024-09-25,241412,13.1,0.5955,183455,CTV,Southeast
CNT0041,2024-09-26,19746,16.0,0.7273,17467,Tablet,Southwest
CNT0041,2024-09-27,74610,19.5,0.8864,68504,CTV,Southwest
CNT0041,2024-09-28,132096,15.4,0.7,101585,Desktop,West
CNT0041,2024-09-29,143696,8.9,0.4045,120976,Tablet,West
CNT0041,2024-09-30,104542,10.8,0.4909,92230,Mobile,Northeast
CNT0041,2024-10-01,145043,10.6,0.4818,110813,CTV,Southeast
CNT0041,2024-10-02,102828,10.0,0.4545,86899,Tablet,Midwest
CNT0041,2024-10-03,88978,11.2,0.5091,74113,Tablet,Midwest
CNT0041,2024-10-04,65327,18.3,0.8318,44582,Mobile,Southeast
CNT0041,2024-10-05,110123,15.2,0.6909,81370,Mobile,West
CNT0041,2024-10-06,100127,17.5,0.7955,70561,CTV,Southwest
CNT0041,2024-10-07,110535,13.3,0.6045,96554,Desktop,Southwest
CNT0041,2024-10-08,111814,9.8,0.4455,80977,Tablet,Northeast
CNT0041,2024-10-09,81165,19.4,0.8818,55380,Mobile,Southwest
CNT0041,2024-10-10,113244,16.5,0.75,76981,Desktop,Midwest
CNT0041,2024-10-11,91751,12.8,0.5818,74240,Mobile,Southwest
CNT0041,2024-10-12,55679,7.8,0.3545,36126,Tablet,Southwest
CNT0041,2024-10-13,4738,18.3,0.8318,4266,Tablet,Midwest
CNT0041,2024-10-14,69799,12.6,0.5727,51222,CTV,Northeast
CNT0041,2024-10-15,112748,20.1,0.9136,74217,Mobile,Southwest
CNT0041,2024-10-16,29327,10.7,0.4864,24842,Mobile,Midwest
CNT0041,2024-10-17,58010,14.7,0.6682,37356,CTV,Southeast
CNT0041,2024-10-18,85476,10.3,0.4682,64578,Desktop,Northeast
CNT0041,2024-10-19,60263,16.2,0.7364,37398,Tablet,West
CNT0041,2024-10-20,55376,16.6,0.7545,50757,Desktop,West
CNT0041,2024-10-21,32414,10.8,0.4909,29076,Desktop,Midwest
CNT0041,2024-10-22,94989,12.5,0.5682,81313,Desktop,West
CNT0041,2024-10-23,66928,12.7,0.5773,57706,Desktop,West
CNT0041,2024-10-24,56968,12.5,0.5682,46522,CTV,Midwest
CNT0041,2024-10-25,47165,8.5,0.3864,39388,Tablet,West
CNT0041,2024-10-26,38387,13.0,0.5909,30883,Desktop,Southeast
CNT0041,2024-10-27,40077,19.2,0.8727,26170,CTV,Midwest
CNT0041,2024-10-28,48413,9.0,0.4091,43953,Desktop,Southeast
CNT0041,2024-10-29,22112,17.7,0.8045,14523,CTV,Midwest
CNT0041,2024-10-30,19041,8.8,0.4,15598,Tablet,West
CNT0041,2024-10-31,26325,13.4,0.6091,16635,Desktop,Southeast
CNT0041,2024-11-01,7611,10.8,0.4909,4768,CTV,Southwest
CNT0041,2024-11-02,46319,12.1,0.55,41784,CTV,Midwest
CNT0041,2024-11-03,39699,12.4,0.5636,25106,Mobile,Midwest
CNT0041,2024-11-04,44247,11.7,0.5318,34242,Desktop,Southeast
CNT0041,2024-11-05,17641,18.1,0.8227,14590,Tablet,West
CNT0041,2024-11-06,23135,16.6,0.7545,15397,Tablet,Southwest
CNT0041,2024-11-07,48596,16.7,0.7591,41278,Mobile,Southeast
CNT0041,2024-11-08,15654,14.6,0.6636,9400,CTV,Southwest
CNT0041,2024-11-09,44141,19.9,0.9045,36890,Tablet,Northeast
CNT0041,2024-11-10,3443,12.3,0.5591,2205,CTV,Southwest
CNT0041,2024-11-11,19189,12.1,0.55,17040,Desktop,Southwest
CNT0041,2024-11-12,18036,12.2,0.5545,14276,Desktop,Southeast
CNT0041,2024-11-13,35400,7.9,0.3591,23281,Tablet,Northeast
CNT0041,2024-11-14,5880,17.8,0.8091,3933,Mobile,Northeast
CNT0041,2024-11-15,11789,19.5,0.8864,7096,Tablet,West
CNT0041,2024-11-16,16012,9.2,0.4182,9812,CTV,Northeast
CNT0041,2024-11-17,30690,17.1,0.7773,27224,Mobile,Northeast
CNT0041,2024-11-18,18235,14.6,0.6636,13600,Desktop,Southeast
CNT0041,2024-11-19,24697,9.1,0.4136,22708,Mobile,Southeast
CNT0041,2024-11-20,3006,11.3,0.5136,1883,Mobile,West
CNT0041,2024-11-21,9998,10.8,0.4909,6277,Tablet,West
CNT0041,2024-11-22,12647,12.1,0.55,11052,Mobile,Southeast
CNT0041,2024-11-23,6912,12.7,0.5773,6147,Desktop,Midwest
CNT0041,2024-11-24,11987,8.0,0.3636,10118,Desktop,West
CNT0042,2024-09-30,340864,11.9,0.5409,220857,Tablet,Southeast
CNT0042,2024-10-01,77746,16.2,0.7364,56728,Tablet,Northeast
CNT0042,2024-10-02,212192,13.4,0.6091,148642,CTV,Northeast
CNT0042,2024-10-03,486864,19.0,0.8636,423837,Tablet,Southwest
CNT0042,2024-10-04,499337,8.2,0.3727,392126,Desktop,West
CNT0042,2024-10-05,91882,17.4,0.7909,83692,CTV,Southwest
CNT0042,2024-10-06,131712,18.4,0.8364,98147,Mobile,Southeast
CNT0042,2024-10-07,226927,12.3,0.5591,193940,Mobile,Southeast
CNT0042,2024-10-08,58971,15.6,0.7091,42375,Desktop,Southwest
CNT0042,2024-10-09,444066,11.7,0.5318,278077,Tablet,Midwest
CNT0042,2024-10-10,301905,18.0,0.8182,267742,Desktop,Southeast
CNT0042,2024-10-11,149237,18.5,0.8409,123270,Mobile,Northeast
CNT0042,2024-10-12,126391,11.1,0.5045,91848,Desktop,West
CNT0042,2024-10-13,425645,17.5,0.7955,340935,Desktop,Northeast
CNT0042,2024-10-14,308195,8.0,0.3636,255998,Desktop,Northeast
CNT0042,2024-10-15,437847,19.1,0.8682,307963,Desktop,Southwest
CNT0042,2024-10-16,338628,8.1,0.3682,237425,CTV,Southwest
CNT0042,2024-10-17,98984,10.1,0.4591,71786,Desktop,Southeast
CNT0042,2024-10-18,138709,20.0,0.9091,92239,Mobile,Northeast
CNT0042,2024-10-19,106344,13.7,0.6227,90085,Desktop,Southeast
CNT0042,2024-10-20,312845,16.5,0.75,193006,Desktop,Northeast
CNT0042,2024-10-21,151127,17.4,0.7909,103421,Tablet,West
CNT0042,2024-10-22,33768,15.7,0.7136,21846,Tablet,Northeast
CNT0042,2024-10-23,132436,13.2,0.6,84179,Mobile,Midwest
CNT0042,2024-10-24,243644,16.5,0.75,194712,Mobile,Southeast
CNT0042,2024-10-25,356822,18.0,0.8182,299142,CTV,West
CNT0042,2024-10-26,220233,18.2,0.8273,170131,Tablet,Southwest
CNT0042,2024-10-27,52594,13.4,0.6091,41740,Desktop,Northeast
CNT0042,2024-10-28,118655,15.3,0.6955,89934,Mobile,Southwest
CNT0042,2024-10-29,81075,8.1,0.3682,66843,CTV,Midwest
CNT0042,2024-10-30,126902,18.9,0.8591,100086,Tablet,Southwest
CNT0042,2024-10-31,206239,10.1,0.4591,171094,CTV,West
CNT0042,2024-11-01,191522,10.4,0.4727,169419,Desktop,West
CNT0042,2024-11-02,17966,14.2,0.6455,14880,Desktop,Midwest
CNT0042,2024-11-03,24417,12.5,0.5682,20152,Desktop,Midwest
CNT0042,2024-11-04,36998,20.0,0.9091,26153,Mobile,Midwest
CNT0042,2024-11-05,158152,8.0,0.3636,120067,Tablet,Midwest
CNT0042,2024-11-06,11668,14.9,0.6773,8464,CTV,West
CNT0042,2024-11-07,122160,18.7,0.85,85818,Mobile,Southeast
CNT0042,2024-11-08,67000,9.1,0.4136,54385,Mobile,West
CNT0042,2024-11-09,14031,17.2,0.7818,12810,Tablet,Northeast
CNT0042,2024-11-10,45931,14.7,0.6682,35091,CTV,Northeast
CNT0042,2024-11-11,16246,20.1,0.9136,14354,Mobile,West
CNT0042,2024-11-12,11679,15.1,0.6864,7261,Desktop,Southwest
CNT0042,2024-11-13,9446,17.9,0.8136,5870,Tablet,Northeast
CNT0042,2024-11-14,7975,18.6,0.8455,7323,Tablet,West
CNT0042,2024-11-15,120635,9.8,0.4455,73312,Tablet,West
CNT0042,2024-11-16,89650,18.4,0.8364,76307,CTV,Midwest
CNT0042,2024-11-17,130277,15.1,0.6864,83757,Tablet,Southwest
CNT0042,2024-11-18,25969,18.7,0.85,16417,Desktop,West
CNT0042,2024-11-19,83422,15.9,0.7227,69680,Tablet,Midwest
CNT0042,2024-11-20,64373,8.1,0.3682,48735,Mobile,Midwest
CNT0042,2024-11-21,78382,12.2,0.5545,64470,CTV,Southwest
CNT0042,2024-11-22,29883,9.6,0.4364,21315,CTV,Southeast
CNT0042,2024-11-23,49339,12.7,0.5773,43110,Tablet,Midwest
CNT0042,2024-11-24,53887,17.5,0.7955,42847,Desktop,Northeast
CNT0042,2024-11-25,11980,13.9,0.6318,7593,Tablet,Midwest
CNT0042,2024-11-26,52340,12.9,0.5864,39324,Desktop,Southwest
CNT0042,2024-11-27,16249,14.6,0.6636,13549,Tablet,West
CNT0042,2024-11-28,27828,14.1,0.6409,25101,Desktop,West
CNT0042,2024-11-29,49700,15.3,0.6955,35765,Desktop,Southwest
CNT0042,2024-11-30,23518,10.4,0.4727,15880,Tablet,Southwest
CNT0042,2024-12-01,55355,15.1,0.6864,46528,Mobile,Midwest
CNT0042,2024-12-02,19727,17.4,0.7909,17153,Mobile,Northeast
CNT0042,2024-12-03,61522,12.5,0.5682,41917,CTV,Southeast
CNT0042,2024-12-04,28965,17.9,0.8136,18416,CTV,Southwest
CNT0042,2024-12-05,32452,19.8,0.9,25444,Mobile,Midwest
CNT0042,2024-12-06,21827,16.2,0.7364,14583,CTV,Southeast
CNT0042,2024-12-07,46303,13.7,0.6227,30993,Desktop,West
CNT0042,2024-12-08,49902,9.4,0.4273,42681,Tablet,Midwest
CNT0042,2024-12-09,12041,10.7,0.4864,10473,Mobile,West
CNT0042,2024-12-10,47545,9.9,0.45,30592,Desktop,Southwest
CNT0042,2024-12-11,32880,10.9,0.4955,25032,CTV,Southeast
CNT0042,2024-12-12,33825,9.7,0.4409,26690,Mobile,Midwest
CNT0042,2024-12-13,24214,9.2,0.4182,16316,Mobile,Southeast
CNT0042,2024-12-14,9221,15.0,0.6818,5776,Tablet,Southwest
CNT0042,2024-12-15,19233,11.9,0.5409,17280,Mobile,Southwest
CNT0042,2024-12-16,35109,11.2,0.5091,29168,Tablet,Midwest
CNT0042,2024-12-17,36193,15.8,0.7182,25378,Tablet,West
CNT0042,2024-12-18,23363,17.5,0.7955,18223,Tablet,Midwest
CNT0042,2024-12-19,13028,8.6,0.3909,8340,Desktop,Southeast
CNT0042,2024-12-20,13670,15.7,0.7136,9104,Mobile,Southwest
CNT0042,2024-12-21,32031,8.7,0.3955,26290,Tablet,Midwest
CNT0042,2024-12-22,2056,18.4,0.8364,1326,Tablet,Southeast
CNT0042,2024-12-23,5162,15.5,0.7045,3948,Mobile,West
CNT0042,2024-12-24,21350,16.5,0.75,15359,Desktop,West
CNT0042,2024-12-25,7103,18.8,0.8545,4845,Mobile,Southwest
CNT0042,2024-12-26,4530,12.8,0.5818,3265,Tablet,Northeast
CNT0042,2024-12-27,14297,14.4,0.6545,10062,Tablet,Southwest
CNT0042,2024-12-28,7311,10.6,0.4818,6545,Desktop,Midwest
CNT0043,2024-08-22,162635,34.6,0.3844,134888,CTV,Midwest
CNT0043,2024-08-23,199485,75.5,0.8389,169451,Tablet,Midwest
CNT0043,2024-08-24,677485,41.4,0.46,466847,Mobile,Northeast
CNT0043,2024-08-25,45334,37.0,0.4111,34810,CTV,Southwest
CNT0043,2024-08-26,521397,76.5,0.85,415441,CTV,Southeast
CNT0043,2024-08-27,132542,70.6,0.7844,116113,Mobile,Midwest
CNT0043,2024-08-28,369227,81.3,0.9033,259458,Desktop,Southwest
CNT0043,2024-08-29,557788,35.5,0.3944,350585,Tablet,Northeast
CNT0043,2024-08-30,160561,46.9,0.5211,115317,CTV,Northeast
CNT0043,2024-08-31,355967,46.2,0.5133,319860,Mobile,West
CNT0043,2024-09-01,160751,47.0,0.5222,144846,Desktop,Midwest
CNT0043,2024-09-02,304332,82.2,0.9133,182915,Mobile,Northeast
CNT0043,2024-09-03,187989,49.0,0.5444,127872,Tablet,Southwest
CNT0043,2024-09-04,517620,67.2,0.7467,334438,Mobile,Southwest
CNT0043,2024-09-05,227131,31.7,0.3522,197079,CTV,West
CNT0043,2024-09-06,236131,65.7,0.73,158987,Tablet,West
CNT0043,2024-09-07,71159,78.6,0.8733,60944,Desktop,Midwest
CNT0043,2024-09-08,194434,66.6,0.74,161504,CTV,West
CNT0043,2024-09-09,39338,72.3,0.8033,26747,CTV,Northeast
CNT0043,2024-09-10,226709,61.2,0.68,192161,CTV,West
CNT0043,2024-09-11,94852,48.8,0.5422,59174,CTV,Southeast
CNT0043,2024-09-12,23493,78.3,0.87,15339,CTV,West
CNT0043,2024-09-13,184384,52.0,0.5778,133226,CTV,Southwest
CNT0043,2024-09-14,145369,53.9,0.5989,118130,CTV,Southwest
CNT0043,2024-09-15,190587,45.3,0.5033,126046,Mobile,West
CNT0043,2024-09-16,218968,50.0,0.5556,187690,Mobile,Southwest
CNT0043,2024-09-17,91746,81.8,0.9089,72583,CTV,Midwest
CNT0043,2024-09-18,121767,67.2,0.7467,107321,CTV,West
CNT0043,2024-09-19,289743,62.9,0.6989,235686,Tablet,Southwest
CNT0043,2024-09-20,84171,60.5,0.6722,69461,Mobile,Midwest
CNT0043,2024-09-21,222563,40.6,0.4511,139637,CTV,Northeast
CNT0043,2024-09-22,212293,46.0,0.5111,166127,Desktop,Southwest
CNT0043,2024-09-23,45852,46.4,0.5156,31681,CTV,Southeast
CNT0043,2024-09-24,173980,80.8,0.8978,142990,Tablet,Southwest
CNT0043,2024-09-25,175190,41.2,0.4578,111897,Mobile,West
CNT0043,2024-09-26,120412,39.4,0.4378,107147,Mobile,Northeast
CNT0043,2024-09-27,33423,54.6,0.6067,29572,Mobile,Northeast
CNT0043,2024-09-28,159773,77.8,0.8644,128922,Desktop,West
CNT0043,2024-09-29,179922,81.8,0.9089,137517,Tablet,West
CNT0043,2024-09-30,93691,63.5,0.7056,72517,Mobile,West
CNT0043,2024-10-01,56280,79.7,0.8856,44571,Mobile,West
CNT0043,2024-10-02,116190,77.0,0.8556,81870,CTV,West
CNT0043,2024-10-03,64349,80.6,0.8956,52896,CTV,Midwest
CNT0043,2024-10-04,35725,72.3,0.8033,29658,CTV,Northeast
CNT0043,2024-10-05,22408,41.3,0.4589,17154,Mobile,Southeast
CNT0043,2024-10-06,20367,49.9,0.5544,17621,Mobile,Southeast
CNT0043,2024-10-07,35341,40.9,0.4544,24039,CTV,Southeast
CNT0043,2024-10-08,38058,76.7,0.8522,33512,Desktop,West
CNT0043,2024-10-09,21239,79.9,0.8878,15982,CTV,Southeast
CNT0043,2024-10-10,41709,32.0,0.3556,26886,Mobile,Midwest
CNT0043,2024-10-11,26224,43.9,0.4878,19291,CTV,West
CNT0043,2024-10-12,67180,51.2,0.5689,46992,Mobile,Southwest
CNT0043,2024-10-13,22424,64.9,0.7211,18007,Tablet,West
CNT0043,2024-10-14,102471,51.8,0.5756,76886,CTV,Southwest
CNT0043,2024-10-15,85789,76.5,0.85,75224,Tablet,Southeast
CNT0043,2024-10-16,14432,33.5,0.3722,11662,Mobile,Midwest
CNT0043,2024-10-17,69209,34.2,0.38,46865,Mobile,Northeast
CNT0043,2024-10-18,49149,75.3,0.8367,29783,Tablet,Southeast
CNT0043,2024-10-19,28517,72.5,0.8056,24450,Mobile,Midwest
CNT0043,2024-10-20,32602,40.9,0.4544,23174,CTV,West
CNT0043,2024-10-21,74205,82.2,0.9133,58594,Mobile,Southwest
CNT0043,2024-10-22,26599,56.4,0.6267,23143,Mobile,Southwest
CNT0043,2024-10-23,61035,47.9,0.5322,40239,CTV,Southwest
CNT0043,2024-10-24,18632,72.3,0.8033,14227,Mobile,West
CNT0043,2024-10-25,56310,41.3,0.4589,45869,Mobile,West
CNT0043,2024-10-26,49406,64.9,0.7211,37801,Tablet,Northeast
CNT0043,2024-10-27,27778,40.8,0.4533,24457,Desktop,West
CNT0043,2024-10-28,42719,43.3,0.4811,32754,Desktop,Southwest
CNT0043,2024-10-29,23075,35.1,0.39,14440,Tablet,Southwest
CNT0043,2024-10-30,34560,41.1,0.4567,21630,Mobile,Midwest
CNT0043,2024-10-31,20675,47.5,0.5278,15498,CTV,Midwest
CNT0043,2024-11-01,3701,73.3,0.8144,3385,CTV,West
CNT0043,2024-11-02,26862,50.7,0.5633,22333,Desktop,Southwest
CNT0043,2024-11-03,12914,65.3,0.7256,10266,Tablet,Southeast
CNT0043,2024-11-04,20285,54.9,0.61,15446,Tablet,Southeast
CNT0043,2024-11-05,2929,43.7,0.4856,2633,Desktop,Southwest
CNT0043,2024-11-06,19642,35.2,0.3911,16695,Desktop,Southwest
CNT0043,2024-11-07,11830,69.5,0.7722,8150,Mobile,Southeast
CNT0043,2024-11-08,31440,61.4,0.6822,22250,Mobile,Southeast
CNT0043,2024-11-09,40734,33.3,0.37,28708,CTV,Midwest
CNT0043,2024-11-10,14821,36.4,0.4044,10853,Desktop,Northeast
CNT0043,2024-11-11,39094,78.9,0.8767,24701,Tablet,West
CNT0043,2024-11-12,16040,49.1,0.5456,13075,Tablet,Southeast
CNT0043,2024-11-13,13077,70.3,0.7811,10918,CTV,Midwest
CNT0043,2024-11-14,2489,44.4,0.4933,1884,Tablet,Southeast
CNT0043,2024-11-15,7948,43.7,0.4856,5110,Tablet,Southwest
CNT0043,2024-11-16,13956,76.0,0.8444,12651,Mobile,Southeast
CNT0043,2024-11-17,9208,64.0,0.7111,7130,Mobile,Southwest
CNT0043,2024-11-18,4504,54.1,0.6011,3980,Mobile,Midwest
CNT0043,2024-11-19,10031,66.1,0.7344,8399,Desktop,Southeast
CNT0044,2024-09-30,181190,35.1,0.39,118062,Desktop,Southwest
CNT0044,2024-10-01,553212,44.0,0.4889,483574,Mobile,Northeast
CNT0044,2024-10-02,151572,47.2,0.5244,131746,Mobile,Southeast
CNT0044,2024-10-03,154881,77.6,0.8622,142307,Tablet,Southeast
CNT0044,2024-10-04,257046,34.3,0.3811,189760,Desktop,Southwest
CNT0044,2024-10-05,294615,66.0,0.7333,179252,Mobile,Southwest
CNT0044,2024-10-06,70365,57.6,0.64,42640,Tablet,Midwest
CNT0044,2024-10-07,610513,80.3,0.8922,506044,CTV,Northeast
CNT0044,2024-10-08,130955,35.0,0.3889,84987,CTV,Midwest
CNT0044,2024-10-09,44567,59.4,0.66,33125,Mobile,Southwest
CNT0044,2024-10-10,243603,81.4,0.9044,151047,Tablet,Southwest
CNT0044,2024-10-11,371207,64.4,0.7156,297836,Mobile,Northeast
CNT0044,2024-10-12,171902,60.6,0.6733,134712,CTV,Southeast
CNT0044,2024-10-13,450123,38.1,0.4233,273040,Mobile,Midwest
CNT0044,2024-10-14,429626,56.9,0.6322,287065,Mobile,Midwest
CNT0044,2024-10-15,202074,38.2,0.4244,124050,Desktop,Northeast
CNT0044,2024-10-16,67878,72.8,0.8089,47117,Tablet,Northeast
CNT0044,2024-10-17,59955,32.1,0.3567,41580,Mobile,Northeast
CNT0044,2024-10-18,140240,48.7,0.5411,99130,Tablet,Southwest
CNT0044,2024-10-19,148764,38.3,0.4256,123569,Mobile,Southeast
CNT0044,2024-10-20,285905,43.4,0.4822,259381,Tablet,West
CNT0044,2024-10-21,86973,65.2,0.7244,65796,CTV,Southwest
CNT0044,2024-10-22,255192,77.2,0.8578,198788,Tablet,Southwest
CNT0044,2024-10-23,201744,56.7,0.63,151783,Tablet,Midwest
CNT0044,2024-10-24,46436,42.7,0.4744,34999,CTV,Southeast
CNT0044,2024-10-25,101871,62.6,0.6956,63861,Mobile,Southwest
CNT0044,2024-10-26,191895,64.5,0.7167,164254,CTV,Midwest
CNT0044,2024-10-27,202588,55.9,0.6211,124070,Desktop,Northeast
CNT0044,2024-10-28,244241,44.5,0.4944,173241,Tablet,Southwest
CNT0044,2024-10-29,66398,64.6,0.7178,56631,Mobile,Midwest
CNT0044,2024-10-30,63409,59.1,0.6567,56283,CTV,West
CNT0044,2024-10-31,176309,65.2,0.7244,149727,CTV,Southeast
CNT0044,2024-11-01,244291,64.0,0.7111,154934,Tablet,Midwest
CNT0044,2024-11-02,123290,48.5,0.5389,81576,CTV,Southwest
CNT0044,2024-11-03,163532,48.2,0.5356,132744,Mobile,Northeast
CNT0044,2024-11-04,120821,77.7,0.8633,104475,Mobile,Southeast
CNT0044,2024-11-05,178013,40.9,0.4544,111430,Desktop,Midwest
CNT0044,2024-11-06,21066,79.9,0.8878,14175,Desktop,West
CNT0044,2024-11-07,101892,31.9,0.3544,92994,Tablet,Northeast
CNT0044,2024-11-08,78397,41.6,0.4622,61059,Desktop,Southeast
CNT0044,2024-11-09,22345,66.7,0.7411,15883,Desktop,Midwest
CNT0044,2024-11-10,51515,66.1,0.7344,35310,CTV,West
CNT0044,2024-11-11,129761,67.8,0.7533,105990,Tablet,West
CNT0044,2024-11-12,132343,81.1,0.9011,116441,Mobile,Southeast
CNT0044,2024-11-13,25998,70.6,0.7844,15859,CTV,West
CNT0044,2024-11-14,21933,66.3,0.7367,13224,Desktop,Northeast
CNT0044,2024-11-15,130372,47.4,0.5267,109921,CTV,Northeast
CNT0044,2024-11-16,37720,46.6,0.5178,23907,Tablet,Midwest
CNT0044,2024-11-17,59774,56.7,0.63,49117,Desktop,Northeast
CNT0044,2024-11-18,11366,80.4,0.8933,10404,Tablet,West
CNT0044,2024-11-19,69328,35.7,0.3967,50879,Desktop,Southeast
CNT0044,2024-11-20,75773,38.0,0.4222,52552,Tablet,Northeast
CNT0044,2024-11-21,95335,44.8,0.4978,73937,Tablet,Northeast
CNT0044,2024-11-22,17179,72.8,0.8089,15692,Tablet,West
CNT0044,2024-11-23,10002,43.3,0.4811,6503,Tablet,Northeast
CNT0044,2024-11-24,113102,46.1,0.5122,78493,CTV,West
CNT0044,2024-11-25,31380,38.4,0.4267,27264,Tablet,Southwest
CNT0044,2024-11-26,70758,82.4,0.9156,62263,Desktop,Southwest
CNT0044,2024-11-27,68034,34.6,0.3844,45474,CTV,Midwest
CNT0044,2024-11-28,17951,57.8,0.6422,11351,Tablet,West
CNT0044,2024-11-29,80771,62.0,0.6889,67606,Mobile,Midwest
CNT0044,2024-11-30,34690,74.7,0.83,22599,Tablet,Northeast
CNT0044,2024-12-01,36379,75.4,0.8378,23238,Mobile,Northeast
CNT0044,2024-12-02,13547,57.7,0.6411,11456,Desktop,Southeast
CNT0044,2024-12-03,15735,44.2,0.4911,13540,Desktop,West
CNT0044,2024-12-04,32386,36.5,0.4056,27589,Mobile,West
CNT0044,2024-12-05,35400,62.0,0.6889,31407,Tablet,Northeast
CNT0044,2024-12-06,4052,44.1,0.49,2745,Tablet,Midwest
CNT0044,2024-12-07,21483,68.9,0.7656,13952,Tablet,West
CNT0044,2024-12-08,23463,33.0,0.3667,20178,Desktop,Southeast
CNT0044,2024-12-09,35420,38.6,0.4289,22288,Mobile,Southeast
CNT0044,2024-12-10,10229,35.2,0.3911,7239,CTV,Northeast
CNT0044,2024-12-11,9760,61.9,0.6878,8729,CTV,Southeast
CNT0044,2024-12-12,4492,51.0,0.5667,3397,Mobile,West
CNT0044,2024-12-13,42253,61.4,0.6822,26065,CTV,Midwest
CNT0044,2024-12-14,12535,40.6,0.4511,11443,Desktop,Midwest
CNT0044,2024-12-15,9685,64.7,0.7189,7124,Tablet,Southeast
CNT0044,2024-12-16,19404,73.4,0.8156,15122,Mobile,Midwest
CNT0044,2024-12-17,21775,37.7,0.4189,18865,CTV,Midwest
CNT0044,2024-12-18,17096,70.7,0.7856,13380,Desktop,Midwest
CNT0044,2024-12-19,7195,52.7,0.5856,5932,Desktop,Midwest
CNT0044,2024-12-20,13419,42.3,0.47,11328,Desktop,Southwest
CNT0044,2024-12-21,12169,52.1,0.5789,7796,Desktop,Northeast
CNT0044,2024-12-22,23185,37.0,0.4111,20228,Desktop,Northeast
CNT0044,2024-12-23,9230,72.5,0.8056,5932,Desktop,Southwest
CNT0044,2024-12-24,10334,61.9,0.6878,8930,CTV,Southeast
CNT0044,2024-12-25,23816,69.3,0.77,19080,Mobile,Southwest
CNT0044,2024-12-26,21690,33.1,0.3678,13208,Tablet,Midwest
CNT0044,2024-12-27,4351,76.3,0.8478,3607,CTV,Southwest
CNT0044,2024-12-28,18887,76.8,0.8533,15142,Tablet,Southeast
CNT0045,2024-11-27,272735,29.9,0.4983,232582,Desktop,Southeast
CNT0045,2024-11-28,345438,27.2,0.4533,285054,Tablet,West
CNT0045,2024-11-29,439066,37.5,0.625,303520,Desktop,Southwest
CNT0045,2024-11-30,345423,30.0,0.5,272171,CTV,Midwest
CNT0045,2024-12-01,501276,30.7,0.5117,309246,Tablet,Northeast
CNT0045,2024-12-02,398330,40.4,0.6733,350376,Mobile,West
CNT0045,2024-12-03,220560,39.7,0.6617,141222,Tablet,Midwest
CNT0045,2024-12-04,419690,48.4,0.8067,318539,Mobile,Southwest
CNT0045,2024-12-05,419166,51.9,0.865,367570,Tablet,Northeast
CNT0045,2024-12-06,303961,24.4,0.4067,194173,Desktop,Northeast
CNT0045,2024-12-07,447651,26.4,0.44,320226,Desktop,Southeast
CNT0045,2024-12-08,424503,35.9,0.5983,267277,Tablet,Northeast
CNT0045,2024-12-09,327116,49.5,0.825,260593,Mobile,Southeast
CNT0045,2024-12-10,300500,46.4,0.7733,225373,Tablet,Southwest
CNT0045,2024-12-11,104044,34.6,0.5767,66956,CTV,West
CNT0045,2024-12-12,177471,27.9,0.465,145420,CTV,Southeast
CNT0045,2024-12-13,102105,33.7,0.5617,82470,Mobile,Southwest
CNT0045,2024-12-14,261806,29.4,0.49,210250,Desktop,Midwest
CNT0045,2024-12-15,92735,36.7,0.6117,72651,Mobile,Southeast
CNT0045,2024-12-16,167427,24.1,0.4017,146058,Desktop,Southwest
CNT0045,2024-12-17,203221,45.8,0.7633,143790,Desktop,Southwest
CNT0045,2024-12-18,408259,46.6,0.7767,291247,Desktop,West
CNT0045,2024-12-19,229329,51.0,0.85,150315,Mobile,Northeast
CNT0045,2024-12-20,255383,45.3,0.755,176757,Mobile,West
CNT0045,2024-12-21,63995,39.1,0.6517,41114,Mobile,Midwest
CNT0045,2024-12-22,27860,26.5,0.4417,22062,Mobile,West
CNT0045,2024-12-23,348309,52.3,0.8717,262017,CTV,West
CNT0045,2024-12-24,131034,52.4,0.8733,89967,CTV,Midwest
CNT0045,2024-12-25,23873,30.5,0.5083,21375,Desktop,Midwest
CNT0045,2024-12-26,39533,23.8,0.3967,30708,Mobile,Southwest
CNT0045,2024-12-27,42926,53.7,0.895,39008,Desktop,Northeast
CNT0045,2024-12-28,56288,45.2,0.7533,48266,Mobile,Northeast
CNT0045,2024-12-29,174636,47.5,0.7917,121096,Desktop,Southwest
CNT0045,2024-12-30,111496,26.8,0.4467,100660,Mobile,West
CNT0045,2024-12-31,120942,37.8,0.63,103316,Mobile,Southeast
CNT0046,2024-07-01,751738,42.3,0.47,619242,Mobile,Southeast
CNT0046,2024-07-02,926195,82.5,0.9167,691106,Mobile,West
CNT0046,2024-07-03,421780,80.9,0.8989,335117,Mobile,Northeast
CNT0046,2024-07-04,297771,37.6,0.4178,179798,Tablet,Northeast
CNT0046,2024-07-05,484134,54.1,0.6011,316063,Desktop,Southeast
CNT0046,2024-07-06,815911,63.6,0.7067,738565,Tablet,Southwest
CNT0046,2024-07-07,462816,71.9,0.7989,421532,Desktop,Southeast
CNT0046,2024-07-08,430573,35.0,0.3889,382707,Tablet,Southeast
CNT0046,2024-07-09,99873,81.2,0.9022,71304,CTV,Southwest
CNT0046,2024-07-10,486119,60.2,0.6689,301859,Tablet,Southeast
CNT0046,2024-07-11,32192,65.6,0.7289,25169,Desktop,Northeast
CNT0046,2024-07-12,280530,63.4,0.7044,243840,Tablet,West
CNT0046,2024-07-13,224391,36.9,0.41,143982,Tablet,Southeast
CNT0046,2024-07-14,201634,79.8,0.8867,168861,Desktop,Northeast
CNT0046,2024-07-15,105803,66.6,0.74,78848,Desktop,Southwest
CNT0046,2024-07-16,391489,74.1,0.8233,322176,Mobile,West
CNT0046,2024-07-17,323064,68.2,0.7578,193865,CTV,West
CNT0046,2024-07-18,117232,40.4,0.4489,91376,Tablet,Northeast
CNT0046,2024-07-19,60985,79.9,0.8878,38956,Desktop,Midwest
CNT0046,2024-07-20,88498,44.1,0.49,81303,Desktop,Southwest
CNT0046,2024-07-21,175802,71.1,0.79,112873,Mobile,Northeast
CNT0046,2024-07-22,191398,73.1,0.8122,170386,Tablet,Midwest
CNT0046,2024-07-23,70661,55.1,0.6122,52469,CTV,Southeast
CNT0046,2024-07-24,115747,41.6,0.4622,99785,CTV,West
CNT0046,2024-07-25,23735,77.0,0.8556,16390,CTV,West
CNT0046,2024-07-26,137845,32.1,0.3567,124821,Desktop,Northeast
CNT0046,2024-07-27,98606,79.4,0.8822,60649,Tablet,West
CNT0046,2024-07-28,312562,49.4,0.5489,257617,Tablet,Midwest
CNT0046,2024-07-29,170954,66.5,0.7389,121067,CTV,Southwest
CNT0046,2024-07-30,124604,61.0,0.6778,78628,Desktop,Northeast
CNT0046,2024-07-31,87331,63.2,0.7022,77793,Mobile,Southeast
CNT0046,2024-08-01,77153,52.7,0.5856,53482,Tablet,Southeast
CNT0046,2024-08-02,83331,40.6,0.4511,61444,Desktop,Northeast
CNT0046,2024-08-03,180213,78.2,0.8689,124738,Mobile,Northeast
CNT0046,2024-08-04,104514,72.2,0.8022,93439,Desktop,Midwest
CNT0046,2024-08-05,20948,66.5,0.7389,17185,Tablet,Southeast
CNT0046,2024-08-06,48133,56.5,0.6278,34826,Mobile,Midwest
CNT0046,2024-08-07,149292,76.1,0.8456,130579,Desktop,Northeast
CNT0046,2024-08-08,95797,71.7,0.7967,85725,Tablet,West
CNT0046,2024-08-09,82699,81.2,0.9022,61306,Tablet,Southwest
CNT0046,2024-08-10,142776,69.2,0.7689,125180,Desktop,Southwest
CNT0046,2024-08-11,72942,54.4,0.6044,58250,CTV,Northeast
CNT0046,2024-08-12,95529,64.6,0.7178,85968,Tablet,Southeast
CNT0046,2024-08-13,100983,46.4,0.5156,63551,Tablet,Southwest
CNT0046,2024-08-14,73480,65.0,0.7222,54669,Desktop,Southeast
CNT0046,2024-08-15,84764,55.8,0.62,52824,Mobile,Midwest
CNT0046,2024-08-16,79225,42.4,0.4711,68919,Tablet,Midwest
CNT0046,2024-08-17,72737,66.2,0.7356,57552,Mobile,Midwest
CNT0046,2024-08-18,45841,82.1,0.9122,33937,CTV,Midwest
CNT0046,2024-08-19,73709,31.6,0.3511,45151,Mobile,West
CNT0046,2024-08-20,55315,35.0,0.3889,42198,Tablet,Midwest
CNT0046,2024-08-21,41046,71.8,0.7978,26971,Tablet,Southwest
CNT0046,2024-08-22,25811,70.3,0.7811,22372,Mobile,Southeast
CNT0046,2024-08-23,60432,80.4,0.8933,54899,Tablet,Northeast
CNT0046,2024-08-24,21404,50.2,0.5578,18945,Mobile,Northeast
CNT0046,2024-08-25,21598,75.2,0.8356,12992,Desktop,West
CNT0046,2024-08-26,78349,57.5,0.6389,61453,CTV,Midwest
CNT0046,2024-08-27,31799,38.8,0.4311,22182,Desktop,West
CNT0046,2024-08-28,43880,32.5,0.3611,34476,CTV,Midwest
CNT0046,2024-08-29,65664,73.1,0.8122,43871,CTV,Southeast
CNT0046,2024-08-30,8597,41.9,0.4656,7661,CTV,Southeast
CNT0046,2024-08-31,61650,52.3,0.5811,49896,Mobile,Southwest
CNT0046,2024-09-01,39218,48.1,0.5344,32720,Desktop,Southwest
CNT0046,2024-09-02,68488,62.4,0.6933,59921,Tablet,Northeast
CNT0046,2024-09-03,41472,72.6,0.8067,30539,CTV,West
CNT0046,2024-09-04,24073,79.7,0.8856,15208,Desktop,Southeast
CNT0046,2024-09-05,16263,76.2,0.8467,9921,CTV,Midwest
CNT0046,2024-09-06,49734,35.6,0.3956,43649,Tablet,Midwest
CNT0046,2024-09-07,34764,41.6,0.4622,27086,CTV,West
CNT0046,2024-09-08,17061,57.3,0.6367,14072,Tablet,Southeast
CNT0046,2024-09-09,9107,78.0,0.8667,8063,Tablet,Midwest
CNT0046,2024-09-10,4124,69.4,0.7711,2810,Desktop,Southwest
CNT0046,2024-09-11,25551,53.5,0.5944,19611,Desktop,Southwest
CNT0046,2024-09-12,15934,47.3,0.5256,10957,Tablet,Southwest
CNT0046,2024-09-13,25329,76.8,0.8533,20285,Desktop,Northeast
CNT0046,2024-09-14,34580,57.3,0.6367,25950,Tablet,Southeast
CNT0046,2024-09-15,40306,44.7,0.4967,31560,CTV,Southeast
CNT0046,2024-09-16,8966,42.0,0.4667,6007,Mobile,Northeast
CNT0046,2024-09-17,20633,60.4,0.6711,12537,Tablet,Northeast
CNT0046,2024-09-18,11310,75.7,0.8411,7287,CTV,Midwest
CNT0046,2024-09-19,19664,80.1,0.89,13425,Desktop,West
CNT0046,2024-09-20,23449,78.9,0.8767,17693,Desktop,Midwest
CNT0046,2024-09-21,7502,69.2,0.7689,5616,Tablet,West
CNT0046,2024-09-22,2078,46.7,0.5189,1524,Mobile,Southwest
CNT0046,2024-09-23,5114,77.3,0.8589,3726,Desktop,Midwest
CNT0046,2024-09-24,11303,65.0,0.7222,8559,Tablet,West
CNT0046,2024-09-25,12495,73.4,0.8156,10374,Tablet,West
CNT0046,2024-09-26,11755,56.2,0.6244,8535,Desktop,Southeast
CNT0046,2024-09-27,1718,57.2,0.6356,1436,Desktop,Southeast
CNT0046,2024-09-28,14647,53.9,0.5989,10332,Desktop,Southeast
CNT0047,2024-12-04,107065,27.7,0.6295,66363,Tablet,Southwest
CNT0047,2024-12-05,158008,30.3,0.6886,120150,Mobile,West
CNT0047,2024-12-06,392117,22.9,0.5205,269886,Mobile,Northeast
CNT0047,2024-12-07,371000,17.3,0.3932,305684,Desktop,Northeast
CNT0047,2024-12-08,530120,37.7,0.8568,346938,Tablet,Southeast
CNT0047,2024-12-09,619749,28.6,0.65,527554,Desktop,Northeast
CNT0047,2024-12-10,65043,24.9,0.5659,48994,Desktop,West
CNT0047,2024-12-11,496724,20.5,0.4659,303982,Mobile,Northeast
CNT0047,2024-12-12,229825,21.6,0.4909,152161,Mobile,Southwest
CNT0047,2024-12-13,231004,21.5,0.4886,140067,CTV,Northeast
CNT0047,2024-12-14,119152,35.5,0.8068,90872,CTV,West
CNT0047,2024-12-15,293649,21.7,0.4932,226159,Desktop,Southwest
CNT0047,2024-12-16,329829,23.4,0.5318,211980,Desktop,Midwest
CNT0047,2024-12-17,133701,29.7,0.675,84684,CTV,Midwest
CNT0047,2024-12-18,139773,25.7,0.5841,104324,Desktop,Midwest
CNT0047,2024-12-19,310120,33.1,0.7523,238001,Desktop,Northeast
CNT0047,2024-12-20,266583,39.4,0.8955,234993,Mobile,Southwest
CNT0047,2024-12-21,252186,33.3,0.7568,158493,Mobile,Midwest
CNT0047,2024-12-22,143298,39.7,0.9023,129781,Tablet,Southeast
CNT0047,2024-12-23,345229,40.2,0.9136,296387,Desktop,Southwest
CNT0047,2024-12-24,238798,32.1,0.7295,148497,Mobile,Midwest
CNT0047,2024-12-25,452776,25.1,0.5705,278317,CTV,Southwest
CNT0047,2024-12-26,315724,34.2,0.7773,289777,Tablet,Southeast
CNT0047,2024-12-27,111274,37.0,0.8409,100031,Desktop,West
CNT0047,2024-12-28,149955,33.0,0.75,98040,Mobile,West
CNT0047,2024-12-29,297344,38.9,0.8841,205424,Tablet,Southwest
CNT0047,2024-12-30,129180,36.4,0.8273,97566,Tablet,Southeast
CNT0047,2024-12-31,152055,27.5,0.625,126601,CTV,Northeast
CNT0048,2024-12-28,46018,25.5,0.425,42160,Tablet,Northeast
CNT0048,2024-12-29,615956,47.0,0.7833,503541,Desktop,Southeast
CNT0048,2024-12-30,62975,27.4,0.4567,57032,Tablet,Southeast
CNT0048,2024-12-31,83167,52.3,0.8717,53205,Desktop,Northeast
CNT0049,2024-08-18,818207,22.4,0.3733,562668,Desktop,West
CNT0049,2024-08-19,211824,49.3,0.8217,182372,Desktop,West
CNT0049,2024-08-20,622333,27.3,0.455,380499,Tablet,Midwest
CNT0049,2024-08-21,517673,35.0,0.5833,415326,Mobile,Southwest
CNT0049,2024-08-22,222583,54.7,0.9117,158679,Mobile,Midwest
CNT0049,2024-08-23,160385,46.0,0.7667,115901,Desktop,Southeast
CNT0049,2024-08-24,413860,39.4,0.6567,374713,CTV,Southeast
CNT0049,2024-08-25,91479,43.0,0.7167,64075,Desktop,Northeast
CNT0049,2024-08-26,631740,30.4,0.5067,411313,Mobile,Midwest
CNT0049,2024-08-27,387177,31.2,0.52,325603,Desktop,Northeast
CNT0049,2024-08-28,475898,30.6,0.51,287744,Mobile,Southeast
CNT0049,2024-08-29,157647,38.6,0.6433,137718,Tablet,Northeast
CNT0049,2024-08-30,153885,30.1,0.5017,92523,Mobile,Northeast
CNT0049,2024-08-31,36155,52.0,0.8667,21832,Tablet,Northeast
CNT0049,2024-09-01,336687,40.1,0.6683,227396,Desktop,Southeast
CNT0049,2024-09-02,91343,46.9,0.7817,69098,Mobile,West
CNT0049,2024-09-03,246144,33.1,0.5517,167949,Tablet,Northeast
CNT0049,2024-09-04,317125,25.4,0.4233,226500,Mobile,Midwest
CNT0049,2024-09-05,198939,31.6,0.5267,178360,Desktop,West
CNT0049,2024-09-06,60311,27.1,0.4517,43706,Tablet,Northeast
CNT0049,2024-09-07,182871,51.5,0.8583,124180,Mobile,Southwest
CNT0049,2024-09-08,72528,41.8,0.6967,47676,CTV,Southeast
CNT0049,2024-09-09,42581,32.8,0.5467,38271,CTV,Southeast
CNT0049,2024-09-10,124336,49.4,0.8233,83457,Mobile,Southwest
CNT0049,2024-09-11,37930,35.9,0.5983,28493,Desktop,Southwest
CNT0049,2024-09-12,74684,51.5,0.8583,64224,Tablet,Southeast
CNT0049,2024-09-13,82308,45.1,0.7517,71304,CTV,Southeast
CNT0049,2024-09-14,269460,50.6,0.8433,236223,Mobile,West
CNT0049,2024-09-15,59229,44.6,0.7433,37615,Tablet,Midwest
CNT0049,2024-09-16,252871,29.3,0.4883,208108,Desktop,Midwest
CNT0049,2024-09-17,151823,43.8,0.73,95346,Desktop,Southeast
CNT0049,2024-09-18,31330,48.0,0.8,19696,Mobile,Southeast
CNT0049,2024-09-19,20976,49.5,0.825,17325,Desktop,Southwest
CNT0049,2024-09-20,46099,22.6,0.3767,38238,Desktop,Southeast
CNT0049,2024-09-21,80798,29.6,0.4933,54052,Desktop,Midwest
CNT0049,2024-09-22,99541,28.2,0.47,64832,Tablet,Southwest
CNT0049,2024-09-23,27172,29.6,0.4933,17662,CTV,Northeast
CNT0049,2024-09-24,141013,42.5,0.7083,92060,Tablet,West
CNT0049,2024-09-25,100010,29.2,0.4867,65037,CTV,Southwest
CNT0049,2024-09-26,95838,52.5,0.875,67304,Tablet,Northeast
CNT0049,2024-09-27,12964,41.6,0.6933,8684,Desktop,Southeast
CNT0049,2024-09-28,24305,21.5,0.3583,19156,CTV,West
CNT0049,2024-09-29,56519,42.7,0.7117,36452,Tablet,West
CNT0049,2024-09-30,104432,51.3,0.855,72139,Desktop,Southwest
CNT0049,2024-10-01,74946,25.1,0.4183,48941,Desktop,West
CNT0049,2024-10-02,99013,22.0,0.3667,68573,Tablet,Southeast
CNT0049,2024-10-03,51543,27.3,0.455,35660,Tablet,Midwest
CNT0049,2024-10-04,84588,48.0,0.8,71343,Tablet,Southwest
CNT0049,2024-10-05,49440,53.1,0.885,41865,Desktop,Midwest
CNT0049,2024-10-06,50780,46.1,0.7683,35877,Tablet,Midwest
CNT0049,2024-10-07,78932,28.0,0.4667,71932,CTV,Southwest
CNT0049,2024-10-08,34817,24.7,0.4117,29013,Tablet,West
CNT0049,2024-10-09,56852,44.1,0.735,40641,Desktop,Southwest
CNT0049,2024-10-10,47531,32.2,0.5367,34782,CTV,Southeast
CNT0049,2024-10-11,102256,28.5,0.475,85697,Mobile,Southeast
CNT0049,2024-10-12,64074,49.8,0.83,53550,Desktop,Southeast
CNT0049,2024-10-13,18162,21.3,0.355,11825,Mobile,Midwest
CNT0049,2024-10-14,19558,46.0,0.7667,13853,Tablet,Southwest
CNT0049,2024-10-15,65899,33.6,0.56,54729,Tablet,Southeast
CNT0049,2024-10-16,19352,37.6,0.6267,14170,Desktop,Northeast
CNT0049,2024-10-17,37728,25.9,0.4317,27823,Mobile,Northeast
CNT0049,2024-10-18,14702,42.2,0.7033,11041,CTV,Southeast
CNT0049,2024-10-19,38446,26.3,0.4383,30330,Mobile,Northeast
CNT0049,2024-10-20,3552,42.2,0.7033,2358,Mobile,Midwest
CNT0049,2024-10-21,69495,27.5,0.4583,45095,Desktop,Northeast
CNT0049,2024-10-22,11685,45.5,0.7583,9530,Desktop,Southwest
CNT0049,2024-10-23,43759,51.7,0.8617,34054,CTV,West
CNT0049,2024-10-24,31476,44.1,0.735,25610,Desktop,Southeast
CNT0049,2024-10-25,37565,22.9,0.3817,29099,Mobile,Midwest
CNT0049,2024-10-26,32462,34.8,0.58,26614,CTV,Northeast
CNT0049,2024-10-27,22728,38.3,0.6383,15896,Tablet,West
CNT0049,2024-10-28,34643,33.9,0.565,24206,Mobile,West
CNT0049,2024-10-29,72180,49.0,0.8167,59014,Desktop,Southeast
CNT0049,2024-10-30,27362,35.0,0.5833,17807,Desktop,Northeast
CNT0049,2024-10-31,35072,32.2,0.5367,27544,Desktop,West
CNT0049,2024-11-01,10766,40.5,0.675,9190,Tablet,West
CNT0049,2024-11-02,33477,46.7,0.7783,21653,Mobile,Midwest
CNT0049,2024-11-03,28946,46.1,0.7683,18838,Mobile,Midwest
CNT0049,2024-11-04,16449,52.5,0.875,14185,Mobile,West
CNT0049,2024-11-05,4124,45.9,0.765,2831,Mobile,Southeast
CNT0049,2024-11-06,38161,44.3,0.7383,25989,Desktop,West
CNT0049,2024-11-07,20988,34.6,0.5767,12901,CTV,Midwest
CNT0049,2024-11-08,27206,45.9,0.765,19687,CTV,West
CNT0049,2024-11-09,23430,34.5,0.575,17822,Tablet,Southwest
CNT0049,2024-11-10,30355,38.8,0.6467,22786,Mobile,Midwest
CNT0049,2024-11-11,12854,41.7,0.695,11763,CTV,Southeast
CNT0049,2024-11-12,28161,53.0,0.8833,23738,Desktop,Northeast
CNT0049,2024-11-13,18156,53.7,0.895,14504,Desktop,West
CNT0049,2024-11-14,4464,28.9,0.4817,3106,CTV,Southwest
CNT0049,2024-11-15,17295,28.8,0.48,14006,CTV,Southwest
CNT0050,2024-10-10,263398,59.4,0.66,168263,Mobile,Midwest
CNT0050,2024-10-11,515079,53.1,0.59,320274,Mobile,Southeast
CNT0050,2024-10-12,512353,81.0,0.9,406188,Mobile,Southwest
CNT0050,2024-10-13,367706,72.9,0.81,231338,Mobile,Southeast
CNT0050,2024-10-14,77903,35.4,0.3933,52103,Desktop,Southeast
CNT0050,2024-10-15,80390,31.8,0.3533,52177,CTV,Midwest
CNT0050,2024-10-16,182531,42.6,0.4733,163733,Mobile,West
CNT0050,2024-10-17,638768,70.5,0.7833,427586,CTV,Midwest
CNT0050,2024-10-18,38608,62.0,0.6889,25356,Mobile,West
CNT0050,2024-10-19,61161,40.9,0.4544,39088,Tablet,West
CNT0050,2024-10-20,196508,33.3,0.37,124972,Desktop,Southwest
CNT0050,2024-10-21,35053,77.5,0.8611,31671,CTV,West
CNT0050,2024-10-22,270527,64.1,0.7122,196844,CTV,Northeast
CNT0050,2024-10-23,507308,31.8,0.3533,321462,CTV,West
CNT0050,2024-10-24,275264,76.1,0.8456,239404,Mobile,Southeast
CNT0050,2024-10-25,233222,75.1,0.8344,179457,Desktop,Southeast
CNT0050,2024-10-26,202978,78.2,0.8689,153026,Desktop,Northeast
CNT0050,2024-10-27,187658,46.1,0.5122,142188,Tablet,Southwest
CNT0050,2024-10-28,64367,37.3,0.4144,58730,CTV,Southwest
CNT0050,2024-10-29,287064,32.1,0.3567,216573,Mobile,Northeast
CNT0050,2024-10-30,180362,34.2,0.38,144188,CTV,Southwest
CNT0050,2024-10-31,124483,46.0,0.5111,103107,CTV,Southeast
CNT0050,2024-11-01,97598,40.1,0.4456,70440,CTV,Northeast
CNT0050,2024-11-02,150063,75.7,0.8411,131836,Mobile,Southeast
CNT0050,2024-11-03,115309,67.3,0.7478,89346,Mobile,Midwest
CNT0050,2024-11-04,75268,68.0,0.7556,54418,Desktop,Southeast
CNT0050,2024-11-05,252331,76.1,0.8456,222782,CTV,Southeast
CNT0050,2024-11-06,48232,36.6,0.4067,36151,Desktop,Midwest
CNT0050,2024-11-07,52812,58.6,0.6511,46987,Mobile,Southeast
CNT0050,2024-11-08,153509,56.8,0.6311,93410,CTV,West
CNT0050,2024-11-09,170171,57.4,0.6378,108252,Tablet,West
CNT0050,2024-11-10,237725,52.6,0.5844,152957,CTV,Southeast
CNT0050,2024-11-11,97870,36.4,0.4044,64634,Tablet,Midwest
CNT0050,2024-11-12,37799,53.7,0.5967,25508,CTV,Southeast
CNT0050,2024-11-13,68487,33.6,0.3733,53658,CTV,West
CNT0050,2024-11-14,224843,72.9,0.81,202741,Mobile,Northeast
CNT0050,2024-11-15,100891,80.0,0.8889,60919,Mobile,Northeast
CNT0050,2024-11-16,202666,58.3,0.6478,172140,CTV,Midwest
CNT0050,2024-11-17,22355,54.4,0.6044,19102,CTV,Southwest
CNT0050,2024-11-18,54455,57.2,0.6356,35527,Desktop,West
CNT0050,2024-11-19,148903,54.4,0.6044,100428,Tablet,Southwest
CNT0050,2024-11-20,56672,53.9,0.5989,45065,CTV,Northeast
CNT0050,2024-11-21,137525,65.1,0.7233,92514,CTV,West
CNT0050,2024-11-22,86980,45.5,0.5056,60374,CTV,Midwest
CNT0050,2024-11-23,81024,43.4,0.4822,57110,CTV,Northeast
CNT0050,2024-11-24,116436,77.8,0.8644,86325,Tablet,Southwest
CNT0050,2024-11-25,74213,43.9,0.4878,61747,Mobile,Southwest
CNT0050,2024-11-26,16128,37.5,0.4167,13235,Mobile,Southeast
CNT0050,2024-11-27,7628,50.0,0.5556,4796,Mobile,Northeast
CNT0050,2024-11-28,28440,44.6,0.4956,20951,Mobile,West
CNT0050,2024-11-29,71622,33.1,0.3678,63274,CTV,Midwest
CNT0050,2024-11-30,13665,40.7,0.4522,8380,Desktop,Northeast
CNT0050,2024-12-01,10237,66.1,0.7344,8232,Desktop,West
CNT0050,2024-12-02,18653,68.4,0.76,13942,Tablet,Midwest
CNT0050,2024-12-03,97237,49.5,0.55,83608,Tablet,Southwest
CNT0050,2024-12-04,54251,78.3,0.87,42205,Mobile,Northeast
CNT0050,2024-12-05,21723,77.4,0.86,18493,Desktop,Northeast
CNT0050,2024-12-06,53994,69.4,0.7711,42835,Desktop,Midwest
CNT0050,2024-12-07,47206,66.6,0.74,42523,CTV,Southwest
CNT0050,2024-12-08,16677,78.4,0.8711,10538,Desktop,Midwest
CNT0050,2024-12-09,80510,52.4,0.5822,68806,Tablet,West
CNT0050,2024-12-10,33620,52.8,0.5867,20938,Desktop,Southeast
CNT0050,2024-12-11,23243,60.5,0.6722,19433,CTV,West
CNT0050,2024-12-12,7576,60.7,0.6744,6461,Tablet,West
CNT0050,2024-12-13,21272,48.5,0.5389,19107,Tablet,West
CNT0050,2024-12-14,4780,38.1,0.4233,3101,Mobile,Southwest
CNT0050,2024-12-15,4110,44.4,0.4933,3761,Mobile,Midwest
CNT0050,2024-12-16,43162,57.4,0.6378,28136,Tablet,Southeast
CNT0050,2024-12-17,30258,75.7,0.8411,25208,CTV,Southwest
CNT0050,2024-12-18,26294,64.1,0.7122,21197,Mobile,Southwest
CNT0050,2024-12-19,19010,58.4,0.6489,14786,Mobile,Midwest
CNT0050,2024-12-20,46821,57.3,0.6367,30709,Tablet,Southeast
CNT0050,2024-12-21,47056,62.7,0.6967,42532,Mobile,Midwest
CNT0050,2024-12-22,31680,55.7,0.6189,25946,CTV,Southeast
CNT0050,2024-12-23,34310,77.7,0.8633,20915,Mobile,Southwest
CNT0050,2024-12-24,26578,52.1,0.5789,19550,Desktop,West
CNT0050,2024-12-25,15934,58.9,0.6544,10919,Tablet,Southeast
CNT0050,2024-12-26,30183,60.1,0.6678,21191,Tablet,Midwest
CNT0050,2024-12-27,8226,67.9,0.7544,6522,Tablet,West
CNT0050,2024-12-28,22866,40.0,0.4444,20826,Tablet,Southeast
CNT0050,2024-12-29,10548,81.4,0.9044,9253,Mobile,Midwest
CNT0050,2024-12-30,1413,79.7,0.8856,1133,CTV,Northeast
CNT0050,2024-12-31,15690,53.3,0.5922,10648,CTV,Northeast
CNT0051,2024-07-19,380570,32.7,0.7432,244562,Desktop,West
CNT0051,2024-07-20,646031,20.3,0.4614,570003,Desktop,Southeast
CNT0051,2024-07-21,444756,20.7,0.4705,291237,Tablet,Southeast
CNT0051,2024-07-22,252607,20.3,0.4614,188697,Desktop,Midwest
CNT0051,2024-07-23,298334,24.5,0.5568,255298,CTV,Midwest
CNT0051,2024-07-24,282989,22.2,0.5045,196099,Mobile,Northeast
CNT0051,2024-07-25,117597,18.0,0.4091,83335,Desktop,Midwest
CNT0051,2024-07-26,584912,23.7,0.5386,471026,Mobile,Northeast
CNT0051,2024-07-27,504236,29.3,0.6659,418490,Mobile,Midwest
CNT0051,2024-07-28,403725,21.4,0.4864,256402,Desktop,Northeast
CNT0051,2024-07-29,149079,31.1,0.7068,95315,Tablet,Midwest
CNT0051,2024-07-30,221570,31.5,0.7159,145253,Desktop,West
CNT0051,2024-07-31,325159,19.9,0.4523,257133,Tablet,Southeast
CNT0051,2024-08-01,189294,26.5,0.6023,125951,Mobile,Southwest
CNT0051,2024-08-02,441173,28.7,0.6523,334704,CTV,Midwest
CNT0051,2024-08-03,130110,36.8,0.8364,80612,Desktop,Northeast
CNT0051,2024-08-04,245742,24.6,0.5591,221668,CTV,Southwest
CNT0051,2024-08-05,119747,36.9,0.8386,90245,Mobile,Southeast
CNT0051,2024-08-06,45411,23.9,0.5432,34011,Mobile,Midwest
CNT0051,2024-08-07,126622,34.0,0.7727,116396,CTV,Southwest
CNT0051,2024-08-08,70504,18.9,0.4295,51428,Desktop,Southeast
CNT0051,2024-08-09,224739,28.8,0.6545,183786,Tablet,Southeast
CNT0051,2024-08-10,107101,20.6,0.4682,65886,CTV,Midwest
CNT0051,2024-08-11,280146,25.8,0.5864,206256,Tablet,Northeast
CNT0051,2024-08-12,30342,24.9,0.5659,26603,Tablet,Southeast
CNT0051,2024-08-13,180966,38.3,0.8705,143738,Mobile,Northeast
CNT0051,2024-08-14,133509,38.3,0.8705,105641,CTV,West
CNT0051,2024-08-15,145388,15.6,0.3545,90839,Desktop,West
CNT0051,2024-08-16,33509,24.2,0.55,20201,CTV,Southeast
CNT0051,2024-08-17,141745,15.5,0.3523,118029,Mobile,Northeast
CNT0051,2024-08-18,129983,16.5,0.375,115831,CTV,Southeast
CNT0051,2024-08-19,190042,19.5,0.4432,170481,Tablet,Southwest
CNT0051,2024-08-20,80259,31.4,0.7136,51052,Mobile,Northeast
CNT0051,2024-08-21,170795,25.2,0.5727,106846,Desktop,Southeast
CNT0051,2024-08-22,141754,16.3,0.3705,106013,Tablet,West
CNT0051,2024-08-23,144038,30.6,0.6955,115767,Tablet,Southwest
CNT0051,2024-08-24,59933,19.5,0.4432,53823,CTV,Midwest
CNT0051,2024-08-25,35131,22.4,0.5091,24110,Desktop,West
CNT0051,2024-08-26,10401,31.5,0.7159,6982,Tablet,Southeast
CNT0051,2024-08-27,54501,33.1,0.7523,42000,Tablet,Northeast
CNT0051,2024-08-28,58175,29.9,0.6795,38063,Desktop,Southwest
CNT0051,2024-08-29,189288,37.1,0.8432,130124,Desktop,West
CNT0051,2024-08-30,116429,26.4,0.6,103217,Tablet,Southwest
CNT0051,2024-08-31,90005,19.7,0.4477,60616,Desktop,Midwest
CNT0051,2024-09-01,73165,27.4,0.6227,54884,Mobile,West
CNT0051,2024-09-02,78585,26.3,0.5977,58946,CTV,Northeast
CNT0051,2024-09-03,67402,30.1,0.6841,53495,CTV,Midwest
CNT0051,2024-09-04,9717,34.8,0.7909,8371,Mobile,Southwest
CNT0051,2024-09-05,11688,39.9,0.9068,8288,Tablet,Northeast
CNT0051,2024-09-06,23527,28.7,0.6523,19894,Tablet,Southwest
CNT0051,2024-09-07,124031,39.6,0.9,91308,CTV,Southwest
CNT0051,2024-09-08,76902,20.7,0.4705,53702,Tablet,West
CNT0051,2024-09-09,7335,38.1,0.8659,5167,CTV,Southeast
CNT0051,2024-09-10,16792,16.8,0.3818,12764,Mobile,West
CNT0051,2024-09-11,35875,32.0,0.7273,25883,Desktop,Northeast
CNT0051,2024-09-12,50772,16.0,0.3636,43218,Desktop,Midwest
CNT0051,2024-09-13,43311,22.8,0.5182,32940,Mobile,Midwest
CNT0051,2024-09-14,43372,24.8,0.5636,30691,Desktop,Southeast
CNT0051,2024-09-15,52520,34.8,0.7909,44348,Desktop,Northeast
CNT0051,2024-09-16,41140,33.5,0.7614,30178,Desktop,Midwest
CNT0051,2024-09-17,57586,37.9,0.8614,43504,Desktop,Southwest
CNT0051,2024-09-18,38126,33.6,0.7636,32024,Desktop,Northeast
CNT0051,2024-09-19,16840,19.7,0.4477,11887,Desktop,West
CNT0051,2024-09-20,38061,35.3,0.8023,33136,CTV,Northeast
CNT0051,2024-09-21,48779,27.7,0.6295,34334,Mobile,Southeast
CNT0051,2024-09-22,47943,30.2,0.6864,38500,Mobile,Southwest
CNT0051,2024-09-23,21779,29.5,0.6705,18369,Tablet,Midwest
CNT0051,2024-09-24,11484,20.6,0.4682,9184,Tablet,Midwest
CNT0051,2024-09-25,59822,37.3,0.8477,54083,CTV,Southeast
CNT0051,2024-09-26,6765,36.0,0.8182,5498,Desktop,Midwest
CNT0051,2024-09-27,3979,26.4,0.6,2462,Desktop,Northeast
CNT0051,2024-09-28,32091,29.7,0.675,20098,Mobile,Midwest
CNT0051,2024-09-29,12627,25.8,0.5864,10565,Tablet,Midwest
CNT0051,2024-09-30,15357,36.4,0.8273,11884,CTV,Southeast
CNT0051,2024-10-01,37641,39.0,0.8864,33072,Tablet,Southeast
CNT0051,2024-10-02,18794,19.4,0.4409,12986,CTV,Midwest
CNT0051,2024-10-03,8415,33.5,0.7614,7062,CTV,Midwest
CNT0051,2024-10-04,4885,28.2,0.6409,3151,Tablet,Southeast
CNT0051,2024-10-05,10299,22.0,0.5,7522,CTV,Southwest
CNT0051,2024-10-06,28166,27.9,0.6341,21370,Tablet,Southeast
CNT0051,2024-10-07,21354,19.9,0.4523,15425,Desktop,Southwest
CNT0051,2024-10-08,10136,31.9,0.725,8324,CTV,Midwest
CNT0051,2024-10-09,5894,33.3,0.7568,4692,Tablet,Northeast
CNT0051,2024-10-10,14091,16.6,0.3773,9560,Mobile,Northeast
CNT0051,2024-10-11,19766,35.8,0.8136,13705,CTV,Southwest
CNT0051,2024-10-12,27070,23.0,0.5227,19877,Tablet,Northeast
CNT0051,2024-10-13,13147,19.9,0.4523,7955,Mobile,Northeast
CNT0051,2024-10-14,9737,27.2,0.6182,7566,CTV,Southeast
CNT0051,2024-10-15,17142,38.2,0.8682,10457,Mobile,West
CNT0051,2024-10-16,14441,33.6,0.7636,12006,Tablet,West
CNT0052,2024-10-03,230017,17.5,0.7955,171494,Tablet,Midwest
CNT0052,2024-10-04,565006,12.4,0.5636,403564,Desktop,Midwest
CNT0052,2024-10-05,548529,18.8,0.8545,365632,CTV,Southwest
CNT0052,2024-10-06,316824,17.8,0.8091,260638,Mobile,Midwest
CNT0052,2024-10-07,144396,9.1,0.4136,88972,Tablet,Southwest
CNT0052,2024-10-08,131069,14.9,0.6773,94221,Mobile,Northeast
CNT0052,2024-10-09,488552,15.5,0.7045,410556,Mobile,Southeast
CNT0052,2024-10-10,211524,15.9,0.7227,186396,Mobile,Midwest
CNT0052,2024-10-11,572366,17.0,0.7727,356210,Desktop,Midwest
CNT0052,2024-10-12,51337,13.5,0.6136,33155,Desktop,Northeast
CNT0052,2024-10-13,340052,9.4,0.4273,290610,CTV,West
CNT0052,2024-10-14,324381,11.2,0.5091,205644,CTV,Midwest
CNT0052,2024-10-15,264081,17.9,0.8136,198801,Mobile,Northeast
CNT0052,2024-10-16,364785,19.7,0.8955,284530,Mobile,Midwest
CNT0052,2024-10-17,389539,9.4,0.4273,320638,Tablet,Southeast
CNT0052,2024-10-18,61545,9.9,0.45,42478,Tablet,Southwest
CNT0052,2024-10-19,179596,18.0,0.8182,160528,Desktop,Southeast
CNT0052,2024-10-20,411125,8.1,0.3682,276787,Desktop,Southwest
CNT0052,2024-10-21,372146,10.3,0.4682,278317,CTV,Southeast
CNT0052,2024-10-22,200001,14.5,0.6591,154369,CTV,Southwest
CNT0052,2024-10-23,373186,18.9,0.8591,309693,Desktop,Southwest
CNT0052,2024-10-24,183869,19.6,0.8909,132920,Desktop,Southwest
CNT0052,2024-10-25,271398,8.5,0.3864,224228,Desktop,Midwest
CNT0052,2024-10-26,151928,15.9,0.7227,105411,Desktop,West
CNT0052,2024-10-27,124218,17.3,0.7864,80269,CTV,Northeast
CNT0052,2024-10-28,104229,8.6,0.3909,74891,Desktop,Southeast
CNT0052,2024-10-29,249742,12.4,0.5636,192868,Desktop,Midwest
CNT0052,2024-10-30,160274,18.9,0.8591,136551,Tablet,West
CNT0052,2024-10-31,233187,16.3,0.7409,196958,CTV,Midwest
CNT0052,2024-11-01,131933,13.4,0.6091,80995,Mobile,West
CNT0052,2024-11-02,178889,9.5,0.4318,144066,Desktop,Northeast
CNT0052,2024-11-03,52740,19.1,0.8682,43418,CTV,Midwest
CNT0052,2024-11-04,174036,8.7,0.3955,131351,CTV,West
CNT0052,2024-11-05,98660,11.1,0.5045,86050,CTV,Southeast
CNT0052,2024-11-06,33987,12.9,0.5864,22801,Desktop,Northeast
CNT0052,2024-11-07,156119,15.1,0.6864,100041,CTV,West
CNT0052,2024-11-08,51819,12.1,0.55,36457,Mobile,West
CNT0052,2024-11-09,88385,11.3,0.5136,58098,Mobile,Southeast
CNT0052,2024-11-10,182450,17.2,0.7818,138071,Desktop,Northeast
CNT0052,2024-11-11,83852,16.2,0.7364,61658,Tablet,Southwest
CNT0052,2024-11-12,119929,8.6,0.3909,85718,Tablet,Northeast
CNT0052,2024-11-13,198830,11.8,0.5364,172479,Tablet,Northeast
CNT0052,2024-11-14,89047,12.9,0.5864,81517,Desktop,Northeast
CNT0052,2024-11-15,121132,10.7,0.4864,108891,Mobile,West
CNT0052,2024-11-16,60375,12.8,0.5818,36498,Desktop,Midwest
CNT0052,2024-11-17,20971,16.4,0.7455,13364,CTV,Southeast
CNT0052,2024-11-18,38302,15.1,0.6864,28071,Mobile,Southeast
CNT0052,2024-11-19,29447,11.0,0.5,21168,CTV,Southwest
CNT0052,2024-11-20,20542,12.4,0.5636,16315,CTV,Southwest
CNT0052,2024-11-21,33181,8.7,0.3955,21451,Tablet,Southwest
CNT0052,2024-11-22,81481,18.3,0.8318,72146,Tablet,Southwest
CNT0052,2024-11-23,81618,14.6,0.6636,62698,Tablet,Southeast
CNT0052,2024-11-24,22015,14.9,0.6773,19758,CTV,Midwest
CNT0052,2024-11-25,30213,13.9,0.6318,18620,Mobile,West
CNT0052,2024-11-26,71341,18.7,0.85,65387,Mobile,Midwest
CNT0052,2024-11-27,47821,16.9,0.7682,35149,Mobile,Southeast
CNT0052,2024-11-28,5014,19.5,0.8864,3223,Desktop,West
CNT0052,2024-11-29,59136,19.2,0.8727,49979,CTV,West
CNT0052,2024-11-30,50736,10.3,0.4682,32193,CTV,Southwest
CNT0052,2024-12-01,55344,18.5,0.8409,37522,CTV,Southwest
CNT0052,2024-12-02,26823,16.1,0.7318,18035,Tablet,Northeast
CNT0052,2024-12-03,50146,17.6,0.8,32876,CTV,West
CNT0052,2024-12-04,26260,12.1,0.55,19709,Desktop,West
CNT0052,2024-12-05,54901,12.4,0.5636,43838,Desktop,Southeast
CNT0052,2024-12-06,41137,14.2,0.6455,35218,CTV,Midwest
CNT0052,2024-12-07,4648,18.2,0.8273,3844,Mobile,Southeast
CNT0052,2024-12-08,30866,10.2,0.4636,20672,Mobile,Midwest
CNT0052,2024-12-09,57016,9.9,0.45,42319,Tablet,Southeast
CNT0052,2024-12-10,25891,9.3,0.4227,21538,Desktop,West
CNT0052,2024-12-11,7899,9.2,0.4182,6040,Mobile,Northeast
CNT0052,2024-12-12,16471,18.2,0.8273,12729,Tablet,Southwest
CNT0052,2024-12-13,24652,14.0,0.6364,22561,Mobile,Northeast
CNT0052,2024-12-14,39599,11.9,0.5409,35398,CTV,Northeast
CNT0052,2024-12-15,5367,15.9,0.7227,3501,CTV,West
CNT0052,2024-12-16,36990,17.7,0.8045,22549,Mobile,West
CNT0052,2024-12-17,26937,12.5,0.5682,18132,Desktop,West
CNT0052,2024-12-18,14283,14.1,0.6409,11540,Mobile,West
CNT0052,2024-12-19,24193,15.0,0.6818,16682,CTV,Southeast
CNT0052,2024-12-20,11287,20.0,0.9091,8546,CTV,Southeast
CNT0052,2024-12-21,37286,16.0,0.7273,25689,CTV,Southeast
CNT0052,2024-12-22,20356,12.2,0.5545,14461,Mobile,Northeast
CNT0052,2024-12-23,26348,10.2,0.4636,21799,Desktop,Southeast
CNT0052,2024-12-24,38221,13.3,0.6045,31355,Tablet,West
CNT0052,2024-12-25,4710,15.0,0.6818,3341,Mobile,Northeast
CNT0052,2024-12-26,15778,12.8,0.5818,11762,CTV,West
CNT0052,2024-12-27,3286,9.3,0.4227,2873,Tablet,Midwest
CNT0052,2024-12-28,5826,11.3,0.5136,5088,Desktop,Southwest
CNT0052,2024-12-29,18914,8.6,0.3909,13500,Mobile,Southwest
CNT0052,2024-12-30,22029,19.0,0.8636,19627,CTV,Midwest
CNT0052,2024-12-31,5540,11.2,0.5091,4151,Tablet,West
CNT0053,2024-08-16,387054,29.8,0.6773,262712,CTV,West
CNT0053,2024-08-17,257187,26.4,0.6,223373,Mobile,Southwest
CNT0053,2024-08-18,208779,39.4,0.8955,172243,Tablet,Northeast
CNT0053,2024-08-19,528353,31.8,0.7227,428016,CTV,Southeast
CNT0053,2024-08-20,599126,23.0,0.5227,523559,Desktop,Southeast
CNT0053,2024-08-21,913827,36.8,0.8364,786446,Desktop,West
CNT0053,2024-08-22,227264,36.3,0.825,208119,Tablet,Northeast
CNT0053,2024-08-23,244244,38.4,0.8727,188443,Tablet,Midwest
CNT0053,2024-08-24,738419,23.9,0.5432,626638,CTV,Southwest
CNT0053,2024-08-25,90720,32.9,0.7477,71685,Tablet,West
CNT0053,2024-08-26,407763,20.1,0.4568,368107,Desktop,Southwest
CNT0053,2024-08-27,180905,25.0,0.5682,109426,CTV,Southwest
CNT0053,2024-08-28,122702,17.6,0.4,98637,CTV,West
CNT0053,2024-08-29,282690,18.1,0.4114,239721,Mobile,West
CNT0053,2024-08-30,41324,33.1,0.7523,31310,CTV,West
CNT0053,2024-08-31,148843,15.4,0.35,95967,Mobile,Southeast
CNT0053,2024-09-01,317064,39.0,0.8864,200404,CTV,Southeast
CNT0053,2024-09-02,26930,34.4,0.7818,21137,Tablet,West
CNT0053,2024-09-03,312983,26.1,0.5932,209807,Mobile,Northeast
CNT0053,2024-09-04,132960,31.6,0.7182,89287,Desktop,Southwest
CNT0053,2024-09-05,150824,40.2,0.9136,108609,Tablet,West
CNT0053,2024-09-06,30433,26.9,0.6114,19239,CTV,Midwest
CNT0053,2024-09-07,174084,31.9,0.725,122609,Desktop,Southeast
CNT0053,2024-09-08,357501,25.6,0.5818,269220,Desktop,Midwest
CNT0053,2024-09-09,242313,35.9,0.8159,160990,Mobile,Northeast
CNT0053,2024-09-10,143692,21.7,0.4932,113665,Desktop,Midwest
CNT0053,2024-09-11,151881,37.8,0.8591,122904,Tablet,Southeast
CNT0053,2024-09-12,254769,16.7,0.3795,181704,Tablet,Southwest
CNT0053,2024-09-13,56560,16.9,0.3841,36846,Mobile,Northeast
CNT0053,2024-09-14,81281,39.7,0.9023,69597,Tablet,West
CNT0053,2024-09-15,45840,23.3,0.5295,41944,CTV,Northeast
CNT0053,2024-09-16,194549,23.6,0.5364,119951,CTV,Northeast
CNT0053,2024-09-17,84335,25.1,0.5705,73053,Tablet,Northeast
CNT0053,2024-09-18,25347,16.0,0.3636,22640,CTV,Northeast
CNT0053,2024-09-19,191599,20.7,0.4705,146011,Desktop,Midwest
CNT0053,2024-09-20,155316,26.5,0.6023,130876,Mobile,Midwest
CNT0053,2024-09-21,145335,22.5,0.5114,126478,Mobile,Southwest
CNT0053,2024-09-22,183807,39.7,0.9023,142897,Desktop,Northeast
CNT0053,2024-09-23,64836,18.1,0.4114,49921,Tablet,West
CNT0053,2024-09-24,23874,28.5,0.6477,15420,Mobile,Northeast
CNT0053,2024-09-25,116506,22.8,0.5182,104669,Desktop,Southeast
CNT0053,2024-09-26,104412,31.2,0.7091,66107,CTV,Southeast
CNT0053,2024-09-27,82051,30.5,0.6932,71806,CTV,Southwest
CNT0053,2024-09-28,61338,19.6,0.4455,48136,CTV,Southeast
CNT0053,2024-09-29,63180,29.6,0.6727,50472,CTV,Southeast
CNT0053,2024-09-30,34646,21.6,0.4909,26799,Tablet,West
CNT0053,2024-10-01,85318,25.2,0.5727,62936,Tablet,Southeast
CNT0053,2024-10-02,112236,29.9,0.6795,78841,CTV,Southeast
CNT0053,2024-10-03,60210,15.8,0.3591,40219,Tablet,Southwest
CNT0053,2024-10-04,31740,28.8,0.6545,21956,Mobile,Northeast
CNT0053,2024-10-05,62965,17.9,0.4068,41739,Mobile,Southeast
CNT0053,2024-10-06,120605,34.4,0.7818,98008,Tablet,Northeast
CNT0053,2024-10-07,22964,25.1,0.5705,16584,Mobile,Northeast
CNT0053,2024-10-08,60839,18.5,0.4205,54675,CTV,Southwest
CNT0053,2024-10-09,41182,18.3,0.4159,27651,CTV,Northeast
CNT0053,2024-10-10,45240,28.2,0.6409,27961,Tablet,West
CNT0053,2024-10-11,53785,36.5,0.8295,40761,Mobile,Southwest
CNT0053,2024-10-12,62795,30.6,0.6955,53013,Mobile,Northeast
CNT0053,2024-10-13,18319,28.7,0.6523,16751,Tablet,Midwest
CNT0053,2024-10-14,68118,22.2,0.5045,48663,Mobile,Southeast
CNT0053,2024-10-15,35545,36.4,0.8273,23706,CTV,West
CNT0053,2024-10-16,36717,27.7,0.6295,27695,Mobile,Midwest
CNT0053,2024-10-17,50088,27.2,0.6182,44940,Tablet,Midwest
CNT0053,2024-10-18,23920,34.2,0.7773,17913,Mobile,West
CNT0053,2024-10-19,38769,29.9,0.6795,28400,Desktop,Midwest
CNT0053,2024-10-20,16078,32.8,0.7455,11237,Mobile,West
CNT0053,2024-10-21,26097,34.6,0.7864,18626,Desktop,Midwest
CNT0053,2024-10-22,65403,35.7,0.8114,56478,Mobile,Midwest
CNT0053,2024-10-23,14471,33.5,0.7614,11714,CTV,Northeast
CNT0053,2024-10-24,50209,24.6,0.5591,31800,CTV,Northeast
CNT0053,2024-10-25,22609,33.9,0.7705,17011,Mobile,Southeast
CNT0053,2024-10-26,39340,37.1,0.8432,24542,Tablet,West
CNT0053,2024-10-27,25214,33.9,0.7705,19117,CTV,Midwest
CNT0053,2024-10-28,7631,32.0,0.7273,6412,CTV,Southwest
CNT0053,2024-10-29,33158,20.5,0.4659,27696,CTV,Southwest
CNT0053,2024-10-30,11481,21.9,0.4977,8077,CTV,Southeast
CNT0053,2024-10-31,22633,23.4,0.5318,20482,CTV,Southeast
CNT0053,2024-11-01,20446,22.9,0.5205,17145,Desktop,West
CNT0053,2024-11-02,13421,32.7,0.7432,11720,Mobile,Southeast
CNT0053,2024-11-03,16153,31.0,0.7045,14270,Mobile,Midwest
CNT0053,2024-11-04,16671,26.7,0.6068,11811,Desktop,Midwest
CNT0053,2024-11-05,21173,36.8,0.8364,19062,Mobile,West
CNT0053,2024-11-06,7305,28.8,0.6545,4400,Mobile,Southeast
CNT0053,2024-11-07,12769,40.4,0.9182,10680,Mobile,West
CNT0053,2024-11-08,5567,24.9,0.5659,4525,Tablet,Southeast
CNT0053,2024-11-09,22062,38.7,0.8795,16846,Tablet,Southwest
CNT0053,2024-11-10,17062,39.4,0.8955,11607,Tablet,Southeast
CNT0053,2024-11-11,7402,31.3,0.7114,4499,Desktop,Midwest
CNT0053,2024-11-12,15362,29.5,0.6705,11399,Mobile,West
CNT0053,2024-11-13,13236,17.8,0.4045,12138,Mobile,Northeast
CNT0054,2024-12-19,653343,19.3,0.4386,543352,Desktop,Northeast
CNT0054,2024-12-20,1015423,39.6,0.9,912470,Mobile,Southeast
CNT0054,2024-12-21,485999,34.3,0.7795,291751,Tablet,Southeast
CNT0054,2024-12-22,318289,21.4,0.4864,250023,CTV,Southwest
CNT0054,2024-12-23,319661,22.3,0.5068,229445,CTV,Southwest
CNT0054,2024-12-24,545550,19.5,0.4432,421386,Mobile,Northeast
CNT0054,2024-12-25,346196,34.6,0.7864,213385,Mobile,Midwest
CNT0054,2024-12-26,456904,21.0,0.4773,303826,Mobile,Southwest
CNT0054,2024-12-27,146693,26.2,0.5955,96971,Desktop,Southwest
CNT0054,2024-12-28,36182,23.1,0.525,26882,Tablet,Midwest
CNT0054,2024-12-29,223435,17.9,0.4068,193285,Tablet,Southeast
CNT0054,2024-12-30,77346,20.3,0.4614,65699,Desktop,Northeast
CNT0054,2024-12-31,224647,25.9,0.5886,195923,Tablet,Southwest
CNT0055,2024-08-19,435064,34.2,0.57,394747,Mobile,Midwest
CNT0055,2024-08-20,620330,34.2,0.57,508218,Mobile,Southeast
CNT0055,2024-08-21,60853,40.7,0.6783,53084,Tablet,Southeast
CNT0055,2024-08-22,569149,41.5,0.6917,460066,Desktop,West
CNT0055,2024-08-23,359607,52.9,0.8817,292217,Tablet,Southeast
CNT0055,2024-08-24,66054,34.6,0.5767,44791,Desktop,West
CNT0055,2024-08-25,74697,24.5,0.4083,48587,Tablet,Southeast
CNT0055,2024-08-26,479386,47.3,0.7883,323776,Mobile,West
CNT0055,2024-08-27,366792,41.8,0.6967,280589,Desktop,West
CNT0055,2024-08-28,339971,40.5,0.675,272704,Tablet,Southeast
CNT0055,2024-08-29,200317,50.2,0.8367,165533,CTV,Southeast
CNT0055,2024-08-30,113948,23.1,0.385,103036,CTV,West
CNT0055,2024-08-31,317091,29.0,0.4833,228340,Mobile,Southeast
CNT0055,2024-09-01,356650,30.4,0.5067,309524,Desktop,Northeast
CNT0055,2024-09-02,200803,46.7,0.7783,154757,Desktop,West
CNT0055,2024-09-03,370479,52.3,0.8717,323476,Tablet,Southeast
CNT0055,2024-09-04,114027,51.6,0.86,81260,CTV,Northeast
CNT0055,2024-09-05,395438,31.7,0.5283,291294,CTV,West
CNT0055,2024-09-06,246058,46.6,0.7767,205883,CTV,Southeast
CNT0055,2024-09-07,289051,51.5,0.8583,200827,CTV,Northeast
CNT0055,2024-09-08,189342,30.0,0.5,153601,Mobile,Southwest
CNT0055,2024-09-09,133797,42.3,0.705,119197,Tablet,Southeast
CNT0055,2024-09-10,142058,30.5,0.5083,129075,Tablet,West
CNT0055,2024-09-11,234613,37.8,0.63,181635,Desktop,West
CNT0055,2024-09-12,75607,50.0,0.8333,48932,CTV,West
CNT0055,2024-09-13,192896,22.9,0.3817,126706,Desktop,Southeast
CNT0055,2024-09-14,70373,47.5,0.7917,55110,Desktop,Midwest
CNT0055,2024-09-15,120045,50.0,0.8333,72564,CTV,Northeast
CNT0055,2024-09-16,331129,52.6,0.8767,271474,Mobile,Southwest
CNT0055,2024-09-17,142628,33.8,0.5633,93286,CTV,Midwest
CNT0055,2024-09-18,206762,52.8,0.88,126070,Tablet,West
CNT0055,2024-09-19,189756,24.2,0.4033,146697,Mobile,Southeast
CNT0055,2024-09-20,188392,27.8,0.4633,120393,CTV,Midwest
CNT0055,2024-09-21,150192,40.7,0.6783,105340,Desktop,Northeast
CNT0055,2024-09-22,66289,40.3,0.6717,56735,Mobile,Midwest
CNT0055,2024-09-23,167668,27.1,0.4517,100911,Mobile,Southwest
CNT0055,2024-09-24,162645,51.8,0.8633,101346,Mobile,Northeast
CNT0055,2024-09-25,112127,41.1,0.685,103135,Desktop,Southeast
CNT0055,2024-09-26,28363,49.9,0.8317,24940,CTV,Northeast
CNT0055,2024-09-27,50708,35.3,0.5883,37404,Desktop,Northeast
CNT0055,2024-09-28,68996,47.0,0.7833,51934,Mobile,Southeast
CNT0055,2024-09-29,82230,46.6,0.7767,65129,Mobile,Southwest
CNT0055,2024-09-30,88344,29.2,0.4867,59990,Mobile,Midwest
CNT0055,2024-10-01,13495,46.4,0.7733,8824,Desktop,Southwest
CNT0055,2024-10-02,92155,48.8,0.8133,78540,Mobile,Southwest
CNT0055,2024-10-03,68036,38.3,0.6383,46954,CTV,Southeast
CNT0055,2024-10-04,73096,43.0,0.7167,52156,Mobile,Southwest
CNT0055,2024-10-05,125347,41.2,0.6867,81399,Desktop,Southwest
CNT0055,2024-10-06,11430,27.5,0.4583,10461,Tablet,Midwest
CNT0055,2024-10-07,25303,30.8,0.5133,18513,Mobile,Southeast
CNT0055,2024-10-08,76897,43.2,0.72,58819,CTV,Midwest
CNT0055,2024-10-09,19754,46.8,0.78,13574,Tablet,Northeast
CNT0055,2024-10-10,43369,41.0,0.6833,37627,CTV,Southwest
CNT0055,2024-10-11,24555,52.2,0.87,18399,Mobile,Northeast
CNT0055,2024-10-12,12780,42.0,0.7,9644,Desktop,Midwest
CNT0055,2024-10-13,66669,40.6,0.6767,44940,CTV,Northeast
CNT0055,2024-10-14,46572,25.3,0.4217,41946,CTV,Northeast
CNT0055,2024-10-15,20076,45.3,0.755,14336,Desktop,Southwest
CNT0055,2024-10-16,48358,32.3,0.5383,43459,Mobile,West
CNT0055,2024-10-17,31323,47.7,0.795,24796,Tablet,West
CNT0055,2024-10-18,4601,36.1,0.6017,3083,Tablet,Northeast
CNT0055,2024-10-19,34446,50.1,0.835,29429,Desktop,Northeast
CNT0055,2024-10-20,12045,21.2,0.3533,7634,CTV,Southeast
CNT0055,2024-10-21,50694,38.7,0.645,33834,Mobile,Midwest
CNT0055,2024-10-22,14976,48.0,0.8,12236,Desktop,Northeast
CNT0055,2024-10-23,31760,28.4,0.4733,21566,Desktop,Northeast
CNT0055,2024-10-24,37210,21.6,0.36,27040,Desktop,West
CNT0055,2024-10-25,39238,33.8,0.5633,32205,Tablet,West
CNT0055,2024-10-26,31947,30.9,0.515,24882,CTV,Southeast
CNT0055,2024-10-27,58433,46.3,0.7717,43050,Tablet,West
CNT0055,2024-10-28,38391,23.4,0.39,26905,Desktop,Southwest
CNT0055,2024-10-29,6361,29.5,0.4917,4313,Tablet,Midwest
CNT0055,2024-10-30,11730,41.9,0.6983,10338,Mobile,Southwest
CNT0055,2024-10-31,16247,21.4,0.3567,14720,Desktop,Southeast
CNT0055,2024-11-01,36428,33.5,0.5583,30488,Tablet,Northeast
CNT0055,2024-11-02,33288,43.3,0.7217,30429,Mobile,Southeast
CNT0055,2024-11-03,43235,48.6,0.81,37516,Mobile,Midwest
CNT0055,2024-11-04,28745,50.6,0.8433,18102,Desktop,Southwest
CNT0055,2024-11-05,34617,37.7,0.6283,28743,Tablet,Midwest
CNT0055,2024-11-06,13930,45.9,0.765,9257,Tablet,West
CNT0055,2024-11-07,4443,30.4,0.5067,3502,CTV,Southwest
CNT0055,2024-11-08,25287,36.7,0.6117,15721,Desktop,Midwest
CNT0055,2024-11-09,17920,54.4,0.9067,12681,Tablet,West
CNT0055,2024-11-10,11962,41.8,0.6967,7537,CTV,Southeast
CNT0055,2024-11-11,33274,29.6,0.4933,23617,Mobile,West
CNT0055,2024-11-12,24731,51.9,0.865,20610,CTV,Northeast
CNT0055,2024-11-13,23837,50.6,0.8433,14456,CTV,West
CNT0055,2024-11-14,10980,35.7,0.595,8833,Mobile,Northeast
CNT0055,2024-11-15,14512,50.3,0.8383,12941,CTV,Southwest
CNT0055,2024-11-16,16313,48.1,0.8017,12169,Tablet,Northeast
CNT0056,2024-08-16,730631,45.6,0.76,661165,CTV,West
CNT0056,2024-08-17,364463,38.3,0.6383,239791,Tablet,Southeast
CNT0056,2024-08-18,334589,47.1,0.785,213464,Desktop,Southwest
CNT0056,2024-08-19,387677,36.0,0.6,301573,Tablet,West
CNT0056,2024-08-20,155871,53.2,0.8867,112727,Tablet,Southeast
CNT0056,2024-08-21,505733,49.5,0.825,392971,Mobile,Southwest
CNT0056,2024-08-22,145847,26.7,0.445,110402,Desktop,Southeast
CNT0056,2024-08-23,282544,40.7,0.6783,230444,CTV,Southwest
CNT0056,2024-08-24,289191,21.9,0.365,222545,CTV,Midwest
CNT0056,2024-08-25,629439,55.2,0.92,534446,Desktop,Southeast
CNT0056,2024-08-26,316416,45.4,0.7567,196098,Desktop,Southeast
CNT0056,2024-08-27,437815,51.8,0.8633,291157,Desktop,Midwest
CNT0056,2024-08-28,411077,34.8,0.58,311631,Tablet,Northeast
CNT0056,2024-08-29,304893,46.7,0.7783,264365,Desktop,Southwest
CNT0056,2024-08-30,291373,52.5,0.875,183726,Desktop,Northeast
CNT0056,2024-08-31,34162,23.0,0.3833,28523,CTV,West
CNT0056,2024-09-01,235099,35.0,0.5833,152268,CTV,Northeast
CNT0056,2024-09-02,258643,31.7,0.5283,219370,Tablet,Southwest
CNT0056,2024-09-03,267453,26.4,0.44,195657,Mobile,Southeast
CNT0056,2024-09-04,336261,38.2,0.6367,298424,Desktop,Southeast
CNT0056,2024-09-05,275093,52.6,0.8767,230430,Desktop,Southwest
CNT0056,2024-09-06,376778,37.6,0.6267,325274,Mobile,Midwest
CNT0056,2024-09-07,89343,48.3,0.805,71962,Tablet,Southeast
CNT0056,2024-09-08,164116,34.9,0.5817,141744,Desktop,Midwest
CNT0056,2024-09-09,174480,46.1,0.7683,125135,Tablet,Southwest
CNT0056,2024-09-10,312815,54.5,0.9083,254455,Mobile,West
CNT0056,2024-09-11,48099,52.1,0.8683,41780,Desktop,Southeast
CNT0056,2024-09-12,249348,46.5,0.775,161009,CTV,West
CNT0056,2024-09-13,188206,48.6,0.81,140602,Desktop,Southeast
CNT0056,2024-09-14,190338,34.7,0.5783,160971,CTV,West
CNT0056,2024-09-15,102547,52.8,0.88,84519,Desktop,Northeast
CNT0056,2024-09-16,40040,33.0,0.55,36248,CTV,Northeast
CNT0056,2024-09-17,104665,25.1,0.4183,92955,Tablet,West
CNT0056,2024-09-18,149516,36.9,0.615,96774,CTV,West
CNT0056,2024-09-19,34785,54.9,0.915,30681,Tablet,Northeast
CNT0056,2024-09-20,111975,35.7,0.595,93746,Desktop,Northeast
CNT0056,2024-09-21,116311,50.9,0.8483,98113,Mobile,West
CNT0056,2024-09-22,34310,40.5,0.675,27255,CTV,Midwest
CNT0056,2024-09-23,52097,38.5,0.6417,41745,Tablet,West
CNT0056,2024-09-24,106359,34.6,0.5767,95567,Mobile,West
CNT0056,2024-09-25,16384,25.9,0.4317,11653,Mobile,Northeast
CNT0056,2024-09-26,85405,42.9,0.715,78335,CTV,Midwest
CNT0056,2024-09-27,138678,31.6,0.5267,101889,Tablet,Southeast
CNT0056,2024-09-28,85589,35.3,0.5883,73980,Tablet,West
CNT0056,2024-09-29,88039,26.4,0.44,71230,Mobile,West
CNT0056,2024-09-30,91770,21.7,0.3617,75433,CTV,Midwest
CNT0056,2024-10-01,115751,48.2,0.8033,82448,Mobile,West
CNT0056,2024-10-02,22388,29.1,0.485,13644,Tablet,Southeast
CNT0056,2024-10-03,12478,50.6,0.8433,8104,CTV,West
CNT0056,2024-10-04,64807,36.0,0.6,47302,Desktop,Midwest
CNT0056,2024-10-05,93704,21.1,0.3517,63248,Mobile,Midwest
CNT0056,2024-10-06,34557,42.5,0.7083,27943,Tablet,Southwest
CNT0056,2024-10-07,50964,28.6,0.4767,34226,Mobile,Southwest
CNT0056,2024-10-08,42854,52.2,0.87,32107,CTV,Midwest
CNT0056,2024-10-09,90176,51.4,0.8567,61024,CTV,Midwest
CNT0056,2024-10-10,31025,28.7,0.4783,19764,Tablet,West
CNT0056,2024-10-11,75882,46.9,0.7817,67689,Tablet,Midwest
CNT0056,2024-10-12,49485,32.4,0.54,35586,Tablet,Northeast
CNT0056,2024-10-13,50011,25.1,0.4183,37055,Desktop,Midwest
CNT0056,2024-10-14,56454,21.3,0.355,51287,Mobile,Southwest
CNT0056,2024-10-15,34739,22.2,0.37,25273,Tablet,Midwest
CNT0056,2024-10-16,24586,24.2,0.4033,20828,Desktop,Southwest
CNT0056,2024-10-17,71502,49.6,0.8267,65034,Tablet,Southeast
CNT0056,2024-10-18,41319,40.2,0.67,32681,Tablet,Southeast
CNT0056,2024-10-19,26661,35.7,0.595,16295,Mobile,Midwest
CNT0056,2024-10-20,55791,32.8,0.5467,40012,Tablet,Southwest
CNT0056,2024-10-21,47083,44.8,0.7467,33722,Mobile,West
CNT0056,2024-10-22,47171,29.6,0.4933,33352,CTV,Southeast
CNT0056,2024-10-23,33381,48.4,0.8067,22881,Desktop,Midwest
CNT0056,2024-10-24,32511,43.1,0.7183,26466,Tablet,West
CNT0056,2024-10-25,39002,26.5,0.4417,25864,Desktop,West
CNT0056,2024-10-26,9983,34.6,0.5767,8172,CTV,Midwest
CNT0056,2024-10-27,10710,53.1,0.885,9183,Tablet,Midwest
CNT0056,2024-10-28,15375,26.2,0.4367,9919,Desktop,West
CNT0056,2024-10-29,5294,46.4,0.7733,4040,CTV,Northeast
CNT0056,2024-10-30,16840,39.1,0.6517,10686,Tablet,Northeast
CNT0056,2024-10-31,35851,40.1,0.6683,24636,Desktop,Southeast
CNT0056,2024-11-01,22314,47.3,0.7883,20160,CTV,Southeast
CNT0056,2024-11-02,19292,38.6,0.6433,14584,Mobile,Northeast
CNT0056,2024-11-03,2348,38.8,0.6467,1422,CTV,Midwest
CNT0056,2024-11-04,34262,52.1,0.8683,26125,CTV,Midwest
CNT0056,2024-11-05,2663,27.6,0.46,1838,CTV,Midwest
CNT0056,2024-11-06,3383,39.9,0.665,2832,CTV,Midwest
CNT0056,2024-11-07,12805,54.5,0.9083,10593,Desktop,Southwest
CNT0056,2024-11-08,29249,35.8,0.5967,25055,CTV,Southeast
CNT0056,2024-11-09,5701,47.6,0.7933,5244,CTV,West
CNT0056,2024-11-10,28874,35.2,0.5867,20128,CTV,Southeast
CNT0056,2024-11-11,23622,23.6,0.3933,21071,Desktop,West
CNT0056,2024-11-12,16265,49.4,0.8233,13796,Mobile,Southwest
CNT0056,2024-11-13,3080,26.1,0.435,2523,Desktop,Southwest
CNT0057,2024-12-15,735453,18.5,0.8409,534595,Mobile,Northeast
CNT0057,2024-12-16,374199,18.0,0.8182,256547,Desktop,Southwest
CNT0057,2024-12-17,862433,16.8,0.7636,682720,Mobile,West
CNT0057,2024-12-18,47823,18.5,0.8409,30968,Mobile,Southeast
CNT0057,2024-12-19,76842,16.8,0.7636,52491,Tablet,Midwest
CNT0057,2024-12-20,392272,19.8,0.9,279793,CTV,West
CNT0057,2024-12-21,253124,12.1,0.55,220774,CTV,Southeast
CNT0057,2024-12-22,68138,11.3,0.5136,53413,Desktop,Northeast
CNT0057,2024-12-23,239616,10.6,0.4818,182208,Tablet,Midwest
CNT0057,2024-12-24,403680,9.0,0.4091,277172,CTV,Southwest
CNT0057,2024-12-25,344814,9.5,0.4318,286787,Desktop,Southeast
CNT0057,2024-12-26,119099,17.3,0.7864,103740,CTV,West
CNT0057,2024-12-27,139996,20.2,0.9182,124018,Tablet,West
CNT0057,2024-12-28,184195,8.9,0.4045,121500,CTV,Southeast
CNT0057,2024-12-29,528932,18.6,0.8455,378981,Desktop,West
CNT0057,2024-12-30,158237,11.7,0.5318,115037,CTV,Midwest
CNT0057,2024-12-31,208890,10.2,0.4636,141737,CTV,Southwest
CNT0058,2024-08-29,218638,50.4,0.56,175504,Desktop,Southeast
CNT0058,2024-08-30,791804,64.3,0.7144,605561,Desktop,Southwest
CNT0058,2024-08-31,498827,79.1,0.8789,319246,Mobile,Northeast
CNT0058,2024-09-01,562214,62.9,0.6989,404414,Mobile,Southeast
CNT0058,2024-09-02,286144,65.6,0.7289,226433,Mobile,West
CNT0058,2024-09-03,499382,66.8,0.7422,321818,Tablet,Southwest
CNT0058,2024-09-04,213694,35.8,0.3978,140116,Desktop,Southeast
CNT0058,2024-09-05,301921,37.8,0.42,201041,Desktop,Midwest
CNT0058,2024-09-06,572192,82.3,0.9144,496209,CTV,Southeast
CNT0058,2024-09-07,138183,77.4,0.86,83694,Tablet,West
CNT0058,2024-09-08,102202,66.3,0.7367,62195,Mobile,Southwest
CNT0058,2024-09-09,289205,50.1,0.5567,258125,Mobile,West
CNT0058,2024-09-10,454855,70.4,0.7822,314579,Tablet,Southeast
CNT0058,2024-09-11,160593,65.7,0.73,110620,Desktop,Southeast
CNT0058,2024-09-12,496850,35.3,0.3922,416238,Mobile,Southeast
CNT0058,2024-09-13,407048,37.8,0.42,313080,Tablet,West
CNT0058,2024-09-14,518979,64.2,0.7133,458932,Tablet,West
CNT0058,2024-09-15,142349,55.6,0.6178,114831,Mobile,Northeast
CNT0058,2024-09-16,358412,79.0,0.8778,224162,CTV,Midwest
CNT0058,2024-09-17,27730,59.8,0.6644,21157,Mobile,West
CNT0058,2024-09-18,328734,40.4,0.4489,199117,CTV,Southwest
CNT0058,2024-09-19,242844,55.5,0.6167,182671,Desktop,Southeast
CNT0058,2024-09-20,91177,76.0,0.8444,76500,Desktop,Southeast
CNT0058,2024-09-21,58064,48.1,0.5344,45828,Mobile,Southeast
CNT0058,2024-09-22,108080,38.1,0.4233,95458,Tablet,West
CNT0058,2024-09-23,134019,71.0,0.7889,99966,Desktop,Midwest
CNT0058,2024-09-24,258429,66.1,0.7344,159018,CTV,Southwest
CNT0058,2024-09-25,162290,76.5,0.85,107069,CTV,Midwest
CNT0058,2024-09-26,184837,47.4,0.5267,169770,Mobile,West
CNT0058,2024-09-27,88801,58.8,0.6533,69831,Tablet,Southwest
CNT0058,2024-09-28,169734,59.3,0.6589,129296,Desktop,Southeast
CNT0058,2024-09-29,16989,70.4,0.7822,14519,Desktop,West
CNT0058,2024-09-30,107185,77.7,0.8633,85777,Mobile,Midwest
CNT0058,2024-10-01,174935,57.3,0.6367,138215,Tablet,West
CNT0058,2024-10-02,26478,76.7,0.8522,20769,Mobile,Southwest
CNT0058,2024-10-03,62819,58.5,0.65,42542,CTV,Southeast
CNT0058,2024-10-04,71861,47.4,0.5267,44984,Tablet,West
CNT0058,2024-10-05,185699,80.2,0.8911,135872,Tablet,West
CNT0058,2024-10-06,133325,65.6,0.7289,82906,Tablet,Southeast
CNT0058,2024-10-07,89909,69.8,0.7756,56201,Mobile,Southwest
CNT0058,2024-10-08,74030,63.2,0.7022,51301,Desktop,Southwest
CNT0058,2024-10-09,45851,67.6,0.7511,28459,Desktop,West
CNT0058,2024-10-10,50167,43.3,0.4811,40254,CTV,Northeast
CNT0058,2024-10-11,131142,45.9,0.51,87655,Tablet,Southwest
CNT0058,2024-10-12,74638,38.6,0.4289,60897,Tablet,Midwest
CNT0058,2024-10-13,65579,70.8,0.7867,51156,Tablet,West
CNT0058,2024-10-14,103187,35.9,0.3989,77718,Mobile,Southeast
CNT0058,2024-10-15,14680,33.8,0.3756,12181,CTV,Northeast
CNT0058,2024-10-16,11876,36.5,0.4056,8096,Tablet,West
CNT0058,2024-10-17,127119,34.5,0.3833,83683,CTV,Midwest
CNT0058,2024-10-18,79045,48.1,0.5344,56032,Desktop,Southwest
CNT0058,2024-10-19,9772,60.5,0.6722,7106,CTV,Northeast
CNT0058,2024-10-20,154656,57.7,0.6411,92871,Desktop,Midwest
CNT0058,2024-10-21,50311,67.1,0.7456,44679,Desktop,Southeast
CNT0058,2024-10-22,51669,40.5,0.45,45184,Desktop,Southwest
CNT0058,2024-10-23,30028,53.2,0.5911,24779,Mobile,Southwest
CNT0058,2024-10-24,59630,73.4,0.8156,39563,CTV,Midwest
CNT0058,2024-10-25,24855,54.9,0.61,19576,Mobile,Midwest
CNT0058,2024-10-26,11834,40.7,0.4522,7922,Desktop,Southeast
CNT0058,2024-10-27,30419,48.3,0.5367,27445,Tablet,Midwest
CNT0058,2024-10-28,72246,54.5,0.6056,54538,Tablet,Southeast
CNT0058,2024-10-29,17612,77.8,0.8644,15002,Mobile,West
CNT0058,2024-10-30,43386,58.8,0.6533,32724,CTV,Southeast
CNT0058,2024-10-31,76161,35.1,0.39,52997,Tablet,Southwest
CNT0058,2024-11-01,8544,44.7,0.4967,6412,Tablet,Northeast
CNT0058,2024-11-02,56179,77.4,0.86,44992,CTV,West
CNT0058,2024-11-03,9807,79.7,0.8856,8995,CTV,West
CNT0058,2024-11-04,21475,82.6,0.9178,15585,Tablet,Southwest
CNT0058,2024-11-05,32545,74.2,0.8244,22369,Mobile,Northeast
CNT0058,2024-11-06,32901,37.6,0.4178,29592,Desktop,Southeast
CNT0058,2024-11-07,23727,51.5,0.5722,18035,Mobile,Northeast
CNT0058,2024-11-08,19742,39.4,0.4378,16628,Tablet,Southwest
CNT0058,2024-11-09,24549,68.2,0.7578,21670,Desktop,Southwest
CNT0058,2024-11-10,24027,68.8,0.7644,21254,Tablet,Southeast
CNT0058,2024-11-11,19887,68.9,0.7656,14952,CTV,Northeast
CNT0058,2024-11-12,35961,57.1,0.6344,27590,Mobile,Southwest
CNT0058,2024-11-13,16680,73.1,0.8122,14497,Desktop,West
CNT0058,2024-11-14,39731,81.0,0.9,24753,Tablet,Northeast
CNT0058,2024-11-15,13471,62.8,0.6978,10837,Mobile,West
CNT0058,2024-11-16,28287,79.3,0.8811,17943,Tablet,Southeast
CNT0058,2024-11-17,15217,48.6,0.54,12529,Desktop,Southeast
CNT0058,2024-11-18,25736,76.0,0.8444,15756,Desktop,Northeast
CNT0058,2024-11-19,33376,62.5,0.6944,23623,Tablet,Southeast
CNT0058,2024-11-20,2373,34.7,0.3856,1722,Tablet,Southeast
CNT0058,2024-11-21,24860,79.0,0.8778,21220,CTV,Midwest
CNT0058,2024-11-22,21573,35.5,0.3944,14731,Tablet,Southwest
CNT0058,2024-11-23,11235,76.1,0.8456,10210,CTV,Midwest
CNT0058,2024-11-24,21912,37.0,0.4111,14580,Desktop,Southeast
CNT0058,2024-11-25,25041,68.9,0.7656,21023,Mobile,Southwest
CNT0058,2024-11-26,15942,50.2,0.5578,10381,Mobile,Southwest
CNT0059,2024-10-15,401492,61.3,0.6811,310803,Tablet,West
CNT0059,2024-10-16,436536,67.3,0.7478,308667,Desktop,Southwest
CNT0059,2024-10-17,580605,61.5,0.6833,491479,Tablet,Northeast
CNT0059,2024-10-18,192345,67.1,0.7456,172029,Tablet,Southwest
CNT0059,2024-10-19,531561,79.2,0.88,374330,Mobile,West
CNT0059,2024-10-20,45032,34.0,0.3778,28853,Mobile,Southeast
CNT0059,2024-10-21,748367,73.8,0.82,499824,Mobile,West
CNT0059,2024-10-22,619903,60.8,0.6756,465366,Desktop,West
CNT0059,2024-10-23,42363,39.5,0.4389,28802,Desktop,Northeast
CNT0059,2024-10-24,287946,57.1,0.6344,180469,Mobile,Southwest
CNT0059,2024-10-25,84395,58.5,0.65,55303,Desktop,Northeast
CNT0059,2024-10-26,346432,49.6,0.5511,253718,CTV,West
CNT0059,2024-10-27,316973,65.7,0.73,282201,Desktop,Southwest
CNT0059,2024-10-28,432184,39.5,0.4389,289751,Desktop,Midwest
CNT0059,2024-10-29,104555,66.9,0.7433,73545,Tablet,Northeast
CNT0059,2024-10-30,314015,41.5,0.4611,267172,Mobile,Southeast
CNT0059,2024-10-31,328791,71.4,0.7933,272343,Mobile,Southeast
CNT0059,2024-11-01,91718,80.3,0.8922,70972,Tablet,Southwest
CNT0059,2024-11-02,272212,57.0,0.6333,195954,Mobile,Midwest
CNT0059,2024-11-03,407737,64.8,0.72,283826,Mobile,West
CNT0059,2024-11-04,298549,65.6,0.7289,260381,Tablet,Midwest
CNT0059,2024-11-05,89500,45.7,0.5078,64008,CTV,West
CNT0059,2024-11-06,222251,39.2,0.4356,170327,CTV,Northeast
CNT0059,2024-11-07,81575,82.7,0.9189,73722,CTV,Southwest
CNT0059,2024-11-08,211010,34.0,0.3778,163057,Desktop,West
CNT0059,2024-11-09,63495,73.5,0.8167,57236,CTV,Midwest
CNT0059,2024-11-10,265277,37.2,0.4133,160182,CTV,Northeast
CNT0059,2024-11-11,20052,60.3,0.67,16149,Tablet,West
CNT0059,2024-11-12,183279,56.7,0.63,166634,Desktop,West
CNT0059,2024-11-13,198272,35.6,0.3956,132423,Tablet,West
CNT0059,2024-11-14,64211,74.1,0.8233,54672,Desktop,West
CNT0059,2024-11-15,100458,43.9,0.4878,67323,Desktop,West
CNT0059,2024-11-16,129076,45.7,0.5078,101157,Mobile,Southeast
CNT0059,2024-11-17,91691,61.1,0.6789,80266,Mobile,West
CNT0059,2024-11-18,63498,57.3,0.6367,50618,CTV,Midwest
CNT0059,2024-11-19,13760,40.8,0.4533,10391,Mobile,Southwest
CNT0059,2024-11-20,154911,57.1,0.6344,107238,Desktop,Northeast
CNT0059,2024-11-21,101014,80.9,0.8989,64335,Desktop,Northeast
CNT0059,2024-11-22,57409,78.1,0.8678,34517,Tablet,Southeast
CNT0059,2024-11-23,116366,32.9,0.3656,87626,Tablet,Southeast
CNT0059,2024-11-24,144952,35.4,0.3933,103456,Tablet,West
CNT0059,2024-11-25,49773,81.6,0.9067,36389,CTV,Southwest
CNT0059,2024-11-26,122802,70.0,0.7778,110455,CTV,Southwest
CNT0059,2024-11-27,93465,36.3,0.4033,78551,Tablet,Southeast
CNT0059,2024-11-28,96161,53.9,0.5989,64004,Tablet,Southwest
CNT0059,2024-11-29,110138,49.5,0.55,81956,Desktop,Southwest
CNT0059,2024-11-30,114917,66.5,0.7389,81686,Desktop,West
CNT0059,2024-12-01,23835,44.1,0.49,20401,Desktop,Midwest
CNT0059,2024-12-02,55333,80.7,0.8967,45997,Tablet,Northeast
CNT0059,2024-12-03,88481,44.0,0.4889,69071,Mobile,Midwest
CNT0059,2024-12-04,98741,44.4,0.4933,74307,Desktop,Southeast
CNT0059,2024-12-05,59070,64.3,0.7144,36942,Mobile,Southwest
CNT0059,2024-12-06,49063,57.9,0.6433,36414,Tablet,Northeast
CNT0059,2024-12-07,107625,35.7,0.3967,83457,Tablet,Midwest
CNT0059,2024-12-08,48435,56.8,0.6311,42552,Mobile,Southeast
CNT0059,2024-12-09,34990,73.3,0.8144,21447,CTV,Northeast
CNT0059,2024-12-10,42773,61.7,0.6856,30039,Desktop,Northeast
CNT0059,2024-12-11,41491,43.3,0.4811,29170,Desktop,Midwest
CNT0059,2024-12-12,7082,48.0,0.5333,5534,Mobile,Midwest
CNT0059,2024-12-13,24691,79.0,0.8778,17109,Mobile,West
CNT0059,2024-12-14,14236,81.8,0.9089,9400,Mobile,Southeast
CNT0059,2024-12-15,9112,71.2,0.7911,7691,Desktop,Southeast
CNT0059,2024-12-16,22767,50.6,0.5622,19426,Desktop,Southwest
CNT0059,2024-12-17,55818,47.6,0.5289,49688,CTV,Southwest
CNT0059,2024-12-18,35842,82.7,0.9189,23299,Mobile,Northeast
CNT0059,2024-12-19,47335,52.2,0.58,28402,Tablet,Southwest
CNT0059,2024-12-20,38541,70.7,0.7856,27135,Tablet,Southwest
CNT0059,2024-12-21,31640,75.6,0.84,20465,Tablet,Southeast
CNT0059,2024-12-22,40259,75.2,0.8356,29629,CTV,Southwest
CNT0059,2024-12-23,33247,54.9,0.61,26129,Mobile,West
CNT0059,2024-12-24,28021,52.6,0.5844,21916,Tablet,Southwest
CNT0059,2024-12-25,21968,79.2,0.88,20042,CTV,Midwest
CNT0059,2024-12-26,19624,82.6,0.9178,15930,Tablet,Southeast
CNT0059,2024-12-27,27044,52.0,0.5778,24405,CTV,Northeast
CNT0059,2024-12-28,3525,79.2,0.88,2805,Mobile,Southeast
CNT0059,2024-12-29,20766,49.7,0.5522,15440,Mobile,Midwest
CNT0059,2024-12-30,17038,51.3,0.57,10308,Desktop,Northeast
CNT0059,2024-12-31,15321,53.3,0.5922,9786,Tablet,West
CNT0060,2024-07-09,421857,28.0,0.4667,327515,Tablet,Southeast
CNT0060,2024-07-10,329478,48.4,0.8067,230975,CTV,Southwest
CNT0060,2024-07-11,430836,36.7,0.6117,263230,Desktop,Northeast
CNT0060,2024-07-12,600047,32.3,0.5383,420594,Mobile,Southwest
CNT0060,2024-07-13,40003,33.5,0.5583,33495,Desktop,Southwest
CNT0060,2024-07-14,537398,37.3,0.6217,397653,Mobile,Southwest
CNT0060,2024-07-15,400438,22.1,0.3683,298366,CTV,Midwest
CNT0060,2024-07-16,124904,48.3,0.805,108998,Tablet,Southwest
CNT0060,2024-07-17,319753,36.3,0.605,198484,Mobile,Southwest
CNT0060,2024-07-18,115502,31.9,0.5317,89537,Tablet,Northeast
CNT0060,2024-07-19,184387,37.5,0.625,166351,Desktop,Southeast
CNT0060,2024-07-20,420838,40.5,0.675,362152,Mobile,Northeast
CNT0060,2024-07-21,222186,54.5,0.9083,184861,Mobile,Midwest
CNT0060,2024-07-22,90157,28.6,0.4767,57078,Mobile,Northeast
CNT0060,2024-07-23,231906,44.5,0.7417,181173,Desktop,Southwest
CNT0060,2024-07-24,105746,22.1,0.3683,82372,Mobile,West
CNT0060,2024-07-25,346185,52.8,0.88,254613,Mobile,Southeast
CNT0060,2024-07-26,259907,34.5,0.575,183887,Tablet,Northeast
CNT0060,2024-07-27,185875,37.2,0.62,133615,Desktop,Southwest
CNT0060,2024-07-28,223203,36.4,0.6067,151314,Desktop,Midwest
CNT0060,2024-07-29,67750,48.7,0.8117,47554,Tablet,West
CNT0060,2024-07-30,334433,25.5,0.425,305240,Desktop,Northeast
CNT0060,2024-07-31,73235,32.2,0.5367,63276,CTV,Northeast
CNT0060,2024-08-01,230966,39.5,0.6583,162242,Desktop,Southwest
CNT0060,2024-08-02,263678,26.2,0.4367,187115,Desktop,Midwest
CNT0060,2024-08-03,174297,42.5,0.7083,107169,CTV,Southeast
CNT0060,2024-08-04,119400,53.2,0.8867,72267,Desktop,Northeast
CNT0060,2024-08-05,155737,23.0,0.3833,116711,Desktop,Southwest
CNT0060,2024-08-06,78625,25.0,0.4167,56710,CTV,West
CNT0060,2024-08-07,304139,49.1,0.8183,190852,Desktop,West
CNT0060,2024-08-08,153218,24.1,0.4017,123697,CTV,Midwest
CNT0060,2024-08-09,141116,43.7,0.7283,100758,CTV,Northeast
CNT0060,2024-08-10,127225,32.5,0.5417,88583,Mobile,Southeast
CNT0060,2024-08-11,223183,37.3,0.6217,162915,CTV,West
CNT0060,2024-08-12,134195,41.8,0.6967,93732,Mobile,Midwest
CNT0060,2024-08-13,114395,43.2,0.72,95692,CTV,Southeast
CNT0060,2024-08-14,251297,34.5,0.575,196005,Tablet,Midwest
CNT0060,2024-08-15,144183,25.8,0.43,94110,Desktop,Midwest
CNT0060,2024-08-16,171132,52.3,0.8717,108006,CTV,Southwest
CNT0060,2024-08-17,70857,29.1,0.485,43979,Desktop,Southeast
CNT0060,2024-08-18,56891,30.3,0.505,45713,Tablet,West
CNT0060,2024-08-19,127120,29.5,0.4917,100982,CTV,Northeast
CNT0060,2024-08-20,38414,33.2,0.5533,30321,CTV,Midwest
CNT0060,2024-08-21,84101,54.3,0.905,74740,Tablet,West
CNT0060,2024-08-22,107596,26.7,0.445,75443,Desktop,Northeast
CNT0060,2024-08-23,159702,40.7,0.6783,101416,Tablet,Northeast
CNT0060,2024-08-24,91810,40.8,0.68,82855,Mobile,Northeast
CNT0060,2024-08-25,75473,49.2,0.82,68285,CTV,West
CNT0060,2024-08-26,79553,53.8,0.8967,70923,CTV,Southeast
CNT0060,2024-08-27,8007,28.9,0.4817,6409,Desktop,West
CNT0060,2024-08-28,126277,24.7,0.4117,83065,CTV,Midwest
CNT0060,2024-08-29,13222,24.5,0.4083,9001,Desktop,West
CNT0060,2024-08-30,67240,55.0,0.9167,48298,Mobile,Northeast
CNT0060,2024-08-31,24463,50.6,0.8433,16392,CTV,Southeast
CNT0060,2024-09-01,59431,34.8,0.58,45178,Tablet,Southeast
CNT0060,2024-09-02,29825,47.9,0.7983,26905,Desktop,West
CNT0060,2024-09-03,80155,41.0,0.6833,56020,Desktop,Midwest
CNT0060,2024-09-04,11813,40.0,0.6667,9472,Tablet,Northeast
CNT0060,2024-09-05,44662,51.9,0.865,36115,CTV,Midwest
CNT0060,2024-09-06,39846,24.2,0.4033,29317,Desktop,Southeast
CNT0060,2024-09-07,26613,53.1,0.885,23010,Desktop,Midwest
CNT0060,2024-09-08,56650,24.0,0.4,41556,CTV,Midwest
CNT0060,2024-09-09,32148,47.2,0.7867,23094,Tablet,Midwest
CNT0060,2024-09-10,26491,54.1,0.9017,21677,Mobile,Southwest
CNT0060,2024-09-11,39667,46.3,0.7717,27428,Desktop,Midwest
CNT0060,2024-09-12,12667,43.6,0.7267,11002,CTV,Southeast
CNT0060,2024-09-13,36752,40.1,0.6683,25041,Tablet,West
CNT0060,2024-09-14,8512,21.7,0.3617,5622,Mobile,West
CNT0060,2024-09-15,13220,41.3,0.6883,11870,Mobile,Midwest
CNT0060,2024-09-16,11471,48.9,0.815,9342,CTV,West
CNT0060,2024-09-17,21407,43.6,0.7267,13673,Tablet,Midwest
CNT0060,2024-09-18,15810,21.1,0.3517,10347,CTV,Southeast
CNT0060,2024-09-19,28410,27.5,0.4583,18454,Desktop,Midwest
CNT0060,2024-09-20,18253,24.0,0.4,12105,Tablet,Southeast
CNT0060,2024-09-21,6363,28.1,0.4683,4338,CTV,Midwest
CNT0060,2024-09-22,13021,23.5,0.3917,7849,Desktop,Midwest
CNT0060,2024-09-23,8234,50.8,0.8467,6596,Mobile,West
CNT0060,2024-09-24,18674,21.2,0.3533,13606,CTV,Southwest
CNT0060,2024-09-25,18097,43.1,0.7183,13901,Mobile,Northeast
CNT0060,2024-09-26,22152,26.3,0.4383,13800,Tablet,Southeast
CNT0060,2024-09-27,12426,31.5,0.525,10208,Mobile,Southwest
CNT0060,2024-09-28,12802,37.7,0.6283,11516,Mobile,Southeast
CNT0060,2024-09-29,19335,37.1,0.6183,14393,Mobile,Southeast
CNT0060,2024-09-30,14221,25.3,0.4217,10567,Tablet,West
CNT0060,2024-10-01,13350,35.9,0.5983,10634,CTV,Southwest
CNT0060,2024-10-02,30978,49.9,0.8317,26143,Tablet,West
CNT0060,2024-10-03,10771,41.0,0.6833,6983,Desktop,Midwest
CNT0060,2024-10-04,23498,41.9,0.6983,20019,Mobile,West
CNT0060,2024-10-05,18418,32.9,0.5483,16265,Mobile,West
CNT0060,2024-10-06,12609,38.3,0.6383,10427,CTV,Midwest
CNT0061,2024-11-23,345643,34.8,0.58,254137,Tablet,Southwest
CNT0061,2024-11-24,238923,47.1,0.785,145781,CTV,West
CNT0061,2024-11-25,180651,51.8,0.8633,149506,Mobile,Northeast
CNT0061,2024-11-26,470496,36.4,0.6067,284527,Mobile,Midwest
CNT0061,2024-11-27,80141,52.3,0.8717,62306,Mobile,Southeast
CNT0061,2024-11-28,252038,24.5,0.4083,176942,CTV,Southwest
CNT0061,2024-11-29,31935,24.6,0.41,23277,CTV,Southeast
CNT0061,2024-11-30,264607,35.5,0.5917,204297,CTV,Southwest
CNT0061,2024-12-01,234456,38.1,0.635,203436,Desktop,Southeast
CNT0061,2024-12-02,77464,24.8,0.4133,53320,Mobile,Southwest
CNT0061,2024-12-03,371383,39.6,0.66,234030,Tablet,Southeast
CNT0061,2024-12-04,167265,48.7,0.8117,146403,CTV,Northeast
CNT0061,2024-12-05,393292,33.9,0.565,289627,Tablet,Southeast
CNT0061,2024-12-06,186221,45.5,0.7583,132781,Desktop,West
CNT0061,2024-12-07,78149,53.5,0.8917,57152,Mobile,Southeast
CNT0061,2024-12-08,233782,50.5,0.8417,177259,Mobile,Southeast
CNT0061,2024-12-09,176557,24.6,0.41,150105,Mobile,West
CNT0061,2024-12-10,422748,24.4,0.4067,360800,Mobile,Midwest
CNT0061,2024-12-11,51725,53.7,0.895,33110,CTV,Southwest
CNT0061,2024-12-12,108110,22.1,0.3683,76042,Tablet,Southwest
CNT0061,2024-12-13,277906,38.0,0.6333,224691,Tablet,Southeast
CNT0061,2024-12-14,332813,42.0,0.7,255435,CTV,Southwest
CNT0061,2024-12-15,293597,37.3,0.6217,209399,Tablet,Southwest
CNT0061,2024-12-16,184095,35.3,0.5883,132499,Mobile,West
CNT0061,2024-12-17,248026,24.2,0.4033,179875,Mobile,Northeast
CNT0061,2024-12-18,106183,22.4,0.3733,96119,Tablet,Southeast
CNT0061,2024-12-19,35206,39.0,0.65,32092,CTV,Midwest
CNT0061,2024-12-20,82728,40.8,0.68,54799,CTV,Southwest
CNT0061,2024-12-21,85453,21.9,0.365,52695,Tablet,Southeast
CNT0061,2024-12-22,126009,48.2,0.8033,95056,Mobile,Midwest
CNT0061,2024-12-23,162242,30.8,0.5133,140193,Tablet,Southwest
CNT0061,2024-12-24,160962,45.5,0.7583,140004,Mobile,Northeast
CNT0061,2024-12-25,107056,26.8,0.4467,72058,CTV,Midwest
CNT0061,2024-12-26,70392,26.2,0.4367,59910,Mobile,Southeast
CNT0061,2024-12-27,40024,40.7,0.6783,32603,Mobile,Midwest
CNT0061,2024-12-28,84745,22.3,0.3717,58893,Mobile,Southwest
CNT0061,2024-12-29,144986,53.5,0.8917,128419,Tablet,Midwest
CNT0061,2024-12-30,85216,29.0,0.4833,53456,Tablet,Midwest
CNT0061,2024-12-31,119334,41.5,0.6917,88957,CTV,Northeast
CNT0062,2024-07-13,333984,35.8,0.8136,289220,Mobile,Midwest
CNT0062,2024-07-14,383003,20.8,0.4727,280185,Mobile,West
CNT0062,2024-07-15,397324,24.4,0.5545,319578,Desktop,Northeast
CNT0062,2024-07-16,280732,36.3,0.825,198639,Mobile,Southwest
CNT0062,2024-07-17,503641,24.5,0.5568,304378,Tablet,West
CNT0062,2024-07-18,66718,30.9,0.7023,41188,Mobile,Northeast
CNT0062,2024-07-19,269118,35.2,0.8,169651,CTV,Southeast
CNT0062,2024-07-20,365567,40.3,0.9159,302000,CTV,Midwest
CNT0062,2024-07-21,134306,20.7,0.4705,85310,Desktop,West
CNT0062,2024-07-22,478589,25.9,0.5886,289969,CTV,Northeast
CNT0062,2024-07-23,230077,25.6,0.5818,144719,Mobile,Southeast
CNT0062,2024-07-24,374417,20.1,0.4568,326396,Tablet,Southeast
CNT0062,2024-07-25,140454,35.7,0.8114,101496,Mobile,Northeast
CNT0062,2024-07-26,290497,34.0,0.7727,186424,Tablet,West
CNT0062,2024-07-27,182562,21.2,0.4818,131686,Desktop,Northeast
CNT0062,2024-07-28,367011,39.3,0.8932,242556,CTV,Northeast
CNT0062,2024-07-29,287649,17.5,0.3977,213907,Desktop,Midwest
CNT0062,2024-07-30,218441,38.5,0.875,148543,Desktop,Northeast
CNT0062,2024-07-31,325040,32.1,0.7295,254587,CTV,Southwest
CNT0062,2024-08-01,37281,30.4,0.6909,30835,CTV,Midwest
CNT0062,2024-08-02,238254,34.7,0.7886,203787,Mobile,Midwest
CNT0062,2024-08-03,146990,35.5,0.8068,135124,Desktop,Southwest
CNT0062,2024-08-04,187668,17.6,0.4,160630,Mobile,Midwest
CNT0062,2024-08-05,102549,22.0,0.5,69398,CTV,Southeast
CNT0062,2024-08-06,208269,20.1,0.4568,186839,Tablet,West
CNT0062,2024-08-07,46966,16.8,0.3818,34404,Tablet,Northeast
CNT0062,2024-08-08,94476,22.8,0.5182,61752,Mobile,Midwest
CNT0062,2024-08-09,124848,26.4,0.6,86396,Desktop,Southwest
CNT0062,2024-08-10,26755,24.6,0.5591,16784,Desktop,Southeast
CNT0062,2024-08-11,72785,18.6,0.4227,55223,Tablet,Midwest
CNT0062,2024-08-12,77385,25.3,0.575,49452,Tablet,Southwest
CNT0062,2024-08-13,199503,33.0,0.75,173580,CTV,West
CNT0062,2024-08-14,179673,37.0,0.8409,113474,CTV,Midwest
CNT0062,2024-08-15,46186,17.7,0.4023,31525,Desktop,Northeast
CNT0062,2024-08-16,41541,22.7,0.5159,35638,Desktop,Midwest
CNT0062,2024-08-17,89947,39.6,0.9,66621,CTV,Southeast
CNT0062,2024-08-18,127975,17.3,0.3932,107133,Desktop,Northeast
CNT0062,2024-08-19,145620,37.8,0.8591,87397,Tablet,West
CNT0062,2024-08-20,90926,23.5,0.5341,80878,Desktop,Northeast
CNT0062,2024-08-21,170054,24.2,0.55,142316,CTV,Southeast
CNT0062,2024-08-22,49928,15.6,0.3545,31909,CTV,West
CNT0062,2024-08-23,93058,37.5,0.8523,58495,CTV,West
CNT0062,2024-08-24,31606,20.6,0.4682,27831,CTV,Northeast
CNT0062,2024-08-25,122856,18.6,0.4227,82096,Mobile,Northeast
CNT0062,2024-08-26,134793,39.3,0.8932,108113,CTV,West
CNT0062,2024-08-27,30757,16.1,0.3659,20859,Desktop,West
CNT0062,2024-08-28,151113,24.9,0.5659,136848,Tablet,Midwest
CNT0062,2024-08-29,9084,16.2,0.3682,7106,Desktop,Midwest
CNT0062,2024-08-30,32204,35.0,0.7955,26771,Tablet,Southwest
CNT0062,2024-08-31,22650,36.8,0.8364,14134,Tablet,Midwest
CNT0062,2024-09-01,41156,22.2,0.5045,33761,Desktop,Northeast
CNT0062,2024-09-02,19829,21.8,0.4955,18233,Desktop,Midwest
CNT0062,2024-09-03,66769,25.3,0.575,49387,Desktop,Southwest
CNT0062,2024-09-04,19170,18.6,0.4227,17343,CTV,West
CNT0062,2024-09-05,34297,18.6,0.4227,21382,CTV,West
CNT0062,2024-09-06,66383,22.0,0.5,40994,Desktop,Northeast
CNT0062,2024-09-07,118793,33.0,0.75,94592,Mobile,Midwest
CNT0062,2024-09-08,122315,26.0,0.5909,85859,CTV,West
CNT0062,2024-09-09,32231,26.1,0.5932,22688,Mobile,Northeast
CNT0062,2024-09-10,56741,34.3,0.7795,38953,Desktop,Northeast
CNT0062,2024-09-11,34055,16.2,0.3682,23959,Desktop,Northeast
CNT0062,2024-09-12,7612,32.7,0.7432,5086,CTV,Southeast
CNT0062,2024-09-13,60920,32.3,0.7341,49043,Mobile,Northeast
CNT0062,2024-09-14,68437,15.7,0.3568,51932,CTV,West
CNT0062,2024-09-15,54680,26.1,0.5932,47429,Desktop,West
CNT0062,2024-09-16,40097,16.7,0.3795,31210,Mobile,Northeast
CNT0062,2024-09-17,22500,18.1,0.4114,18350,Desktop,Midwest
CNT0062,2024-09-18,39100,23.1,0.525,29694,Mobile,Midwest
CNT0062,2024-09-19,60300,21.0,0.4773,55200,Tablet,Southeast
CNT0062,2024-09-20,39435,34.4,0.7818,29690,CTV,West
CNT0062,2024-09-21,28689,34.8,0.7909,18647,Desktop,Southeast
CNT0062,2024-09-22,7928,32.1,0.7295,6892,Tablet,Midwest
CNT0062,2024-09-23,6415,21.8,0.4955,3857,Mobile,West
CNT0062,2024-09-24,3855,17.5,0.3977,3235,Desktop,Southwest
CNT0062,2024-09-25,21195,29.4,0.6682,17441,Desktop,Northeast
CNT0062,2024-09-26,34886,24.4,0.5545,27235,Desktop,Midwest
CNT0062,2024-09-27,4448,30.4,0.6909,3356,Mobile,Southwest
CNT0062,2024-09-28,4703,28.7,0.6523,3494,Mobile,West
CNT0062,2024-09-29,15702,28.1,0.6386,11414,Mobile,Southwest
CNT0062,2024-09-30,41033,31.3,0.7114,26877,CTV,West
CNT0062,2024-10-01,30293,17.8,0.4045,23961,Desktop,Northeast
CNT0062,2024-10-02,35979,33.5,0.7614,32205,Tablet,Southeast
CNT0062,2024-10-03,22020,28.3,0.6432,19496,CTV,Southwest
CNT0062,2024-10-04,26625,40.4,0.9182,22323,CTV,West
CNT0062,2024-10-05,20349,35.4,0.8045,12789,CTV,Southeast
CNT0062,2024-10-06,27975,36.0,0.8182,20906,Desktop,Southwest
CNT0062,2024-10-07,4898,37.4,0.85,3171,Mobile,Southeast
CNT0062,2024-10-08,6042,39.4,0.8955,3983,Tablet,West
CNT0062,2024-10-09,15332,18.8,0.4273,9210,Mobile,Southwest
CNT0062,2024-10-10,8350,39.0,0.8864,7393,CTV,West
CNT0063,2024-12-13,134554,66.8,0.7422,110842,Desktop,Northeast
CNT0063,2024-12-14,253351,45.8,0.5089,166155,Tablet,Southeast
CNT0063,2024-12-15,119866,41.8,0.4644,96873,Mobile,West
CNT0063,2024-12-16,334267,40.7,0.4522,284459,Desktop,Southeast
CNT0063,2024-12-17,68545,62.8,0.6978,45187,Tablet,Southwest
CNT0063,2024-12-18,174759,77.5,0.8611,119445,Desktop,Southwest
CNT0063,2024-12-19,438870,34.9,0.3878,362880,Desktop,Southeast
CNT0063,2024-12-20,423989,34.1,0.3789,370997,Desktop,Southwest
CNT0063,2024-12-21,126618,65.5,0.7278,110285,Desktop,Southeast
CNT0063,2024-12-22,565365,72.9,0.81,339614,Desktop,Midwest
CNT0063,2024-12-23,765701,75.0,0.8333,626986,Tablet,West
CNT0063,2024-12-24,294177,72.6,0.8067,242979,Mobile,West
CNT0063,2024-12-25,177217,65.9,0.7322,116658,Mobile,West
CNT0063,2024-12-26,438891,49.4,0.5489,284255,CTV,West
CNT0063,2024-12-27,626094,71.8,0.7978,389969,Mobile,Northeast
CNT0063,2024-12-28,141685,47.9,0.5322,89634,CTV,Southeast
CNT0063,2024-12-29,578278,42.1,0.4678,366749,Tablet,Midwest
CNT0063,2024-12-30,128354,50.6,0.5622,108431,CTV,Southeast
CNT0063,2024-12-31,95294,52.3,0.5811,74764,Desktop,Northeast
CNT0064,2024-07-17,301598,42.3,0.47,260366,Mobile,Southeast
CNT0064,2024-07-18,252121,75.4,0.8378,224395,Tablet,Southeast
CNT0064,2024-07-19,602711,70.1,0.7789,532600,Tablet,Northeast
CNT0064,2024-07-20,387257,47.1,0.5233,304819,CTV,Southeast
CNT0064,2024-07-21,400501,32.1,0.3567,307814,Desktop,Southwest
CNT0064,2024-07-22,293098,80.7,0.8967,195095,Mobile,Northeast
CNT0064,2024-07-23,152918,80.2,0.8911,97212,Mobile,Southeast
CNT0064,2024-07-24,342177,64.8,0.72,261791,Mobile,West
CNT0064,2024-07-25,97734,50.6,0.5622,78174,CTV,West
CNT0064,2024-07-26,385168,47.0,0.5222,319149,Mobile,Southwest
CNT0064,2024-07-27,25441,41.6,0.4622,20458,Tablet,Southeast
CNT0064,2024-07-28,297459,37.8,0.42,199733,Mobile,West
CNT0064,2024-07-29,75898,65.9,0.7322,59500,Tablet,Southeast
CNT0064,2024-07-30,225493,74.7,0.83,157892,CTV,West
CNT0064,2024-07-31,345932,76.8,0.8533,209248,Desktop,Southeast
CNT0064,2024-08-01,304771,48.0,0.5333,274862,Mobile,Southeast
CNT0064,2024-08-02,192039,59.8,0.6644,121437,CTV,Southwest
CNT0064,2024-08-03,43168,65.8,0.7311,37105,Mobile,Southwest
CNT0064,2024-08-04,278082,34.5,0.3833,249649,Desktop,West
CNT0064,2024-08-05,245123,61.8,0.6867,190476,Mobile,Midwest
CNT0064,2024-08-06,391808,56.4,0.6267,279482,Tablet,Northeast
CNT0064,2024-08-07,243560,53.4,0.5933,169111,Desktop,Southeast
CNT0064,2024-08-08,107999,69.6,0.7733,80221,CTV,West
CNT0064,2024-08-09,222509,52.8,0.5867,196997,CTV,West
CNT0064,2024-08-10,100220,70.8,0.7867,67602,CTV,Southwest
CNT0064,2024-08-11,32104,68.4,0.76,26422,CTV,Southwest
CNT0064,2024-08-12,140637,48.8,0.5422,94292,Mobile,West
CNT0064,2024-08-13,63717,68.8,0.7644,55378,Desktop,Northeast
CNT0064,2024-08-14,99561,56.5,0.6278,79577,Tablet,Northeast
CNT0064,2024-08-15,100136,56.4,0.6267,80301,Mobile,Northeast
CNT0064,2024-08-16,139536,36.5,0.4056,107764,Mobile,Northeast
CNT0064,2024-08-17,19762,46.2,0.5133,17672,Mobile,Northeast
CNT0064,2024-08-18,159471,38.9,0.4322,100607,Mobile,Midwest
CNT0064,2024-08-19,162544,81.5,0.9056,113056,Desktop,West
CNT0064,2024-08-20,166164,45.4,0.5044,125124,Mobile,Midwest
CNT0064,2024-08-21,89396,34.6,0.3844,65784,Desktop,Southeast
CNT0064,2024-08-22,179569,65.4,0.7267,109124,Mobile,West
CNT0064,2024-08-23,120384,63.5,0.7056,76839,CTV,West
CNT0064,2024-08-24,27142,78.0,0.8667,22782,CTV,Southwest
CNT0064,2024-08-25,80583,56.0,0.6222,69306,CTV,Southeast
CNT0064,2024-08-26,68607,67.2,0.7467,56569,CTV,Southwest
CNT0064,2024-08-27,30656,60.7,0.6744,25785,Tablet,Southwest
CNT0064,2024-08-28,61212,45.7,0.5078,45256,Tablet,Southwest
CNT0064,2024-08-29,14558,73.8,0.82,10818,Desktop,Southeast
CNT0064,2024-08-30,10290,81.2,0.9022,7031,Desktop,Northeast
CNT0064,2024-08-31,58586,78.9,0.8767,47637,Tablet,West
CNT0064,2024-09-01,55375,32.0,0.3556,47171,CTV,Northeast
CNT0064,2024-09-02,85762,64.6,0.7178,73381,Mobile,Northeast
CNT0064,2024-09-03,7489,35.2,0.3911,6612,CTV,Midwest
CNT0064,2024-09-04,10349,49.4,0.5489,8292,CTV,West
CNT0064,2024-09-05,95248,56.1,0.6233,74549,Desktop,Midwest
CNT0064,2024-09-06,53373,49.9,0.5544,40890,CTV,Northeast
CNT0064,2024-09-07,8161,33.6,0.3733,5663,CTV,Midwest
CNT0064,2024-09-08,108031,52.7,0.5856,94177,Desktop,Southwest
CNT0064,2024-09-09,52301,51.3,0.57,44634,Desktop,Southwest
CNT0064,2024-09-10,60463,49.5,0.55,43267,CTV,Midwest
CNT0064,2024-09-11,65365,61.3,0.6811,42188,Desktop,West
CNT0064,2024-09-12,39045,38.4,0.4267,28968,CTV,Northeast
CNT0064,2024-09-13,24044,58.7,0.6522,19786,Desktop,Northeast
CNT0064,2024-09-14,14787,82.2,0.9133,9402,CTV,West
CNT0064,2024-09-15,48880,40.6,0.4511,39618,CTV,Southwest
CNT0064,2024-09-16,87774,37.5,0.4167,68566,CTV,Midwest
CNT0064,2024-09-17,22414,37.1,0.4122,20191,Tablet,Northeast
CNT0064,2024-09-18,40201,44.7,0.4967,32250,Desktop,West
CNT0064,2024-09-19,43462,75.5,0.8389,39576,Tablet,Southeast
CNT0064,2024-09-20,10359,63.6,0.7067,8505,Mobile,Southeast
CNT0064,2024-09-21,69575,44.2,0.4911,54745,Tablet,West
CNT0064,2024-09-22,7744,39.8,0.4422,5407,Tablet,Northeast
CNT0064,2024-09-23,32193,57.7,0.6411,28799,Desktop,West
CNT0064,2024-09-24,48043,53.0,0.5889,34444,Mobile,Midwest
CNT0064,2024-09-25,48092,47.3,0.5256,43343,Mobile,Southeast
CNT0064,2024-09-26,36153,77.4,0.86,22470,CTV,Southeast
CNT0064,2024-09-27,30460,64.0,0.7111,20925,Desktop,West
CNT0064,2024-09-28,41740,62.1,0.69,34530,Tablet,Midwest
CNT0064,2024-09-29,27713,36.2,0.4022,24247,Desktop,Southwest
CNT0064,2024-09-30,43961,82.4,0.9156,26658,CTV,Southwest
CNT0064,2024-10-01,29088,47.4,0.5267,20615,Desktop,West
CNT0064,2024-10-02,18106,76.7,0.8522,15472,Mobile,Midwest
CNT0064,2024-10-03,30075,69.5,0.7722,25749,Tablet,Southwest
CNT0064,2024-10-04,2581,64.5,0.7167,1942,Mobile,West
CNT0064,2024-10-05,21130,65.7,0.73,17232,Tablet,West
CNT0064,2024-10-06,14366,75.3,0.8367,10780,Mobile,West
CNT0064,2024-10-07,30685,33.8,0.3756,20848,Mobile,Midwest
CNT0064,2024-10-08,4447,60.4,0.6711,3884,Tablet,Northeast
CNT0064,2024-10-09,16679,38.0,0.4222,12880,Tablet,Midwest
CNT0064,2024-10-10,21835,53.8,0.5978,16299,Tablet,West
CNT0064,2024-10-11,4059,67.0,0.7444,2541,CTV,Southwest
CNT0064,2024-10-12,8414,77.4,0.86,5489,Desktop,Southeast
CNT0064,2024-10-13,15691,61.1,0.6789,12671,Mobile,Northeast
CNT0064,2024-10-14,14258,53.8,0.5978,11198,CTV,Southwest
CNT0065,2024-07-10,219753,35.4,0.59,192141,Desktop,Southwest
CNT0065,2024-07-11,153541,21.9,0.365,110538,Tablet,Southeast
CNT0065,2024-07-12,867250,43.3,0.7217,749093,Tablet,West
CNT0065,2024-07-13,92728,43.6,0.7267,81028,Tablet,West
CNT0065,2024-07-14,393042,52.4,0.8733,360888,Desktop,Northeast
CNT0065,2024-07-15,438423,48.5,0.8083,381725,Tablet,Northeast
CNT0065,2024-07-16,175923,54.1,0.9017,161625,CTV,Northeast
CNT0065,2024-07-17,332567,33.6,0.56,229561,Desktop,Northeast
CNT0065,2024-07-18,584809,49.4,0.8233,467081,Desktop,West
CNT0065,2024-07-19,216455,25.5,0.425,156847,Mobile,West
CNT0065,2024-07-20,199518,53.5,0.8917,136765,Desktop,Midwest
CNT0065,2024-07-21,256165,46.1,0.7683,211860,Tablet,West
CNT0065,2024-07-22,570493,35.0,0.5833,386479,Desktop,Midwest
CNT0065,2024-07-23,128437,21.1,0.3517,114244,Desktop,Northeast
CNT0065,2024-07-24,365254,51.7,0.8617,330425,CTV,West
CNT0065,2024-07-25,154366,37.1,0.6183,128863,Mobile,Southwest
CNT0065,2024-07-26,559728,45.2,0.7533,474585,Tablet,West
CNT0065,2024-07-27,271776,32.2,0.5367,207202,Tablet,Northeast
CNT0065,2024-07-28,316386,40.9,0.6817,217440,Mobile,West
CNT0065,2024-07-29,154382,21.8,0.3633,112871,Tablet,Southwest
CNT0065,2024-07-30,276231,22.1,0.3683,221976,Tablet,West
CNT0065,2024-07-31,310868,50.9,0.8483,212803,Mobile,Southwest
CNT0065,2024-08-01,181153,27.7,0.4617,129581,CTV,West
CNT0065,2024-08-02,208172,49.4,0.8233,178326,Tablet,Midwest
CNT0065,2024-08-03,80481,37.4,0.6233,70711,Tablet,Southwest
CNT0065,2024-08-04,152804,25.8,0.43,115689,Tablet,Midwest
CNT0065,2024-08-05,198079,55.0,0.9167,156017,Tablet,Southeast
CNT0065,2024-08-06,269484,35.6,0.5933,190464,Tablet,Southeast
CNT0065,2024-08-07,141590,41.8,0.6967,100552,CTV,West
CNT0065,2024-08-08,181161,23.5,0.3917,133455,Tablet,Southwest
CNT0065,2024-08-09,29187,37.4,0.6233,22272,Mobile,Northeast
CNT0065,2024-08-10,195558,43.9,0.7317,118657,CTV,Southeast
CNT0065,2024-08-11,87205,46.8,0.78,73239,CTV,Southeast
CNT0065,2024-08-12,71534,53.4,0.89,53915,Mobile,Southeast
CNT0065,2024-08-13,125615,40.6,0.6767,104154,Desktop,Southwest
CNT0065,2024-08-14,90483,24.3,0.405,54399,Tablet,Southwest
CNT0065,2024-08-15,183559,33.1,0.5517,146013,CTV,Northeast
CNT0065,2024-08-16,207002,44.7,0.745,162114,Desktop,West
CNT0065,2024-08-17,70917,22.3,0.3717,44097,CTV,Southwest
CNT0065,2024-08-18,48782,39.9,0.665,44777,CTV,Midwest
CNT0065,2024-08-19,116777,52.3,0.8717,92118,CTV,Northeast
CNT0065,2024-08-20,163616,26.0,0.4333,140564,Mobile,Southwest
CNT0065,2024-08-21,27035,55.0,0.9167,21435,Tablet,West
CNT0065,2024-08-22,136284,35.8,0.5967,107050,Mobile,Southeast
CNT0065,2024-08-23,99453,53.4,0.89,68903,Mobile,Southwest
CNT0065,2024-08-24,116400,28.1,0.4683,87781,Desktop,Southeast
CNT0065,2024-08-25,108514,38.1,0.635,78474,Tablet,West
CNT0065,2024-08-26,45241,31.5,0.525,35105,Desktop,Northeast
CNT0065,2024-08-27,65267,21.3,0.355,59651,Mobile,West
CNT0065,2024-08-28,77379,48.0,0.8,63358,CTV,West
CNT0065,2024-08-29,71540,28.0,0.4667,44632,Mobile,Midwest
CNT0065,2024-08-30,13682,53.4,0.89,9654,Mobile,Southeast
CNT0065,2024-08-31,80895,36.2,0.6033,64232,Desktop,Midwest
CNT0065,2024-09-01,76178,47.5,0.7917,58164,Tablet,Southeast
CNT0065,2024-09-02,44446,53.6,0.8933,36889,Tablet,Southwest
CNT0065,2024-09-03,32242,46.1,0.7683,28421,Desktop,Southwest
CNT0065,2024-09-04,12339,48.4,0.8067,10779,Tablet,West
CNT0065,2024-09-05,16708,38.3,0.6383,12591,Tablet,Southwest
CNT0065,2024-09-06,30743,52.4,0.8733,19266,Desktop,Northeast
CNT0065,2024-09-07,50851,34.0,0.5667,44699,Mobile,Southwest
CNT0065,2024-09-08,46191,50.6,0.8433,41863,Tablet,Midwest
CNT0065,2024-09-09,18098,49.6,0.8267,12490,Desktop,West
CNT0065,2024-09-10,23208,23.5,0.3917,17740,Mobile,Northeast
CNT0065,2024-09-11,29163,21.7,0.3617,18220,CTV,West
CNT0065,2024-09-12,9469,40.4,0.6733,6089,Desktop,Southeast
CNT0065,2024-09-13,67181,29.5,0.4917,41517,Mobile,West
CNT0065,2024-09-14,32143,36.0,0.6,28781,Desktop,Southwest
CNT0065,2024-09-15,35216,28.6,0.4767,25159,CTV,Northeast
CNT0065,2024-09-16,49444,28.2,0.47,32973,CTV,Northeast
CNT0065,2024-09-17,7691,51.2,0.8533,6384,Desktop,Midwest
CNT0065,2024-09-18,22476,36.1,0.6017,15105,CTV,Southeast
CNT0065,2024-09-19,26412,23.0,0.3833,16238,CTV,West
CNT0065,2024-09-20,25404,40.4,0.6733,15992,Tablet,Midwest
CNT0065,2024-09-21,29570,53.5,0.8917,25329,Mobile,Northeast
CNT0065,2024-09-22,12811,53.3,0.8883,10579,Tablet,Southeast
CNT0065,2024-09-23,23645,28.3,0.4717,20496,Tablet,Northeast
CNT0065,2024-09-24,6271,49.8,0.83,5517,CTV,Midwest
CNT0065,2024-09-25,28302,26.9,0.4483,18398,Mobile,Southeast
CNT0065,2024-09-26,23530,51.7,0.8617,14235,CTV,West
CNT0065,2024-09-27,6644,28.1,0.4683,4797,Desktop,Southwest
CNT0065,2024-09-28,12113,52.7,0.8783,7473,Desktop,Northeast
CNT0065,2024-09-29,10859,29.5,0.4917,8400,CTV,Midwest
CNT0065,2024-09-30,18696,23.9,0.3983,16183,CTV,Northeast
CNT0065,2024-10-01,18984,32.6,0.5433,11894,Desktop,Southeast
CNT0065,2024-10-02,4201,45.2,0.7533,3289,Desktop,Southwest
CNT0065,2024-10-03,25109,34.9,0.5817,21738,Mobile,West
CNT0065,2024-10-04,12583,41.5,0.6917,8317,Desktop,West
CNT0065,2024-10-05,20187,41.8,0.6967,14806,Desktop,Midwest
CNT0065,2024-10-06,27153,49.8,0.83,19179,Mobile,Midwest
CNT0065,2024-10-07,17026,33.0,0.55,14777,Mobile,Southeast
CNT0066,2024-07-15,349515,25.4,0.5773,238893,CTV,West
CNT0066,2024-07-16,381782,37.4,0.85,310058,Tablet,Northeast
CNT0066,2024-07-17,594895,23.9,0.5432,406023,CTV,Southwest
CNT0066,2024-07-18,154582,27.9,0.6341,117432,CTV,Midwest
CNT0066,2024-07-19,462244,29.4,0.6682,394014,Tablet,Northeast
CNT0066,2024-07-20,424478,39.6,0.9,257547,CTV,Southwest
CNT0066,2024-07-21,408373,32.2,0.7318,357775,Desktop,West
CNT0066,2024-07-22,69765,29.4,0.6682,50822,Tablet,Midwest
CNT0066,2024-07-23,82587,22.0,0.5,68953,CTV,Midwest
CNT0066,2024-07-24,205237,34.1,0.775,164132,Desktop,Southeast
CNT0066,2024-07-25,235847,27.8,0.6318,188991,CTV,Midwest
CNT0066,2024-07-26,67390,17.0,0.3864,58098,Mobile,West
CNT0066,2024-07-27,535231,28.2,0.6409,392226,Mobile,West
CNT0066,2024-07-28,307416,21.7,0.4932,245187,Tablet,Northeast
CNT0066,2024-07-29,178625,19.0,0.4318,110762,CTV,Midwest
CNT0066,2024-07-30,88671,37.3,0.8477,79503,Tablet,West
CNT0066,2024-07-31,446779,28.9,0.6568,330850,CTV,Northeast
CNT0066,2024-08-01,350537,28.8,0.6545,311464,Mobile,West
CNT0066,2024-08-02,246815,29.9,0.6795,160264,Mobile,Southwest
CNT0066,2024-08-03,336161,35.1,0.7977,243803,CTV,Northeast
CNT0066,2024-08-04,194228,21.7,0.4932,170333,CTV,Midwest
CNT0066,2024-08-05,32243,16.1,0.3659,24446,CTV,Northeast
CNT0066,2024-08-06,343459,36.3,0.825,256319,CTV,Southwest
CNT0066,2024-08-07,17552,15.5,0.3523,13051,Tablet,Southwest
CNT0066,2024-08-08,116761,19.9,0.4523,80665,Desktop,Midwest
CNT0066,2024-08-09,236355,26.4,0.6,181859,Tablet,West
CNT0066,2024-08-10,228290,35.4,0.8045,168640,Tablet,Southeast
CNT0066,2024-08-11,291779,17.7,0.4023,242865,Mobile,Southwest
CNT0066,2024-08-12,103860,22.9,0.5205,91035,Desktop,Southeast
CNT0066,2024-08-13,16358,39.2,0.8909,12912,Mobile,Northeast
CNT0066,2024-08-14,133198,19.4,0.4409,120498,Desktop,Southwest
CNT0066,2024-08-15,187056,28.8,0.6545,123982,Tablet,Midwest
CNT0066,2024-08-16,204085,16.8,0.3818,156663,CTV,Southeast
CNT0066,2024-08-17,197366,34.7,0.7886,140227,Desktop,Midwest
CNT0066,2024-08-18,179390,27.1,0.6159,158050,Tablet,Southwest
CNT0066,2024-08-19,141692,40.2,0.9136,109476,CTV,Southeast
CNT0066,2024-08-20,150968,34.8,0.7909,107114,Tablet,Southeast
CNT0066,2024-08-21,26025,28.7,0.6523,19070,CTV,Southwest
CNT0066,2024-08-22,126083,16.4,0.3727,90080,CTV,Northeast
CNT0066,2024-08-23,70092,37.3,0.8477,45832,CTV,West
CNT0066,2024-08-24,92893,26.9,0.6114,62468,Desktop,Midwest
CNT0066,2024-08-25,107478,24.2,0.55,94851,CTV,Midwest
CNT0066,2024-08-26,32505,25.2,0.5727,28854,CTV,West
CNT0066,2024-08-27,143109,25.8,0.5864,130861,Tablet,Midwest
CNT0066,2024-08-28,94949,37.0,0.8409,85034,Mobile,West
CNT0066,2024-08-29,17367,18.7,0.425,12419,Tablet,Southwest
CNT0066,2024-08-30,74628,20.1,0.4568,48222,CTV,Southwest
CNT0066,2024-08-31,35894,19.9,0.4523,31564,Desktop,Northeast
CNT0066,2024-09-01,91408,40.3,0.9159,81571,Tablet,Southwest
CNT0066,2024-09-02,53365,15.9,0.3614,39519,Tablet,Southeast
CNT0066,2024-09-03,128011,37.0,0.8409,97207,CTV,Southwest
CNT0066,2024-09-04,31882,31.4,0.7136,22062,CTV,Northeast
CNT0066,2024-09-05,14910,31.4,0.7136,11031,Desktop,Southwest
CNT0066,2024-09-06,56033,28.3,0.6432,51412,Mobile,Southwest
CNT0066,2024-09-07,32919,39.3,0.8932,27720,Desktop,West
CNT0066,2024-09-08,14502,21.0,0.4773,12469,Tablet,Northeast
CNT0066,2024-09-09,76600,28.8,0.6545,63028,Tablet,Northeast
CNT0066,2024-09-10,57360,22.3,0.5068,50241,Mobile,West
CNT0066,2024-09-11,39013,31.0,0.7045,23474,Desktop,West
CNT0066,2024-09-12,74338,39.9,0.9068,59719,Desktop,Southwest
CNT0066,2024-09-13,33106,16.8,0.3818,24841,Mobile,West
CNT0066,2024-09-14,49068,28.7,0.6523,29811,Tablet,West
CNT0066,2024-09-15,23634,24.6,0.5591,21726,CTV,Northeast
CNT0066,2024-09-16,26679,38.5,0.875,22795,CTV,Southwest
CNT0066,2024-09-17,58460,38.7,0.8795,41207,Tablet,Midwest
CNT0066,2024-09-18,20640,27.5,0.625,18347,CTV,Southwest
CNT0066,2024-09-19,26336,19.9,0.4523,18392,Tablet,Southeast
CNT0066,2024-09-20,45962,19.5,0.4432,32364,CTV,West
CNT0066,2024-09-21,15102,24.0,0.5455,10142,CTV,Midwest
CNT0066,2024-09-22,61727,18.9,0.4295,47628,CTV,Midwest
CNT0066,2024-09-23,16373,37.9,0.8614,10437,Desktop,Southeast
CNT0066,2024-09-24,20653,27.1,0.6159,12998,Tablet,Southwest
CNT0066,2024-09-25,31641,27.3,0.6205,26687,Desktop,Northeast
CNT0066,2024-09-26,16172,18.5,0.4205,14792,CTV,Southwest
CNT0066,2024-09-27,29078,22.1,0.5023,22219,Desktop,Northeast
CNT0066,2024-09-28,23112,18.0,0.4091,14030,CTV,West
CNT0066,2024-09-29,17287,31.2,0.7091,10602,Desktop,Midwest
CNT0066,2024-09-30,6454,23.7,0.5386,5071,Mobile,Southeast
CNT0066,2024-10-01,11130,27.3,0.6205,9171,Mobile,West
CNT0066,2024-10-02,19754,29.7,0.675,17651,Desktop,West
CNT0066,2024-10-03,12278,28.2,0.6409,10656,Mobile,Northeast
CNT0066,2024-10-04,30805,38.9,0.8841,25130,Mobile,Southeast
CNT0066,2024-10-05,23596,16.6,0.3773,21547,Desktop,West
CNT0066,2024-10-06,11884,25.7,0.5841,7302,CTV,Southeast
CNT0066,2024-10-07,11165,36.2,0.8227,9727,Mobile,West
CNT0066,2024-10-08,9069,30.7,0.6977,6303,CTV,Southeast
CNT0066,2024-10-09,25147,23.2,0.5273,23042,CTV,Southwest
CNT0066,2024-10-10,10020,37.8,0.8591,7260,Desktop,Southeast
CNT0066,2024-10-11,13992,22.9,0.5205,12729,Desktop,Southeast
CNT0066,2024-10-12,4723,31.9,0.725,4195,Desktop,Southwest
CNT0067,2024-10-02,372955,12.4,0.5636,273983,CTV,Midwest
CNT0067,2024-10-03,53781,17.2,0.7818,42313,CTV,Midwest
CNT0067,2024-10-04,567990,16.5,0.75,484340,CTV,Southwest
CNT0067,2024-10-05,372484,15.4,0.7,292496,Tablet,Southeast
CNT0067,2024-10-06,355532,19.9,0.9045,299745,Mobile,Southeast
CNT0067,2024-10-07,46159,11.2,0.5091,39666,Mobile,Southeast
CNT0067,2024-10-08,207159,16.4,0.7455,159108,Mobile,Northeast
CNT0067,2024-10-09,606828,14.8,0.6727,364886,Mobile,Midwest
CNT0067,2024-10-10,48981,15.4,0.7,40575,Mobile,West
CNT0067,2024-10-11,29086,10.9,0.4955,17677,Desktop,Southeast
CNT0067,2024-10-12,408351,19.2,0.8727,366389,Tablet,Southwest
CNT0067,2024-10-13,254742,13.6,0.6182,219019,Mobile,West
CNT0067,2024-10-14,76786,17.0,0.7727,57475,Tablet,Southwest
CNT0067,2024-10-15,310396,12.9,0.5864,228612,Tablet,Southwest
CNT0067,2024-10-16,51222,12.2,0.5545,46648,Tablet,Southeast
CNT0067,2024-10-17,325483,8.4,0.3818,253069,Mobile,Southeast
CNT0067,2024-10-18,132233,18.8,0.8545,81166,Tablet,Northeast
CNT0067,2024-10-19,89497,15.3,0.6955,82141,Mobile,Midwest
CNT0067,2024-10-20,234513,14.0,0.6364,188053,Tablet,Midwest
CNT0067,2024-10-21,74481,14.3,0.65,66668,Mobile,Northeast
CNT0067,2024-10-22,29189,14.8,0.6727,23680,Tablet,Southeast
CNT0067,2024-10-23,246444,13.5,0.6136,221563,Mobile,Southwest
CNT0067,2024-10-24,229030,15.9,0.7227,201865,Tablet,Northeast
CNT0067,2024-10-25,22532,12.4,0.5636,19894,Tablet,Southwest
CNT0067,2024-10-26,284124,19.1,0.8682,176229,Mobile,West
CNT0067,2024-10-27,285129,8.3,0.3773,237401,Mobile,Midwest
CNT0067,2024-10-28,77279,14.5,0.6591,52951,Desktop,Southwest
CNT0067,2024-10-29,25672,13.0,0.5909,21780,Tablet,Southwest
CNT0067,2024-10-30,77773,9.7,0.4409,53768,Tablet,Southwest
CNT0067,2024-10-31,150328,7.8,0.3545,96128,CTV,Southwest
CNT0067,2024-11-01,106230,11.0,0.5,88379,Desktop,Midwest
CNT0067,2024-11-02,62852,19.1,0.8682,57543,CTV,Midwest
CNT0067,2024-11-03,156260,10.8,0.4909,106505,Desktop,Southwest
CNT0067,2024-11-04,86509,19.2,0.8727,64580,Mobile,West
CNT0067,2024-11-05,29623,10.0,0.4545,19826,CTV,West
CNT0067,2024-11-06,223332,13.0,0.5909,185964,Desktop,Northeast
CNT0067,2024-11-07,88443,19.3,0.8773,70212,Tablet,Midwest
CNT0067,2024-11-08,58387,15.7,0.7136,44957,CTV,Southeast
CNT0067,2024-11-09,82287,14.3,0.65,73659,Desktop,Southeast
CNT0067,2024-11-10,143243,9.0,0.4091,105118,Tablet,Northeast
CNT0067,2024-11-11,70605,20.2,0.9182,44177,Desktop,West
CNT0067,2024-11-12,108821,19.6,0.8909,68720,Tablet,Southeast
CNT0067,2024-11-13,195475,8.7,0.3955,168486,CTV,West
CNT0067,2024-11-14,125032,11.9,0.5409,114316,Desktop,West
CNT0067,2024-11-15,94713,15.3,0.6955,86089,Desktop,Southeast
CNT0067,2024-11-16,36295,18.2,0.8273,27546,Mobile,West
CNT0067,2024-11-17,37767,16.8,0.7636,23131,Tablet,West
CNT0067,2024-11-18,60726,9.4,0.4273,46693,CTV,West
CNT0067,2024-11-19,75279,11.1,0.5045,67221,Desktop,Northeast
CNT0067,2024-11-20,35618,11.9,0.5409,26488,Tablet,West
CNT0067,2024-11-21,20390,9.2,0.4182,16243,Tablet,Southwest
CNT0067,2024-11-22,67904,11.7,0.5318,50030,Mobile,Midwest
CNT0067,2024-11-23,54108,16.0,0.7273,37671,Desktop,Midwest
CNT0067,2024-11-24,75597,17.6,0.8,55080,Mobile,Southwest
CNT0067,2024-11-25,30983,14.9,0.6773,19133,Tablet,Southeast
CNT0067,2024-11-26,18901,20.0,0.9091,13881,Desktop,Northeast
CNT0067,2024-11-27,44379,16.1,0.7318,28031,Desktop,Northeast
CNT0067,2024-11-28,39417,14.2,0.6455,29178,Mobile,Southwest
CNT0067,2024-11-29,31761,16.1,0.7318,24398,Mobile,Southwest
CNT0067,2024-11-30,19386,17.8,0.8091,16807,Tablet,Southeast
CNT0067,2024-12-01,21956,12.2,0.5545,19364,Tablet,Southwest
CNT0067,2024-12-02,49903,10.0,0.4545,36525,Tablet,Northeast
CNT0067,2024-12-03,8914,10.5,0.4773,6493,Tablet,Midwest
CNT0067,2024-12-04,43624,14.7,0.6682,33985,Desktop,Southeast
CNT0067,2024-12-05,56720,15.9,0.7227,35469,Desktop,Southwest
CNT0067,2024-12-06,14799,12.8,0.5818,11157,Desktop,Northeast
CNT0067,2024-12-07,67939,12.7,0.5773,41900,CTV,Southeast
CNT0067,2024-12-08,36712,12.9,0.5864,25379,Tablet,Northeast
CNT0067,2024-12-09,39502,17.7,0.8045,24655,CTV,Southwest
CNT0067,2024-12-10,9397,7.8,0.3545,7434,Tablet,West
CNT0067,2024-12-11,31634,18.2,0.8273,24982,Desktop,Midwest
CNT0067,2024-12-12,24129,19.5,0.8864,21700,Mobile,Northeast
CNT0067,2024-12-13,5136,8.9,0.4045,4536,Desktop,West
CNT0067,2024-12-14,6466,15.9,0.7227,5678,Desktop,Southeast
CNT0067,2024-12-15,2582,19.1,0.8682,1809,Mobile,Midwest
CNT0067,2024-12-16,43228,16.2,0.7364,33830,Tablet,Southeast
CNT0067,2024-12-17,4169,14.0,0.6364,3779,Mobile,Northeast
CNT0067,2024-12-18,25152,20.1,0.9136,18097,Tablet,Southwest
CNT0067,2024-12-19,7155,8.3,0.3773,5317,Tablet,Northeast
CNT0067,2024-12-20,8466,17.9,0.8136,5332,Desktop,Northeast
CNT0067,2024-12-21,15626,9.5,0.4318,9543,CTV,West
CNT0067,2024-12-22,9332,9.9,0.45,8521,Tablet,Midwest
CNT0067,2024-12-23,10486,11.6,0.5273,8222,Desktop,West
CNT0067,2024-12-24,20100,9.5,0.4318,14832,Desktop,Northeast
CNT0067,2024-12-25,11368,19.9,0.9045,7855,Tablet,Midwest
CNT0067,2024-12-26,4338,8.7,0.3955,3173,Mobile,Southwest
CNT0067,2024-12-27,20276,16.5,0.75,17857,Mobile,Southwest
CNT0067,2024-12-28,20523,16.7,0.7591,14568,Tablet,Midwest
CNT0067,2024-12-29,22240,19.4,0.8818,14676,Desktop,Northeast
CNT0067,2024-12-30,18732,12.0,0.5455,13176,Mobile,Southeast
CNT0068,2024-11-21,126235,48.6,0.81,79738,Desktop,Southeast
CNT0068,2024-11-22,86945,52.1,0.8683,59014,Mobile,Southwest
CNT0068,2024-11-23,578000,36.7,0.6117,398450,Desktop,Southeast
CNT0068,2024-11-24,251887,47.5,0.7917,229742,Desktop,Midwest
CNT0068,2024-11-25,722072,36.6,0.61,532273,Tablet,Midwest
CNT0068,2024-11-26,437454,22.8,0.38,402054,Tablet,West
CNT0068,2024-11-27,177946,30.0,0.5,143009,Tablet,Midwest
CNT0068,2024-11-28,439510,37.4,0.6233,374405,Mobile,Midwest
CNT0068,2024-11-29,108178,40.3,0.6717,65258,Tablet,Northeast
CNT0068,2024-11-30,64210,22.1,0.3683,50285,Desktop,Midwest
CNT0068,2024-12-01,189799,42.0,0.7,123903,Mobile,Northeast
CNT0068,2024-12-02,194846,42.8,0.7133,125083,Mobile,Southwest
CNT0068,2024-12-03,91681,35.5,0.5917,69851,Tablet,Northeast
CNT0068,2024-12-04,160062,30.7,0.5117,126366,CTV,Midwest
CNT0068,2024-12-05,269873,33.4,0.5567,210609,CTV,Midwest
CNT0068,2024-12-06,425916,46.4,0.7733,286705,Desktop,West
CNT0068,2024-12-07,225224,53.9,0.8983,182028,Mobile,Midwest
CNT0068,2024-12-08,171874,52.4,0.8733,118262,Tablet,Northeast
CNT0068,2024-12-09,244020,47.4,0.79,178771,Mobile,Northeast
CNT0068,2024-12-10,122280,41.2,0.6867,97250,Desktop,Southeast
CNT0068,2024-12-11,210589,52.9,0.8817,162734,Desktop,Midwest
CNT0068,2024-12-12,284067,21.7,0.3617,213398,CTV,Southeast
CNT0068,2024-12-13,186622,26.6,0.4433,150024,CTV,Southeast
CNT0068,2024-12-14,205039,31.6,0.5267,133008,CTV,Midwest
CNT0068,2024-12-15,83103,30.0,0.5,63046,Mobile,West
CNT0068,2024-12-16,339622,54.2,0.9033,209408,CTV,Midwest
CNT0068,2024-12-17,29183,36.2,0.6033,23315,CTV,West
CNT0068,2024-12-18,52056,34.2,0.57,34853,Tablet,West
CNT0068,2024-12-19,95446,52.9,0.8817,79068,Mobile,Southeast
CNT0068,2024-12-20,192489,32.4,0.54,124912,Tablet,Southwest
CNT0068,2024-12-21,181089,22.8,0.38,151460,CTV,West
CNT0068,2024-12-22,247746,42.3,0.705,211368,Mobile,West
CNT0068,2024-12-23,275692,52.6,0.8767,209416,Desktop,Southeast
CNT0068,2024-12-24,223088,54.2,0.9033,147474,Tablet,Southeast
CNT0068,2024-12-25,142501,40.3,0.6717,90463,Desktop,Midwest
CNT0068,2024-12-26,105967,30.2,0.5033,92958,Mobile,Southwest
CNT0068,2024-12-27,78739,36.5,0.6083,65339,Mobile,Southwest
CNT0068,2024-12-28,53823,34.7,0.5783,34822,CTV,Northeast
CNT0068,2024-12-29,92513,48.5,0.8083,65925,Desktop,Southwest
CNT0068,2024-12-30,115044,31.7,0.5283,86758,Desktop,West
CNT0068,2024-12-31,128177,49.4,0.8233,117672,CTV,Midwest
CNT0069,2024-09-25,752492,23.7,0.5386,505405,Mobile,Northeast
CNT0069,2024-09-26,474637,26.6,0.6045,427671,Mobile,Northeast
CNT0069,2024-09-27,737416,20.7,0.4705,512948,Tablet,Midwest
CNT0069,2024-09-28,380365,37.5,0.8523,303228,Tablet,Northeast
CNT0069,2024-09-29,585941,24.9,0.5659,469774,Mobile,Northeast
CNT0069,2024-09-30,72035,35.5,0.8068,61336,Mobile,West
CNT0069,2024-10-01,393786,26.0,0.5909,319806,Desktop,Southwest
CNT0069,2024-10-02,718412,38.4,0.8727,630669,Tablet,Northeast
CNT0069,2024-10-03,44412,24.2,0.55,35693,Desktop,Southeast
CNT0069,2024-10-04,392085,37.9,0.8614,241951,Tablet,Southeast
CNT0069,2024-10-05,90365,30.8,0.7,54299,Mobile,West
CNT0069,2024-10-06,224130,40.1,0.9114,149409,Tablet,Southwest
CNT0069,2024-10-07,358933,19.6,0.4455,315400,Tablet,Midwest
CNT0069,2024-10-08,286095,36.5,0.8295,206885,Mobile,Southeast
CNT0069,2024-10-09,266388,38.2,0.8682,217485,Tablet,Midwest
CNT0069,2024-10-10,81925,17.6,0.4,68734,Desktop,Southeast
CNT0069,2024-10-11,327281,21.9,0.4977,279441,Tablet,Southeast
CNT0069,2024-10-12,423121,16.1,0.3659,297900,Mobile,Northeast
CNT0069,2024-10-13,237401,37.0,0.8409,165214,Desktop,Northeast
CNT0069,2024-10-14,242288,33.1,0.7523,174494,Desktop,Midwest
CNT0069,2024-10-15,383877,29.8,0.6773,349752,Tablet,Southeast
CNT0069,2024-10-16,289045,22.0,0.5,192157,Desktop,Northeast
CNT0069,2024-10-17,242746,39.2,0.8909,201310,Mobile,West
CNT0069,2024-10-18,213006,39.0,0.8864,132879,Desktop,West
CNT0069,2024-10-19,96369,32.1,0.7295,70589,Desktop,Northeast
CNT0069,2024-10-20,263484,26.6,0.6045,185112,CTV,Southwest
CNT0069,2024-10-21,76581,24.2,0.55,61787,CTV,Northeast
CNT0069,2024-10-22,104937,17.6,0.4,80801,Tablet,Southeast
CNT0069,2024-10-23,29074,27.4,0.6227,22831,Desktop,Midwest
CNT0069,2024-10-24,121812,25.8,0.5864,110167,CTV,Southwest
CNT0069,2024-10-25,136200,35.6,0.8091,113457,Tablet,Northeast
CNT0069,2024-10-26,49289,33.5,0.7614,30434,Desktop,Southeast
CNT0069,2024-10-27,89859,40.3,0.9159,76019,CTV,Southeast
CNT0069,2024-10-28,140823,31.8,0.7227,99912,Tablet,Midwest
CNT0069,2024-10-29,161742,24.7,0.5614,140736,Tablet,Midwest
CNT0069,2024-10-30,157404,37.5,0.8523,130966,Tablet,West
CNT0069,2024-10-31,88111,17.5,0.3977,54520,CTV,West
CNT0069,2024-11-01,103908,23.5,0.5341,63043,Mobile,Southeast
CNT0069,2024-11-02,64572,16.8,0.3818,54931,Tablet,Southeast
CNT0069,2024-11-03,32660,23.2,0.5273,24667,CTV,West
CNT0069,2024-11-04,35556,36.4,0.8273,32151,Desktop,Southeast
CNT0069,2024-11-05,135527,20.9,0.475,117543,CTV,Midwest
CNT0069,2024-11-06,64428,34.9,0.7932,56670,Mobile,Southwest
CNT0069,2024-11-07,142356,15.4,0.35,107768,CTV,West
CNT0069,2024-11-08,28838,29.9,0.6795,17878,Tablet,Northeast
CNT0069,2024-11-09,88632,37.2,0.8455,66764,CTV,West
CNT0069,2024-11-10,80566,18.5,0.4205,63908,Mobile,West
CNT0069,2024-11-11,67782,16.8,0.3818,53166,Desktop,Northeast
CNT0069,2024-11-12,30153,26.9,0.6114,26195,Tablet,West
CNT0069,2024-11-13,92673,26.2,0.5955,61615,Desktop,West
CNT0069,2024-11-14,42496,16.2,0.3682,38145,Tablet,Northeast
CNT0069,2024-11-15,65459,27.0,0.6136,52176,CTV,Southeast
CNT0069,2024-11-16,25502,30.6,0.6955,22891,Mobile,Northeast
CNT0069,2024-11-17,69104,32.2,0.7318,52299,Desktop,West
CNT0069,2024-11-18,47585,36.7,0.8341,36760,Mobile,Midwest
CNT0069,2024-11-19,35344,26.8,0.6091,28238,Tablet,Southwest
CNT0069,2024-11-20,90483,26.2,0.5955,59413,Desktop,Southwest
CNT0069,2024-11-21,17972,38.9,0.8841,12130,CTV,Southwest
CNT0069,2024-11-22,119675,26.4,0.6,106247,Desktop,West
CNT0069,2024-11-23,28530,30.2,0.6864,20358,CTV,Southeast
CNT0069,2024-11-24,22793,25.0,0.5682,19933,CTV,Northeast
CNT0069,2024-11-25,36867,25.0,0.5682,31141,CTV,Midwest
CNT0069,2024-11-26,5224,28.8,0.6545,4649,Mobile,Midwest
CNT0069,2024-11-27,49378,23.1,0.525,39251,CTV,Southeast
CNT0069,2024-11-28,38879,17.4,0.3955,33182,CTV,Southwest
CNT0069,2024-11-29,20724,32.2,0.7318,13546,Mobile,Northeast
CNT0069,2024-11-30,35406,38.1,0.8659,25869,Mobile,West
CNT0069,2024-12-01,17710,17.6,0.4,11888,CTV,Midwest
CNT0069,2024-12-02,11764,28.3,0.6432,7339,Mobile,West
CNT0069,2024-12-03,52421,35.5,0.8068,31894,Tablet,Southwest
CNT0069,2024-12-04,3291,23.0,0.5227,2747,Desktop,Southwest
CNT0069,2024-12-05,17423,16.9,0.3841,12389,CTV,Midwest
CNT0069,2024-12-06,5761,30.6,0.6955,3867,Desktop,Southeast
CNT0069,2024-12-07,30743,29.4,0.6682,27168,CTV,Southwest
CNT0069,2024-12-08,57728,19.4,0.4409,49223,CTV,Northeast
CNT0069,2024-12-09,36653,28.0,0.6364,33644,CTV,West
CNT0069,2024-12-10,27355,17.2,0.3909,24828,Desktop,Midwest
CNT0069,2024-12-11,2692,26.2,0.5955,2165,Tablet,Northeast
CNT0069,2024-12-12,5427,27.4,0.6227,4066,Mobile,Southwest
CNT0069,2024-12-13,14116,19.5,0.4432,8478,Tablet,Northeast
CNT0069,2024-12-14,26332,39.7,0.9023,18683,Desktop,Southwest
CNT0069,2024-12-15,8832,22.4,0.5091,7216,Desktop,Southwest
CNT0069,2024-12-16,31644,27.4,0.6227,26193,Desktop,West
CNT0069,2024-12-17,6963,22.5,0.5114,4192,Mobile,Northeast
CNT0069,2024-12-18,8994,17.5,0.3977,5582,Tablet,Northeast
CNT0069,2024-12-19,15603,24.1,0.5477,12149,Tablet,Southeast
CNT0069,2024-12-20,5462,32.6,0.7409,4344,Tablet,West
CNT0069,2024-12-21,8312,31.6,0.7182,5254,Desktop,Southwest
CNT0069,2024-12-22,13548,37.1,0.8432,12170,Mobile,Midwest
CNT0069,2024-12-23,1786,30.4,0.6909,1093,CTV,Southeast
CNT0070,2024-08-10,297583,21.2,0.4818,203533,Mobile,Southeast
CNT0070,2024-08-11,807590,38.5,0.875,610234,Tablet,Northeast
CNT0070,2024-08-12,486120,23.6,0.5364,339264,Mobile,West
CNT0070,2024-08-13,666384,19.7,0.4477,531401,Desktop,Midwest
CNT0070,2024-08-14,274828,20.4,0.4636,189368,Mobile,Northeast
CNT0070,2024-08-15,220031,28.5,0.6477,132313,CTV,Midwest
CNT0070,2024-08-16,649206,36.9,0.8386,488678,Desktop,Northeast
CNT0070,2024-08-17,579701,39.6,0.9,509226,CTV,Southeast
CNT0070,2024-08-18,492064,29.1,0.6614,435837,Desktop,Southeast
CNT0070,2024-08-19,148490,38.1,0.8659,98824,Desktop,Northeast
CNT0070,2024-08-20,418509,34.4,0.7818,332770,Mobile,Northeast
CNT0070,2024-08-21,297315,23.4,0.5318,194261,Desktop,Southeast
CNT0070,2024-08-22,427485,40.0,0.9091,286635,Desktop,Southeast
CNT0070,2024-08-23,149853,32.9,0.7477,94515,Mobile,Southwest
CNT0070,2024-08-24,180416,35.4,0.8045,136108,Tablet,Midwest
CNT0070,2024-08-25,382264,19.6,0.4455,230151,Mobile,Southeast
CNT0070,2024-08-26,190795,15.9,0.3614,140139,Desktop,Midwest
CNT0070,2024-08-27,238201,33.5,0.7614,146297,Desktop,Southwest
CNT0070,2024-08-28,103525,30.8,0.7,71808,Tablet,Southwest
CNT0070,2024-08-29,112438,28.4,0.6455,74197,Desktop,Southwest
CNT0070,2024-08-30,230009,34.2,0.7773,180440,Tablet,Northeast
CNT0070,2024-08-31,138122,37.4,0.85,89822,Desktop,Southwest
CNT0070,2024-09-01,223412,33.6,0.7636,161251,CTV,Midwest
CNT0070,2024-09-02,187280,28.9,0.6568,161895,Mobile,West
CNT0070,2024-09-03,62132,34.4,0.7818,55910,CTV,West
CNT0070,2024-09-04,286879,24.8,0.5636,173971,CTV,Midwest
CNT0070,2024-09-05,105832,36.7,0.8341,85035,Tablet,Northeast
CNT0070,2024-09-06,108909,36.4,0.8273,92075,Desktop,West
CNT0070,2024-09-07,212715,38.6,0.8773,179165,Tablet,Southeast
CNT0070,2024-09-08,93809,17.7,0.4023,85921,Tablet,Northeast
CNT0070,2024-09-09,206369,16.2,0.3682,177232,Desktop,Southeast
CNT0070,2024-09-10,244437,20.0,0.4545,219800,CTV,Southeast
CNT0070,2024-09-11,252585,19.2,0.4364,214824,Mobile,Southwest
CNT0070,2024-09-12,116248,35.5,0.8068,82028,Desktop,Southeast
CNT0070,2024-09-13,144870,27.6,0.6273,122138,Desktop,Midwest
CNT0070,2024-09-14,74415,18.3,0.4159,59562,Tablet,Southeast
CNT0070,2024-09-15,39497,19.2,0.4364,30544,Mobile,Midwest
CNT0070,2024-09-16,100024,36.2,0.8227,81671,Mobile,Southwest
CNT0070,2024-09-17,110633,32.6,0.7409,80067,Mobile,Southwest
CNT0070,2024-09-18,22339,26.6,0.6045,17399,Tablet,Northeast
CNT0070,2024-09-19,105808,29.7,0.675,90485,Mobile,Southwest
CNT0070,2024-09-20,86269,22.0,0.5,53810,Tablet,Southwest
CNT0070,2024-09-21,40944,28.4,0.6455,26557,Mobile,Northeast
CNT0070,2024-09-22,71191,19.1,0.4341,55978,Tablet,Northeast
CNT0070,2024-09-23,56076,32.8,0.7455,42343,Desktop,West
CNT0070,2024-09-24,26700,34.2,0.7773,18117,Mobile,Northeast
CNT0070,2024-09-25,69636,24.8,0.5636,49203,Tablet,Southeast
CNT0070,2024-09-26,53249,31.1,0.7068,43648,Tablet,Southwest
CNT0070,2024-09-27,46271,17.2,0.3909,30935,Mobile,Southwest
CNT0070,2024-09-28,84781,29.1,0.6614,66669,CTV,Southwest
CNT0070,2024-09-29,102777,34.5,0.7841,78735,Tablet,Northeast
CNT0070,2024-09-30,55380,17.1,0.3886,48900,CTV,West
CNT0070,2024-10-01,23638,22.5,0.5114,19814,Mobile,West
CNT0070,2024-10-02,6215,21.5,0.4886,5664,CTV,Southwest
CNT0070,2024-10-03,90494,23.8,0.5409,70465,Desktop,Midwest
CNT0070,2024-10-04,44938,20.7,0.4705,38936,Mobile,Northeast
CNT0070,2024-10-05,20199,19.8,0.45,17670,Tablet,West
CNT0070,2024-10-06,53297,20.7,0.4705,41513,Mobile,Northeast
CNT0070,2024-10-07,62155,30.1,0.6841,50896,CTV,Midwest
CNT0070,2024-10-08,34286,28.3,0.6432,23830,Mobile,Northeast
CNT0070,2024-10-09,41329,40.1,0.9114,32335,Tablet,Midwest
CNT0070,2024-10-10,31795,28.3,0.6432,27085,Mobile,Northeast
CNT0070,2024-10-11,54342,18.4,0.4182,45807,CTV,Northeast
CNT0070,2024-10-12,55250,36.7,0.8341,41504,Tablet,Southeast
CNT0070,2024-10-13,53341,17.7,0.4023,48282,Mobile,Northeast
CNT0070,2024-10-14,14613,19.4,0.4409,10574,Tablet,Midwest
CNT0070,2024-10-15,28996,15.6,0.3545,17928,Mobile,Northeast
CNT0070,2024-10-16,10151,17.2,0.3909,7805,Tablet,Northeast
CNT0070,2024-10-17,31802,19.9,0.4523,21569,Mobile,West
CNT0070,2024-10-18,26450,28.6,0.65,20537,CTV,Southwest
CNT0070,2024-10-19,21012,30.7,0.6977,13728,Tablet,Southeast
CNT0070,2024-10-20,2951,36.9,0.8386,1880,Desktop,Southeast
CNT0070,2024-10-21,36719,19.6,0.4455,26687,CTV,Northeast
CNT0070,2024-10-22,44105,24.0,0.5455,27830,CTV,Northeast
CNT0070,2024-10-23,6087,26.9,0.6114,4935,Mobile,Midwest
CNT0070,2024-10-24,5079,21.1,0.4795,4457,Mobile,Southeast
CNT0070,2024-10-25,11539,29.0,0.6591,6989,Mobile,West
CNT0070,2024-10-26,3677,19.8,0.45,3207,CTV,Southwest
CNT0070,2024-10-27,19203,15.5,0.3523,16840,Desktop,West
CNT0070,2024-10-28,22810,25.1,0.5705,20002,Mobile,West
CNT0070,2024-10-29,3153,38.9,0.8841,2391,Tablet,Southeast
CNT0070,2024-10-30,3323,31.3,0.7114,2294,CTV,Southwest
CNT0070,2024-10-31,24859,15.6,0.3545,20768,Mobile,Midwest
CNT0070,2024-11-01,12292,21.4,0.4864,8188,CTV,Northeast
CNT0070,2024-11-02,17406,33.2,0.7545,12789,Desktop,Northeast
CNT0070,2024-11-03,3938,23.2,0.5273,3413,Desktop,West
CNT0070,2024-11-04,4506,27.6,0.6273,2754,Desktop,Northeast
CNT0070,2024-11-05,16098,17.9,0.4068,10798,Mobile,Northeast
CNT0070,2024-11-06,16058,25.3,0.575,10678,Mobile,Midwest
CNT0070,2024-11-07,1312,27.4,0.6227,826,Mobile,Midwest
CNT0071,2024-11-11,694529,31.2,0.7091,509974,Desktop,Southeast
CNT0071,2024-11-12,353750,29.5,0.6705,237413,Tablet,Southeast
CNT0071,2024-11-13,631910,40.0,0.9091,572447,Desktop,West
CNT0071,2024-11-14,326614,20.4,0.4636,259202,Desktop,Southwest
CNT0071,2024-11-15,56184,33.0,0.75,34207,Desktop,Northeast
CNT0071,2024-11-16,204097,19.0,0.4318,147093,Desktop,Northeast
CNT0071,2024-11-17,114758,33.3,0.7568,84664,Mobile,Northeast
CNT0071,2024-11-18,188051,25.2,0.5727,113157,CTV,Southeast
CNT0071,2024-11-19,597125,21.8,0.4955,479252,Desktop,Midwest
CNT0071,2024-11-20,513096,33.4,0.7591,427109,Desktop,West
CNT0071,2024-11-21,196246,31.5,0.7159,121431,CTV,Southwest
CNT0071,2024-11-22,37341,18.9,0.4295,24426,CTV,West
CNT0071,2024-11-23,224471,18.0,0.4091,172199,CTV,West
CNT0071,2024-11-24,43805,36.5,0.8295,27854,Tablet,Midwest
CNT0071,2024-11-25,53074,26.8,0.6091,37679,Mobile,West
CNT0071,2024-11-26,492723,27.3,0.6205,351499,CTV,Midwest
CNT0071,2024-11-27,232889,17.8,0.4045,168906,Mobile,Southeast
CNT0071,2024-11-28,390188,31.4,0.7136,298441,Desktop,Southeast
CNT0071,2024-11-29,461190,32.3,0.7341,327743,Tablet,Southeast
CNT0071,2024-11-30,29988,19.0,0.4318,18026,Tablet,Northeast
CNT0071,2024-12-01,28590,36.2,0.8227,20662,Desktop,Southeast
CNT0071,2024-12-02,160563,27.6,0.6273,134979,CTV,Midwest
CNT0071,2024-12-03,168301,35.1,0.7977,139896,Tablet,Northeast
CNT0071,2024-12-04,285726,38.1,0.8659,256980,Desktop,Midwest
CNT0071,2024-12-05,123581,17.0,0.3864,85877,Desktop,Midwest
CNT0071,2024-12-06,27739,39.4,0.8955,25173,CTV,Southeast
CNT0071,2024-12-07,227506,30.9,0.7023,137847,Tablet,Southwest
CNT0071,2024-12-08,185602,23.0,0.5227,122990,Desktop,West
CNT0071,2024-12-09,87119,18.8,0.4273,64790,Mobile,Southwest
CNT0071,2024-12-10,107914,20.5,0.4659,86475,CTV,Southwest
CNT0071,2024-12-11,20136,29.6,0.6727,18141,Desktop,Midwest
CNT0071,2024-12-12,20947,31.6,0.7182,13348,Tablet,Midwest
CNT0071,2024-12-13,152981,16.4,0.3727,132715,Tablet,Northeast
CNT0071,2024-12-14,189196,22.8,0.5182,143303,Tablet,Northeast
CNT0071,2024-12-15,57263,19.8,0.45,37469,Desktop,Southeast
CNT0071,2024-12-16,128467,31.9,0.725,84817,CTV,West
CNT0071,2024-12-17,121677,20.1,0.4568,80276,CTV,Southwest
CNT0071,2024-12-18,78669,22.9,0.5205,48945,Desktop,Midwest
CNT0071,2024-12-19,201769,16.2,0.3682,146136,Tablet,Southwest
CNT0071,2024-12-20,17632,24.2,0.55,13678,Mobile,Southwest
CNT0071,2024-12-21,22041,26.6,0.6045,17552,Mobile,Southwest
CNT0071,2024-12-22,101689,30.9,0.7023,90423,CTV,Southwest
CNT0071,2024-12-23,43022,35.5,0.8068,31640,Desktop,West
CNT0071,2024-12-24,27670,18.8,0.4273,17141,Tablet,Midwest
CNT0071,2024-12-25,62048,22.4,0.5091,45345,Tablet,West
CNT0071,2024-12-26,72345,27.0,0.6136,62311,Tablet,Southeast
CNT0071,2024-12-27,57347,37.9,0.8614,44594,Desktop,Northeast
CNT0071,2024-12-28,137415,17.4,0.3955,120570,Desktop,Southeast
CNT0071,2024-12-29,86658,30.0,0.6818,56299,Tablet,Northeast
CNT0071,2024-12-30,105353,29.9,0.6795,68964,Tablet,Northeast
CNT0071,2024-12-31,8027,19.0,0.4318,5700,Desktop,Northeast
CNT0072,2024-07-03,314825,21.4,0.4864,257016,Mobile,Midwest
CNT0072,2024-07-04,614857,23.8,0.5409,371119,Mobile,Southwest
CNT0072,2024-07-05,489177,23.9,0.5432,381858,CTV,Southwest
CNT0072,2024-07-06,687150,16.3,0.3705,489006,Mobile,Southwest
CNT0072,2024-07-07,64057,36.7,0.8341,45380,CTV,West
CNT0072,2024-07-08,384039,20.9,0.475,232263,Mobile,Northeast
CNT0072,2024-07-09,359995,29.5,0.6705,276740,CTV,Northeast
CNT0072,2024-07-10,303213,31.4,0.7136,226940,Tablet,Southwest
CNT0072,2024-07-11,128626,32.9,0.7477,113025,CTV,Northeast
CNT0072,2024-07-12,351252,15.7,0.3568,265783,CTV,Southwest
CNT0072,2024-07-13,456118,16.3,0.3705,325339,Tablet,Midwest
CNT0072,2024-07-14,123046,24.1,0.5477,101652,CTV,West
CNT0072,2024-07-15,477916,39.1,0.8886,438821,Desktop,Southeast
CNT0072,2024-07-16,334001,26.8,0.6091,246785,Mobile,Southwest
CNT0072,2024-07-17,401631,23.1,0.525,255944,Desktop,Midwest
CNT0072,2024-07-18,326994,27.8,0.6318,259846,Tablet,Southwest
CNT0072,2024-07-19,108633,29.5,0.6705,71439,Tablet,Southeast
CNT0072,2024-07-20,100968,33.4,0.7591,67638,Desktop,Southeast
CNT0072,2024-07-21,256319,34.4,0.7818,169429,CTV,Southwest
CNT0072,2024-07-22,325897,40.2,0.9136,229584,Tablet,Midwest
CNT0072,2024-07-23,368301,35.6,0.8091,233851,Desktop,Northeast
CNT0072,2024-07-24,419584,21.3,0.4841,277421,Tablet,West
CNT0072,2024-07-25,267243,31.7,0.7205,180072,Tablet,West
CNT0072,2024-07-26,309622,29.1,0.6614,249276,Tablet,Northeast
CNT0072,2024-07-27,178995,35.7,0.8114,143325,CTV,West
CNT0072,2024-07-28,24578,19.4,0.4409,16854,Mobile,West
CNT0072,2024-07-29,119078,26.5,0.6023,99220,Mobile,West
CNT0072,2024-07-30,91665,28.8,0.6545,56975,CTV,Southwest
CNT0072,2024-07-31,115243,20.2,0.4591,71914,Desktop,West
CNT0072,2024-08-01,31625,35.6,0.8091,26561,Mobile,West
CNT0072,2024-08-02,70994,17.0,0.3864,59417,Desktop,West
CNT0072,2024-08-03,170211,38.6,0.8773,111417,Tablet,Southeast
CNT0072,2024-08-04,104058,27.0,0.6136,78467,Mobile,Midwest
CNT0072,2024-08-05,125870,18.4,0.4182,108744,Desktop,Midwest
CNT0072,2024-08-06,123352,37.2,0.8455,91855,Mobile,Northeast
CNT0072,2024-08-07,153744,17.9,0.4068,111749,Desktop,Southwest
CNT0072,2024-08-08,41657,25.5,0.5795,28078,CTV,Northeast
CNT0072,2024-08-09,170120,37.2,0.8455,130526,Desktop,Southeast
CNT0072,2024-08-10,116262,20.3,0.4614,74391,Desktop,West
CNT0072,2024-08-11,113105,33.9,0.7705,100078,Tablet,Midwest
CNT0072,2024-08-12,106450,15.6,0.3545,81907,CTV,Midwest
CNT0072,2024-08-13,23460,28.1,0.6386,18736,Mobile,Midwest
CNT0072,2024-08-14,68320,39.2,0.8909,58622,Mobile,Southwest
CNT0072,2024-08-15,68867,35.0,0.7955,50845,Tablet,Southeast
CNT0072,2024-08-16,53310,32.8,0.7455,32565,Tablet,Southeast
CNT0072,2024-08-17,97237,36.3,0.825,60775,Mobile,Northeast
CNT0072,2024-08-18,85806,17.5,0.3977,63878,Mobile,Southeast
CNT0072,2024-08-19,84367,33.9,0.7705,64661,CTV,Midwest
CNT0072,2024-08-20,70862,15.6,0.3545,47714,Mobile,Midwest
CNT0072,2024-08-21,83178,18.2,0.4136,52060,Desktop,West
CNT0072,2024-08-22,67701,21.8,0.4955,44626,Tablet,Southeast
CNT0072,2024-08-23,79480,32.7,0.7432,58042,CTV,Southeast
CNT0072,2024-08-24,36879,38.6,0.8773,27733,Mobile,Southeast
CNT0072,2024-08-25,112316,27.6,0.6273,92389,CTV,Southwest
CNT0072,2024-08-26,16558,24.5,0.5568,14693,Mobile,Midwest
CNT0072,2024-08-27,64622,28.0,0.6364,43923,Mobile,Northeast
CNT0072,2024-08-28,25601,25.4,0.5773,15880,CTV,Southeast
CNT0072,2024-08-29,28736,28.0,0.6364,17909,Tablet,Southwest
CNT0072,2024-08-30,54050,25.5,0.5795,35102,Tablet,Midwest
CNT0072,2024-08-31,75528,40.3,0.9159,56726,Tablet,Midwest
CNT0072,2024-09-01,55373,28.2,0.6409,33291,CTV,Southeast
CNT0072,2024-09-02,58095,17.6,0.4,43794,CTV,Southeast
CNT0072,2024-09-03,28139,28.2,0.6409,19074,Mobile,Southwest
CNT0072,2024-09-04,74248,28.9,0.6568,66067,Mobile,Northeast
CNT0072,2024-09-05,47303,37.8,0.8591,42997,Mobile,West
CNT0072,2024-09-06,56840,39.4,0.8955,35857,Tablet,Southwest
CNT0072,2024-09-07,31154,21.7,0.4932,21849,Tablet,Southwest
CNT0072,2024-09-08,34326,33.7,0.7659,23264,Mobile,Northeast
CNT0072,2024-09-09,31956,19.6,0.4455,22246,Tablet,Northeast
CNT0072,2024-09-10,40738,17.5,0.3977,30072,Mobile,Southeast
CNT0072,2024-09-11,8113,35.9,0.8159,5877,CTV,Northeast
CNT0072,2024-09-12,24724,29.8,0.6773,17886,CTV,Northeast
CNT0072,2024-09-13,15465,33.1,0.7523,9662,Mobile,Southwest
CNT0072,2024-09-14,2569,21.8,0.4955,1901,Mobile,Northeast
CNT0072,2024-09-15,43038,20.5,0.4659,31604,Desktop,Southwest
CNT0072,2024-09-16,29447,23.1,0.525,20775,Mobile,Southeast
CNT0072,2024-09-17,16740,29.1,0.6614,15267,Tablet,Northeast
CNT0072,2024-09-18,24825,38.6,0.8773,21273,Mobile,West
CNT0072,2024-09-19,26855,39.7,0.9023,16330,Tablet,Southeast
CNT0072,2024-09-20,42367,37.4,0.85,34728,CTV,Southeast
CNT0072,2024-09-21,18139,29.4,0.6682,15874,CTV,West
CNT0072,2024-09-22,12767,34.8,0.7909,8852,Tablet,Southwest
CNT0072,2024-09-23,25051,21.7,0.4932,16788,Tablet,West
CNT0072,2024-09-24,28412,21.5,0.4886,19289,Desktop,West
CNT0072,2024-09-25,5305,38.1,0.8659,4044,Desktop,Southeast
CNT0072,2024-09-26,15545,27.5,0.625,11722,Tablet,Southwest
CNT0072,2024-09-27,14662,29.5,0.6705,12025,Desktop,Midwest
CNT0072,2024-09-28,19743,21.3,0.4841,12311,Mobile,West
CNT0072,2024-09-29,13976,23.2,0.5273,12304,Mobile,Southeast
CNT0072,2024-09-30,18736,37.6,0.8545,13503,Desktop,Southeast
CNT0073,2024-09-23,250489,45.2,0.5022,150641,Desktop,West
CNT0073,2024-09-24,582704,64.4,0.7156,378600,Tablet,Southwest
CNT0073,2024-09-25,158912,63.2,0.7022,135493,CTV,West
CNT0073,2024-09-26,112615,68.6,0.7622,102255,Tablet,West
CNT0073,2024-09-27,191139,70.7,0.7856,150715,CTV,Southeast
CNT0073,2024-09-28,357674,82.4,0.9156,297726,CTV,Midwest
CNT0073,2024-09-29,266160,56.7,0.63,167363,Mobile,West
CNT0073,2024-09-30,527067,77.3,0.8589,408822,CTV,Southwest
CNT0073,2024-10-01,367615,47.9,0.5322,321570,CTV,Southwest
CNT0073,2024-10-02,371578,71.3,0.7922,235036,Tablet,Northeast
CNT0073,2024-10-03,366117,75.0,0.8333,307103,Mobile,Southwest
CNT0073,2024-10-04,204730,66.3,0.7367,138227,Desktop,Northeast
CNT0073,2024-10-05,125539,66.2,0.7356,107234,Desktop,Southeast
CNT0073,2024-10-06,244988,77.8,0.8644,152163,Tablet,Midwest
CNT0073,2024-10-07,255021,50.2,0.5578,179073,Desktop,Southwest
CNT0073,2024-10-08,313593,42.4,0.4711,203053,CTV,Northeast
CNT0073,2024-10-09,396688,78.0,0.8667,300900,CTV,Midwest
CNT0073,2024-10-10,262872,34.5,0.3833,232519,Desktop,West
CNT0073,2024-10-11,116307,58.3,0.6478,93066,Desktop,Northeast
CNT0073,2024-10-12,56471,60.9,0.6767,34002,CTV,West
CNT0073,2024-10-13,232393,74.0,0.8222,169778,CTV,Midwest
CNT0073,2024-10-14,73739,81.9,0.91,54637,Tablet,Northeast
CNT0073,2024-10-15,322374,39.9,0.4433,223533,Desktop,West
CNT0073,2024-10-16,277333,55.3,0.6144,218748,CTV,Midwest
CNT0073,2024-10-17,98359,43.3,0.4811,80747,Tablet,Southwest
CNT0073,2024-10-18,245912,48.3,0.5367,173704,Desktop,Midwest
CNT0073,2024-10-19,123621,71.8,0.7978,89383,Mobile,Midwest
CNT0073,2024-10-20,74020,52.9,0.5878,53240,Mobile,Southwest
CNT0073,2024-10-21,168769,39.6,0.44,135266,Tablet,Southwest
CNT0073,2024-10-22,177573,50.8,0.5644,109395,CTV,Southwest
CNT0073,2024-10-23,128922,70.4,0.7822,98703,CTV,Midwest
CNT0073,2024-10-24,29922,46.3,0.5144,18141,Tablet,Southeast
CNT0073,2024-10-25,111949,58.5,0.65,76487,CTV,Southeast
CNT0073,2024-10-26,119280,37.7,0.4189,93086,Mobile,West
CNT0073,2024-10-27,214631,34.4,0.3822,140091,Mobile,Northeast
CNT0073,2024-10-28,194883,64.7,0.7189,135091,Mobile,Northeast
CNT0073,2024-10-29,180850,39.9,0.4433,154291,Desktop,Midwest
CNT0073,2024-10-30,64191,74.2,0.8244,50976,CTV,Northeast
CNT0073,2024-10-31,91227,41.0,0.4556,66444,Tablet,Southeast
CNT0073,2024-11-01,42265,34.4,0.3822,34023,Tablet,Midwest
CNT0073,2024-11-02,101778,75.8,0.8422,92828,Tablet,Northeast
CNT0073,2024-11-03,122747,66.4,0.7378,77935,CTV,Midwest
CNT0073,2024-11-04,27637,43.6,0.4844,20877,Tablet,West
CNT0073,2024-11-05,103803,62.6,0.6956,89006,Mobile,Southeast
CNT0073,2024-11-06,44871,45.4,0.5044,35559,Tablet,Southeast
CNT0073,2024-11-07,99749,35.6,0.3956,73309,Desktop,Midwest
CNT0073,2024-11-08,84324,61.4,0.6822,53785,Mobile,Northeast
CNT0073,2024-11-09,71725,47.2,0.5244,49093,CTV,Southeast
CNT0073,2024-11-10,90522,67.7,0.7522,79902,Desktop,Midwest
CNT0073,2024-11-11,43621,60.2,0.6689,36456,Mobile,West
CNT0073,2024-11-12,97261,54.4,0.6044,76141,CTV,Southeast
CNT0073,2024-11-13,77894,51.4,0.5711,58873,Tablet,Southwest
CNT0073,2024-11-14,78982,82.3,0.9144,57267,CTV,Southwest
CNT0073,2024-11-15,67253,58.1,0.6456,45343,CTV,Midwest
CNT0073,2024-11-16,18866,59.2,0.6578,12764,CTV,Southwest
CNT0073,2024-11-17,33913,62.8,0.6978,27803,Desktop,Midwest
CNT0073,2024-11-18,32746,45.8,0.5089,24447,Tablet,Southeast
CNT0073,2024-11-19,37216,46.9,0.5211,26421,Mobile,West
CNT0073,2024-11-20,65843,52.6,0.5844,40789,Desktop,Midwest
CNT0073,2024-11-21,59069,73.9,0.8211,38524,Tablet,Midwest
CNT0073,2024-11-22,9898,54.9,0.61,9043,Mobile,Southwest
CNT0073,2024-11-23,19005,79.3,0.8811,13725,CTV,Southeast
CNT0073,2024-11-24,42914,59.5,0.6611,39227,CTV,Southeast
CNT0073,2024-11-25,25168,52.7,0.5856,22748,CTV,Northeast
CNT0073,2024-11-26,44576,65.0,0.7222,32053,Tablet,West
CNT0073,2024-11-27,43403,31.5,0.35,36036,Desktop,Northeast
CNT0073,2024-11-28,10905,41.3,0.4589,8825,Mobile,Southwest
CNT0073,2024-11-29,42330,40.4,0.4489,29763,Tablet,Southwest
CNT0073,2024-11-30,25006,67.0,0.7444,17440,Tablet,Southeast
CNT0073,2024-12-01,7613,70.6,0.7844,5735,Tablet,Northeast
CNT0073,2024-12-02,33251,52.2,0.58,24274,Tablet,Southwest
CNT0073,2024-12-03,24842,35.1,0.39,22075,Mobile,Southwest
CNT0073,2024-12-04,20851,42.2,0.4689,16074,Mobile,Northeast
CNT0073,2024-12-05,18213,38.8,0.4311,15586,Mobile,Midwest
CNT0073,2024-12-06,44581,73.5,0.8167,34105,Desktop,Northeast
CNT0073,2024-12-07,49391,44.5,0.4944,35901,Desktop,Southwest
CNT0073,2024-12-08,18192,54.7,0.6078,15442,Mobile,West
CNT0073,2024-12-09,17648,45.3,0.5033,15984,Mobile,Midwest
CNT0073,2024-12-10,25824,64.8,0.72,17868,Mobile,Northeast
CNT0073,2024-12-11,31282,55.4,0.6156,20474,CTV,Northeast
CNT0073,2024-12-12,43823,40.6,0.4511,33740,Mobile,Midwest
CNT0073,2024-12-13,14872,39.9,0.4433,8966,CTV,Southwest
CNT0073,2024-12-14,7357,73.7,0.8189,5250,Tablet,Midwest
CNT0073,2024-12-15,2371,46.3,0.5144,1691,Tablet,Southwest
CNT0073,2024-12-16,15052,62.2,0.6911,9215,CTV,Southwest
CNT0073,2024-12-17,4390,76.5,0.85,2898,Desktop,Southeast
CNT0073,2024-12-18,14714,32.2,0.3578,10110,CTV,Midwest
CNT0073,2024-12-19,27990,54.9,0.61,21398,Desktop,Southeast
CNT0073,2024-12-20,17666,53.2,0.5911,12958,CTV,Southeast
CNT0073,2024-12-21,11531,54.5,0.6056,10302,Mobile,Southeast
CNT0074,2024-08-25,303135,21.4,0.4864,213768,Desktop,Southeast
CNT0074,2024-08-26,79908,17.7,0.4023,54791,Desktop,West
CNT0074,2024-08-27,460466,39.6,0.9,288653,Mobile,Southwest
CNT0074,2024-08-28,702212,34.7,0.7886,433247,Tablet,Midwest
CNT0074,2024-08-29,129469,15.7,0.3568,80905,Desktop,Northeast
CNT0074,2024-08-30,503930,31.7,0.7205,443968,Tablet,Southeast
CNT0074,2024-08-31,570682,19.9,0.4523,416906,Mobile,Southeast
CNT0074,2024-09-01,270452,31.3,0.7114,199314,Desktop,Midwest
CNT0074,2024-09-02,386425,34.2,0.7773,247617,CTV,Southeast
CNT0074,2024-09-03,479414,22.4,0.5091,437811,Tablet,Southeast
CNT0074,2024-09-04,375933,21.9,0.4977,306745,CTV,Southwest
CNT0074,2024-09-05,418397,30.9,0.7023,345476,CTV,Midwest
CNT0074,2024-09-06,437489,20.7,0.4705,309244,Mobile,Midwest
CNT0074,2024-09-07,369231,22.0,0.5,242826,Tablet,Southeast
CNT0074,2024-09-08,357311,32.2,0.7318,262733,CTV,West
CNT0074,2024-09-09,555490,40.2,0.9136,348342,Mobile,Southwest
CNT0074,2024-09-10,182326,39.7,0.9023,135920,Desktop,Northeast
CNT0074,2024-09-11,174039,33.9,0.7705,118753,CTV,West
CNT0074,2024-09-12,375928,22.3,0.5068,236168,Desktop,Northeast
CNT0074,2024-09-13,291105,32.9,0.7477,224563,Mobile,Midwest
CNT0074,2024-09-14,45574,34.4,0.7818,37139,Desktop,Midwest
CNT0074,2024-09-15,236053,33.3,0.7568,147529,CTV,West
CNT0074,2024-09-16,247460,16.0,0.3636,198152,Tablet,Northeast
CNT0074,2024-09-17,46493,31.1,0.7068,39534,Desktop,Southwest
CNT0074,2024-09-18,201277,20.9,0.475,149082,Desktop,Southeast
CNT0074,2024-09-19,23243,21.2,0.4818,16293,Desktop,West
CNT0074,2024-09-20,149104,21.1,0.4795,125906,Desktop,Midwest
CNT0074,2024-09-21,36394,29.1,0.6614,29848,Desktop,Northeast
CNT0074,2024-09-22,42705,30.1,0.6841,27876,Mobile,Northeast
CNT0074,2024-09-23,141993,24.3,0.5523,127219,Tablet,Southwest
CNT0074,2024-09-24,200743,21.5,0.4886,177008,Desktop,Southeast
CNT0074,2024-09-25,211818,16.1,0.3659,129662,Desktop,Southeast
CNT0074,2024-09-26,66140,34.1,0.775,43050,Tablet,Southeast
CNT0074,2024-09-27,23355,37.8,0.8591,19105,Desktop,Midwest
CNT0074,2024-09-28,109677,35.9,0.8159,96975,Desktop,Southwest
CNT0074,2024-09-29,145269,24.7,0.5614,124194,Tablet,Southwest
CNT0074,2024-09-30,130806,20.9,0.475,119680,Mobile,Southwest
CNT0074,2024-10-01,65817,30.5,0.6932,55768,Mobile,Northeast
CNT0074,2024-10-02,20967,29.9,0.6795,14935,Desktop,West
CNT0074,2024-10-03,96140,26.4,0.6,86022,CTV,Southwest
CNT0074,2024-10-04,95537,27.5,0.625,79518,Mobile,Southwest
CNT0074,2024-10-05,59837,28.4,0.6455,36134,CTV,Southwest
CNT0074,2024-10-06,96834,29.5,0.6705,83312,Desktop,West
CNT0074,2024-10-07,120120,32.8,0.7455,72753,Tablet,Midwest
CNT0074,2024-10-08,72360,37.2,0.8455,47059,Desktop,West
CNT0074,2024-10-09,105592,27.1,0.6159,93629,Mobile,West
CNT0074,2024-10-10,21555,39.0,0.8864,18500,Tablet,Midwest
CNT0074,2024-10-11,111023,26.7,0.6068,78274,CTV,Southeast
CNT0074,2024-10-12,15648,27.6,0.6273,13825,Mobile,Northeast
CNT0074,2024-10-13,40517,25.4,0.5773,35904,CTV,West
CNT0074,2024-10-14,43820,20.6,0.4682,26584,Tablet,Midwest
CNT0074,2024-10-15,74623,21.7,0.4932,68548,Mobile,Southwest
CNT0074,2024-10-16,40738,16.4,0.3727,28325,Desktop,Midwest
CNT0074,2024-10-17,7667,32.5,0.7386,5178,CTV,Southwest
CNT0074,2024-10-18,84462,17.4,0.3955,65310,CTV,Northeast
CNT0074,2024-10-19,15350,19.9,0.4523,12929,Tablet,West
CNT0074,2024-10-20,24861,30.7,0.6977,22636,CTV,West
CNT0074,2024-10-21,62188,35.6,0.8091,42341,Mobile,West
CNT0074,2024-10-22,15512,39.9,0.9068,13162,Tablet,West
CNT0074,2024-10-23,59240,25.9,0.5886,44708,CTV,West
CNT0074,2024-10-24,65131,29.8,0.6773,46301,Tablet,Midwest
CNT0074,2024-10-25,48407,24.6,0.5591,44358,CTV,Southwest
CNT0074,2024-10-26,24712,18.1,0.4114,20241,Mobile,Northeast
CNT0074,2024-10-27,54322,15.5,0.3523,45395,CTV,Southwest
CNT0074,2024-10-28,20453,19.9,0.4523,14435,CTV,Northeast
CNT0074,2024-10-29,36278,22.8,0.5182,31139,Tablet,West
CNT0074,2024-10-30,61901,32.8,0.7455,41316,CTV,Southwest
CNT0074,2024-10-31,30810,16.0,0.3636,21411,Mobile,Northeast
CNT0074,2024-11-01,22426,27.7,0.6295,14978,Desktop,West
CNT0074,2024-11-02,17957,40.1,0.9114,13499,CTV,West
CNT0074,2024-11-03,5667,35.2,0.8,3511,Tablet,Southeast
CNT0074,2024-11-04,30558,38.2,0.8682,23501,Mobile,Northeast
CNT0074,2024-11-05,19993,18.5,0.4205,12749,CTV,West
CNT0074,2024-11-06,10141,35.6,0.8091,6167,Desktop,West
CNT0074,2024-11-07,55952,35.7,0.8114,48462,CTV,Northeast
CNT0074,2024-11-08,46869,17.8,0.4045,29035,Desktop,West
CNT0074,2024-11-09,20425,27.1,0.6159,17940,Tablet,Midwest
CNT0074,2024-11-10,22441,31.2,0.7091,16728,Desktop,West
CNT0074,2024-11-11,17605,15.9,0.3614,11832,Mobile,West
CNT0074,2024-11-12,28038,27.0,0.6136,23356,Desktop,West
CNT0074,2024-11-13,29453,39.9,0.9068,25527,CTV,Southwest
CNT0074,2024-11-14,26451,33.4,0.7591,20813,Mobile,West
CNT0074,2024-11-15,20351,22.5,0.5114,16874,Tablet,Midwest
CNT0074,2024-11-16,5186,20.8,0.4727,3182,CTV,Midwest
CNT0074,2024-11-17,11459,36.5,0.8295,7585,Mobile,Northeast
CNT0074,2024-11-18,10368,30.7,0.6977,8027,CTV,West
CNT0074,2024-11-19,2422,15.5,0.3523,1572,Tablet,Midwest
CNT0074,2024-11-20,11197,22.0,0.5,7962,Tablet,Midwest
CNT0074,2024-11-21,19798,17.6,0.4,14567,Mobile,Midwest
CNT0074,2024-11-22,5094,18.0,0.4091,4448,Mobile,Southeast
CNT0075,2024-07-06,120170,20.2,0.4591,103219,Mobile,Northeast
CNT0075,2024-07-07,626907,35.5,0.8068,411306,Tablet,Southeast
CNT0075,2024-07-08,748057,21.6,0.4909,455820,CTV,Midwest
CNT0075,2024-07-09,409736,38.8,0.8818,356360,CTV,Southwest
CNT0075,2024-07-10,757904,28.3,0.6432,558845,CTV,Northeast
CNT0075,2024-07-11,233202,34.8,0.7909,177391,Desktop,Midwest
CNT0075,2024-07-12,803237,37.5,0.8523,497384,Desktop,West
CNT0075,2024-07-13,473651,18.6,0.4227,299335,Tablet,Northeast
CNT0075,2024-07-14,571218,25.5,0.5795,362052,CTV,West
CNT0075,2024-07-15,338770,38.0,0.8636,308868,Desktop,Southeast
CNT0075,2024-07-16,103129,23.8,0.5409,92638,Tablet,Southeast
CNT0075,2024-07-17,318091,26.7,0.6068,198253,Tablet,Northeast
CNT0075,2024-07-18,323868,28.8,0.6545,248832,Tablet,Midwest
CNT0075,2024-07-19,262773,40.3,0.9159,227579,CTV,Midwest
CNT0075,2024-07-20,449384,37.6,0.8545,319949,Desktop,West
CNT0075,2024-07-21,322875,29.7,0.675,213503,Tablet,Midwest
CNT0075,2024-07-22,134078,24.0,0.5455,94069,Tablet,West
CNT0075,2024-07-23,320337,30.0,0.6818,250594,Tablet,West
CNT0075,2024-07-24,118195,32.5,0.7386,92571,CTV,West
CNT0075,2024-07-25,360839,38.0,0.8636,220430,Mobile,Southeast
CNT0075,2024-07-26,354523,27.4,0.6227,306728,CTV,Midwest
CNT0075,2024-07-27,394804,33.6,0.7636,348292,Desktop,Northeast
CNT0075,2024-07-28,361540,26.4,0.6,291672,CTV,Midwest
CNT0075,2024-07-29,299915,40.4,0.9182,189315,Tablet,Southeast
CNT0075,2024-07-30,63293,21.0,0.4773,51150,Tablet,West
CNT0075,2024-07-31,64519,23.8,0.5409,50913,CTV,Northeast
CNT0075,2024-08-01,201861,31.4,0.7136,162615,Desktop,Southeast
CNT0075,2024-08-02,100641,35.6,0.8091,76652,Desktop,Northeast
CNT0075,2024-08-03,213652,18.6,0.4227,179930,CTV,West
CNT0075,2024-08-04,64019,29.1,0.6614,54061,CTV,Midwest
CNT0075,2024-08-05,337741,33.7,0.7659,245616,Mobile,Northeast
CNT0075,2024-08-06,153462,28.8,0.6545,109331,CTV,Southwest
CNT0075,2024-08-07,69992,22.0,0.5,46475,Mobile,West
CNT0075,2024-08-08,90660,23.5,0.5341,69697,Tablet,West
CNT0075,2024-08-09,214103,31.2,0.7091,180340,Mobile,Midwest
CNT0075,2024-08-10,157076,19.0,0.4318,139589,Desktop,Northeast
CNT0075,2024-08-11,115266,26.0,0.5909,83457,CTV,Southwest
CNT0075,2024-08-12,113813,34.1,0.775,77080,Tablet,Midwest
CNT0075,2024-08-13,96787,23.0,0.5227,76739,Mobile,Southeast
CNT0075,2024-08-14,69931,28.6,0.65,58280,Tablet,Northeast
CNT0075,2024-08-15,137523,33.4,0.7591,110607,Desktop,Northeast
CNT0075,2024-08-16,55027,32.3,0.7341,42879,CTV,Southwest
CNT0075,2024-08-17,84388,24.1,0.5477,64842,Mobile,West
CNT0075,2024-08-18,40458,26.4,0.6,36001,Mobile,Northeast
CNT0075,2024-08-19,56108,23.9,0.5432,35391,Tablet,West
CNT0075,2024-08-20,61373,21.0,0.4773,36961,CTV,Southwest
CNT0075,2024-08-21,65799,39.8,0.9045,55108,Desktop,West
CNT0075,2024-08-22,91608,24.0,0.5455,60303,Mobile,Midwest
CNT0075,2024-08-23,84521,36.6,0.8318,61561,Desktop,Northeast
CNT0075,2024-08-24,86251,30.3,0.6886,53586,Desktop,Northeast
CNT0075,2024-08-25,88915,18.0,0.4091,63921,Mobile,Southwest
CNT0075,2024-08-26,49065,23.6,0.5364,39525,CTV,Midwest
CNT0075,2024-08-27,6516,31.1,0.7068,4648,Tablet,Midwest
CNT0075,2024-08-28,105477,23.7,0.5386,81058,CTV,West
CNT0075,2024-08-29,51115,25.9,0.5886,39414,Desktop,Northeast
CNT0075,2024-08-30,32449,29.1,0.6614,22062,Mobile,West
CNT0075,2024-08-31,49840,16.6,0.3773,38448,Mobile,Southeast
CNT0075,2024-09-01,44943,30.6,0.6955,34741,Mobile,Midwest
CNT0075,2024-09-02,52743,18.6,0.4227,45588,CTV,West
CNT0075,2024-09-03,5815,32.0,0.7273,5126,Mobile,Midwest
CNT0075,2024-09-04,13314,27.6,0.6273,10971,Desktop,Midwest
CNT0075,2024-09-05,40707,18.1,0.4114,27837,CTV,Southwest
CNT0075,2024-09-06,47206,18.1,0.4114,38204,Desktop,West
CNT0075,2024-09-07,25811,29.6,0.6727,20941,CTV,Southeast
CNT0075,2024-09-08,51814,28.1,0.6386,41903,Desktop,Southwest
CNT0075,2024-09-09,23050,22.5,0.5114,21082,CTV,Northeast
CNT0075,2024-09-10,14541,26.9,0.6114,9066,Tablet,West
CNT0075,2024-09-11,37771,18.0,0.4091,26550,Desktop,Southeast
CNT0075,2024-09-12,57410,15.5,0.3523,45296,Tablet,Midwest
CNT0075,2024-09-13,18976,27.6,0.6273,16911,Desktop,Northeast
CNT0075,2024-09-14,33848,15.4,0.35,22391,Mobile,Southeast
CNT0075,2024-09-15,44113,31.3,0.7114,38638,Desktop,Northeast
CNT0075,2024-09-16,43115,30.9,0.7023,31236,Desktop,Northeast
CNT0075,2024-09-17,16009,32.8,0.7455,10861,Tablet,Midwest
CNT0075,2024-09-18,16207,18.6,0.4227,11881,Desktop,Southwest
CNT0075,2024-09-19,21222,39.6,0.9,16296,Mobile,Southeast
CNT0075,2024-09-20,22813,37.4,0.85,16025,Mobile,West
CNT0075,2024-09-21,4523,40.2,0.9136,3516,Desktop,Southwest
CNT0075,2024-09-22,25902,16.0,0.3636,22742,CTV,Northeast
CNT0075,2024-09-23,28598,21.6,0.4909,17163,Mobile,West
CNT0075,2024-09-24,24707,19.3,0.4386,22509,Tablet,Southeast
CNT0075,2024-09-25,22920,36.6,0.8318,14885,Mobile,Northeast
CNT0075,2024-09-26,25930,17.2,0.3909,23731,CTV,West
CNT0075,2024-09-27,20177,33.9,0.7705,18172,Mobile,Southwest
CNT0075,2024-09-28,16616,24.9,0.5659,13412,Mobile,Northeast
CNT0075,2024-09-29,7570,22.1,0.5023,5385,CTV,Southwest
CNT0075,2024-09-30,13737,16.9,0.3841,8253,Mobile,West
CNT0075,2024-10-01,5181,30.9,0.7023,3384,Desktop,Southeast
CNT0075,2024-10-02,20686,29.4,0.6682,13845,Mobile,Midwest
CNT0075,2024-10-03,21538,19.6,0.4455,19001,Mobile,Southwest
CNT0076,2024-10-13,463229,71.1,0.79,372331,Tablet,Midwest
CNT0076,2024-10-14,728845,48.1,0.5344,579345,CTV,Southwest
CNT0076,2024-10-15,205214,71.1,0.79,172148,Mobile,Midwest
CNT0076,2024-10-16,433903,75.1,0.8344,330342,Tablet,Southeast
CNT0076,2024-10-17,607415,64.8,0.72,415480,Mobile,Southwest
CNT0076,2024-10-18,432740,36.5,0.4056,319836,CTV,Midwest
CNT0076,2024-10-19,337186,80.7,0.8967,262205,Desktop,Southeast
CNT0076,2024-10-20,71020,67.3,0.7478,46011,Tablet,Northeast
CNT0076,2024-10-21,311460,68.4,0.76,246820,CTV,Southwest
CNT0076,2024-10-22,348235,34.8,0.3867,261094,Desktop,Southeast
CNT0076,2024-10-23,515560,33.7,0.3744,385919,CTV,Midwest
CNT0076,2024-10-24,223853,75.1,0.8344,200367,CTV,Northeast
CNT0076,2024-10-25,195524,80.4,0.8933,177279,Tablet,Southeast
CNT0076,2024-10-26,262806,45.8,0.5089,223549,Desktop,Southwest
CNT0076,2024-10-27,284801,45.4,0.5044,194344,CTV,Southwest
CNT0076,2024-10-28,118932,53.1,0.59,92391,Tablet,Midwest
CNT0076,2024-10-29,273511,74.6,0.8289,249884,Tablet,Southeast
CNT0076,2024-10-30,39194,74.0,0.8222,30507,CTV,Midwest
CNT0076,2024-10-31,267535,72.7,0.8078,167398,Tablet,Midwest
CNT0076,2024-11-01,127557,81.0,0.9,103376,Desktop,West
CNT0076,2024-11-02,201267,66.7,0.7411,163112,Mobile,Midwest
CNT0076,2024-11-03,160589,82.5,0.9167,142841,Desktop,West
CNT0076,2024-11-04,290534,32.8,0.3644,238244,Desktop,West
CNT0076,2024-11-05,205424,68.9,0.7656,123348,Desktop,Southwest
CNT0076,2024-11-06,59924,38.1,0.4233,40001,Mobile,Midwest
CNT0076,2024-11-07,308319,41.1,0.4567,246228,Desktop,West
CNT0076,2024-11-08,165835,33.4,0.3711,106687,Desktop,Northeast
CNT0076,2024-11-09,198475,67.0,0.7444,144054,Tablet,Southeast
CNT0076,2024-11-10,139115,67.1,0.7456,118241,CTV,Southwest
CNT0076,2024-11-11,122419,73.0,0.8111,91982,Tablet,Southeast
CNT0076,2024-11-12,67223,58.8,0.6533,50753,Tablet,West
CNT0076,2024-11-13,72505,80.4,0.8933,65708,Mobile,Midwest
CNT0076,2024-11-14,103817,38.3,0.4256,80116,CTV,Southwest
CNT0076,2024-11-15,43776,75.5,0.8389,35711,CTV,West
CNT0076,2024-11-16,81951,45.2,0.5022,61239,CTV,Southwest
CNT0076,2024-11-17,11032,73.6,0.8178,9758,Mobile,Northeast
CNT0076,2024-11-18,121218,39.4,0.4378,80285,Desktop,Southwest
CNT0076,2024-11-19,107028,76.4,0.8489,79857,Mobile,West
CNT0076,2024-11-20,139143,71.2,0.7911,116920,Tablet,West
CNT0076,2024-11-21,74750,80.6,0.8956,53459,Desktop,Midwest
CNT0076,2024-11-22,42240,48.5,0.5389,30934,Desktop,West
CNT0076,2024-11-23,127211,50.0,0.5556,105828,Tablet,West
CNT0076,2024-11-24,68125,82.1,0.9122,51796,Mobile,West
CNT0076,2024-11-25,48160,76.4,0.8489,36758,CTV,Southeast
CNT0076,2024-11-26,15791,34.1,0.3789,10362,Desktop,Midwest
CNT0076,2024-11-27,95383,64.4,0.7156,67624,Mobile,Southeast
CNT0076,2024-11-28,48060,54.3,0.6033,36675,Mobile,Southwest
CNT0076,2024-11-29,41957,64.1,0.7122,38275,Desktop,Midwest
CNT0076,2024-11-30,69746,31.8,0.3533,60110,Desktop,Midwest
CNT0076,2024-12-01,10988,48.4,0.5378,9213,Mobile,Southeast
CNT0076,2024-12-02,77048,33.6,0.3733,61104,Desktop,Northeast
CNT0076,2024-12-03,13657,58.3,0.6478,10774,CTV,Southeast
CNT0076,2024-12-04,45481,64.6,0.7178,39739,Desktop,Southwest
CNT0076,2024-12-05,61647,48.2,0.5356,42500,Mobile,Southwest
CNT0076,2024-12-06,76199,79.7,0.8856,61938,Mobile,Southeast
CNT0076,2024-12-07,40261,35.4,0.3933,32759,Tablet,West
CNT0076,2024-12-08,14764,35.7,0.3967,8885,CTV,West
CNT0076,2024-12-09,49078,67.3,0.7478,36683,Mobile,West
CNT0076,2024-12-10,8594,74.1,0.8233,6656,CTV,Southwest
CNT0076,2024-12-11,35084,48.5,0.5389,22793,CTV,Midwest
CNT0076,2024-12-12,34173,66.6,0.74,26774,Desktop,West
CNT0076,2024-12-13,27585,82.7,0.9189,18364,Desktop,West
CNT0076,2024-12-14,26075,67.3,0.7478,19957,Mobile,Southwest
CNT0076,2024-12-15,31219,35.7,0.3967,25043,CTV,Southwest
CNT0076,2024-12-16,61314,56.2,0.6244,45802,Desktop,Midwest
CNT0076,2024-12-17,47016,66.1,0.7344,36328,Mobile,Northeast
CNT0076,2024-12-18,42384,52.8,0.5867,29744,CTV,West
CNT0076,2024-12-19,34517,69.3,0.77,27781,CTV,Midwest
CNT0076,2024-12-20,14766,65.5,0.7278,9493,Tablet,Northeast
CNT0076,2024-12-21,17044,47.8,0.5311,14839,Desktop,Northeast
CNT0076,2024-12-22,10825,78.0,0.8667,9941,Desktop,Midwest
CNT0076,2024-12-23,37165,50.3,0.5589,31367,Tablet,West
CNT0076,2024-12-24,47706,48.0,0.5333,37253,CTV,Southeast
CNT0076,2024-12-25,23846,58.0,0.6444,16040,Tablet,Southwest
CNT0076,2024-12-26,16523,54.6,0.6067,11022,Mobile,Midwest
CNT0076,2024-12-27,43348,78.6,0.8733,27522,Mobile,Midwest
CNT0076,2024-12-28,14812,61.4,0.6822,9704,Mobile,Midwest
CNT0076,2024-12-29,31236,58.0,0.6444,28383,Mobile,Midwest
CNT0076,2024-12-30,16325,47.9,0.5322,12406,CTV,West
CNT0076,2024-12-31,6711,73.1,0.8122,5025,Mobile,Midwest
CNT0077,2024-12-25,149425,19.1,0.8682,103186,Mobile,Southwest
CNT0077,2024-12-26,570440,10.2,0.4636,432770,CTV,Southeast
CNT0077,2024-12-27,286553,8.9,0.4045,195446,CTV,Southeast
CNT0077,2024-12-28,658145,17.0,0.7727,404253,Tablet,Northeast
CNT0077,2024-12-29,529809,18.4,0.8364,383644,Desktop,Midwest
CNT0077,2024-12-30,169825,10.3,0.4682,138833,CTV,Southeast
CNT0077,2024-12-31,834601,20.2,0.9182,737540,Tablet,Southeast
CNT0078,2024-10-25,320781,45.8,0.7633,233331,CTV,West
CNT0078,2024-10-26,468250,27.1,0.4517,401525,Tablet,Northeast
CNT0078,2024-10-27,320151,32.3,0.5383,201786,CTV,Midwest
CNT0078,2024-10-28,662751,42.9,0.715,551945,Desktop,Northeast
CNT0078,2024-10-29,191675,25.5,0.425,127148,Tablet,Southwest
CNT0078,2024-10-30,458302,22.5,0.375,382073,Desktop,Southwest
CNT0078,2024-10-31,182516,26.8,0.4467,112505,Mobile,Southeast
CNT0078,2024-11-01,319764,30.8,0.5133,240010,Mobile,Midwest
CNT0078,2024-11-02,74037,51.5,0.8583,66398,Desktop,Southeast
CNT0078,2024-11-03,77425,47.1,0.785,68626,CTV,Southeast
CNT0078,2024-11-04,608728,21.6,0.36,417118,Mobile,West
CNT0078,2024-11-05,334404,49.9,0.8317,218312,Desktop,Northeast
CNT0078,2024-11-06,493169,37.8,0.63,414579,Tablet,Southwest
CNT0078,2024-11-07,435796,28.7,0.4783,308120,Desktop,West
CNT0078,2024-11-08,157979,38.4,0.64,124617,CTV,Southwest
CNT0078,2024-11-09,107930,40.0,0.6667,95253,Tablet,Midwest
CNT0078,2024-11-10,407066,48.0,0.8,319771,CTV,Northeast
CNT0078,2024-11-11,182037,45.5,0.7583,137668,Mobile,Southeast
CNT0078,2024-11-12,341610,21.1,0.3517,273151,Mobile,West
CNT0078,2024-11-13,275034,34.3,0.5717,215891,Desktop,Northeast
CNT0078,2024-11-14,137793,29.6,0.4933,121675,Desktop,Northeast
CNT0078,2024-11-15,84138,36.6,0.61,58954,Desktop,West
CNT0078,2024-11-16,343852,49.7,0.8283,244493,Desktop,Southwest
CNT0078,2024-11-17,152623,47.2,0.7867,122529,CTV,West
CNT0078,2024-11-18,123437,39.3,0.655,89739,Tablet,Southeast
CNT0078,2024-11-19,39634,27.9,0.465,27451,CTV,Midwest
CNT0078,2024-11-20,98693,21.6,0.36,71826,CTV,Southwest
CNT0078,2024-11-21,51408,50.7,0.845,44443,Tablet,Northeast
CNT0078,2024-11-22,91028,34.1,0.5683,61671,CTV,Northeast
CNT0078,2024-11-23,142364,54.6,0.91,92114,CTV,Southeast
CNT0078,2024-11-24,203532,34.6,0.5767,130819,Mobile,Southeast
CNT0078,2024-11-25,93063,39.9,0.665,76068,CTV,Midwest
CNT0078,2024-11-26,16025,45.5,0.7583,10289,Desktop,Midwest
CNT0078,2024-11-27,107513,25.7,0.4283,73495,Mobile,Southeast
CNT0078,2024-11-28,95041,29.2,0.4867,61545,Mobile,Northeast
CNT0078,2024-11-29,15354,21.9,0.365,10149,Tablet,Southwest
CNT0078,2024-11-30,140780,26.9,0.4483,114168,Mobile,Midwest
CNT0078,2024-12-01,161503,29.1,0.485,100073,Tablet,Southwest
CNT0078,2024-12-02,31679,45.4,0.7567,21372,Mobile,Southeast
CNT0078,2024-12-03,140924,32.0,0.5333,101719,Tablet,West
CNT0078,2024-12-04,55237,41.1,0.685,48949,Desktop,West
CNT0078,2024-12-05,115540,48.4,0.8067,79893,Tablet,West
CNT0078,2024-12-06,109988,52.9,0.8817,73578,CTV,Midwest
CNT0078,2024-12-07,8187,39.9,0.665,4912,Tablet,Northeast
CNT0078,2024-12-08,121597,22.8,0.38,82529,Mobile,West
CNT0078,2024-12-09,14463,25.4,0.4233,13067,CTV,Midwest
CNT0078,2024-12-10,71702,37.1,0.6183,59633,Tablet,Northeast
CNT0078,2024-12-11,76871,46.5,0.775,68609,Mobile,West
CNT0078,2024-12-12,53586,41.1,0.685,37149,Tablet,West
CNT0078,2024-12-13,55313,27.7,0.4617,46043,Mobile,Midwest
CNT0078,2024-12-14,28889,53.4,0.89,18777,Desktop,West
CNT0078,2024-12-15,25918,41.3,0.6883,16925,Mobile,Southwest
CNT0078,2024-12-16,32264,27.7,0.4617,26799,CTV,Southeast
CNT0078,2024-12-17,82732,53.1,0.885,58254,Mobile,Southeast
CNT0078,2024-12-18,44249,41.6,0.6933,26945,Mobile,West
CNT0078,2024-12-19,62294,21.9,0.365,48956,Desktop,Northeast
CNT0078,2024-12-20,105546,24.3,0.405,72713,CTV,Southeast
CNT0078,2024-12-21,40554,32.6,0.5433,26413,Mobile,Midwest
CNT0078,2024-12-22,46625,34.3,0.5717,38051,Mobile,Southwest
CNT0078,2024-12-23,84358,28.8,0.48,74221,Desktop,Northeast
CNT0078,2024-12-24,23457,35.2,0.5867,15247,Mobile,Southeast
CNT0078,2024-12-25,63012,53.6,0.8933,43419,Desktop,Southeast
CNT0078,2024-12-26,39839,39.9,0.665,34261,Mobile,Southeast
CNT0078,2024-12-27,41929,36.3,0.605,33797,Desktop,Southwest
CNT0078,2024-12-28,10957,46.0,0.7667,9402,CTV,Midwest
CNT0078,2024-12-29,25040,47.1,0.785,19665,Desktop,Midwest
CNT0078,2024-12-30,32268,37.5,0.625,25250,CTV,Southwest
CNT0078,2024-12-31,42614,54.9,0.915,30277,Tablet,Southeast
CNT0079,2024-10-18,155269,20.0,0.4545,127849,Mobile,Northeast
CNT0079,2024-10-19,56196,27.5,0.625,43779,CTV,Southwest
CNT0079,2024-10-20,644329,30.5,0.6932,449174,Desktop,West
CNT0079,2024-10-21,584079,26.8,0.6091,437615,Desktop,Southeast
CNT0079,2024-10-22,573412,17.9,0.4068,444547,Desktop,West
CNT0079,2024-10-23,424085,16.4,0.3727,341035,Tablet,Southwest
CNT0079,2024-10-24,159894,32.1,0.7295,103068,CTV,Southeast
CNT0079,2024-10-25,242901,35.9,0.8159,198400,Desktop,Midwest
CNT0079,2024-10-26,669445,18.0,0.4091,425353,CTV,Midwest
CNT0079,2024-10-27,306281,33.9,0.7705,201208,Desktop,Northeast
CNT0079,2024-10-28,127692,26.0,0.5909,93293,Tablet,Southwest
CNT0079,2024-10-29,48384,35.1,0.7977,43485,Desktop,Northeast
CNT0079,2024-10-30,261736,29.7,0.675,182353,CTV,Southeast
CNT0079,2024-10-31,135670,26.0,0.5909,92977,Desktop,Midwest
CNT0079,2024-11-01,193883,39.9,0.9068,126001,Tablet,Midwest
CNT0079,2024-11-02,229308,36.7,0.8341,191334,Mobile,West
CNT0079,2024-11-03,377502,17.1,0.3886,345918,Desktop,Northeast
CNT0079,2024-11-04,399657,32.1,0.7295,354219,Mobile,West
CNT0079,2024-11-05,50408,24.1,0.5477,44595,Desktop,Southeast
CNT0079,2024-11-06,71646,16.5,0.375,44476,Tablet,Southwest
CNT0079,2024-11-07,107480,31.7,0.7205,65525,Desktop,Southeast
CNT0079,2024-11-08,54585,34.1,0.775,36005,Desktop,Southeast
CNT0079,2024-11-09,197954,22.3,0.5068,146911,Tablet,Southwest
CNT0079,2024-11-10,145692,16.9,0.3841,107850,Tablet,Midwest
CNT0079,2024-11-11,150516,19.5,0.4432,110229,Mobile,Northeast
CNT0079,2024-11-12,163856,40.0,0.9091,136960,Tablet,Southwest
CNT0079,2024-11-13,50952,33.8,0.7682,42501,CTV,Northeast
CNT0079,2024-11-14,75640,22.8,0.5182,65699,Desktop,Southwest
CNT0079,2024-11-15,24578,24.7,0.5614,19512,Desktop,Southeast
CNT0079,2024-11-16,61115,18.2,0.4136,46628,Desktop,Southwest
CNT0079,2024-11-17,294576,15.9,0.3614,203089,CTV,Northeast
CNT0079,2024-11-18,249020,39.7,0.9023,207032,Tablet,Southeast
CNT0079,2024-11-19,224881,20.2,0.4591,140065,Desktop,Southwest
CNT0079,2024-11-20,55969,40.5,0.9205,38654,Mobile,Northeast
CNT0079,2024-11-21,199815,39.4,0.8955,138378,Desktop,Northeast
CNT0079,2024-11-22,60949,17.2,0.3909,45510,Desktop,Southeast
CNT0079,2024-11-23,29282,16.1,0.3659,20830,CTV,Southeast
CNT0079,2024-11-24,32392,24.5,0.5568,24847,Tablet,Southwest
CNT0079,2024-11-25,108178,16.4,0.3727,79281,Tablet,West
CNT0079,2024-11-26,85160,31.6,0.7182,58379,Desktop,Southwest
CNT0079,2024-11-27,49075,24.1,0.5477,30575,Tablet,Northeast
CNT0079,2024-11-28,153316,24.2,0.55,105031,Mobile,West
CNT0079,2024-11-29,85099,16.7,0.3795,55309,Desktop,Southeast
CNT0079,2024-11-30,119234,25.1,0.5705,75535,Desktop,Northeast
CNT0079,2024-12-01,31159,17.4,0.3955,25768,Mobile,West
CNT0079,2024-12-02,26516,21.8,0.4955,22285,Mobile,Midwest
CNT0079,2024-12-03,13711,16.3,0.3705,8687,Tablet,Midwest
CNT0079,2024-12-04,10747,31.2,0.7091,9728,Tablet,Southeast
CNT0079,2024-12-05,55485,24.1,0.5477,35448,CTV,West
CNT0079,2024-12-06,41103,27.9,0.6341,25640,Mobile,Northeast
CNT0079,2024-12-07,75937,19.0,0.4318,63390,Desktop,Midwest
CNT0079,2024-12-08,32541,22.9,0.5205,19732,Tablet,Northeast
CNT0079,2024-12-09,79276,26.1,0.5932,62608,Desktop,Southeast
CNT0079,2024-12-10,32806,25.6,0.5818,20724,CTV,Southwest
CNT0079,2024-12-11,84037,30.8,0.7,56810,CTV,Southwest
CNT0079,2024-12-12,17553,39.1,0.8886,14492,Desktop,Northeast
CNT0079,2024-12-13,7501,35.7,0.8114,5967,CTV,Southeast
CNT0079,2024-12-14,85668,26.7,0.6068,70790,Mobile,Southeast
CNT0079,2024-12-15,54310,28.5,0.6477,47490,Desktop,Northeast
CNT0079,2024-12-16,30497,33.2,0.7545,26725,Desktop,Southwest
CNT0079,2024-12-17,21045,35.5,0.8068,14409,Mobile,Midwest
CNT0079,2024-12-18,95011,23.7,0.5386,58342,Tablet,West
CNT0079,2024-12-19,20749,31.6,0.7182,15631,Tablet,Southwest
CNT0079,2024-12-20,36306,36.5,0.8295,32172,CTV,Northeast
CNT0079,2024-12-21,8376,23.8,0.5409,7577,Mobile,Southwest
CNT0079,2024-12-22,59708,33.7,0.7659,49177,Tablet,Southeast
CNT0079,2024-12-23,26816,20.1,0.4568,22404,Tablet,West
CNT0079,2024-12-24,39447,30.9,0.7023,26616,Tablet,West
CNT0079,2024-12-25,16386,28.1,0.6386,9892,CTV,Southwest
CNT0079,2024-12-26,51563,37.7,0.8568,35086,CTV,Southwest
CNT0079,2024-12-27,45047,35.3,0.8023,36153,CTV,Southeast
CNT0079,2024-12-28,17914,34.0,0.7727,11304,Desktop,West
CNT0079,2024-12-29,31213,19.9,0.4523,24340,Mobile,West
CNT0079,2024-12-30,32731,17.5,0.3977,27080,Mobile,Northeast
CNT0079,2024-12-31,6626,26.6,0.6045,6042,Mobile,Southwest
CNT0080,2024-12-04,353436,46.1,0.7683,288879,Tablet,West
CNT0080,2024-12-05,91076,51.2,0.8533,71032,Tablet,Southwest
CNT0080,2024-12-06,551258,47.5,0.7917,503197,CTV,Southwest
CNT0080,2024-12-07,231315,21.1,0.3517,156507,CTV,Southwest
CNT0080,2024-12-08,229688,43.5,0.725,187176,Tablet,West
CNT0080,2024-12-09,382301,28.4,0.4733,279781,Tablet,Southeast
CNT0080,2024-12-10,208039,28.5,0.475,163649,Desktop,Northeast
CNT0080,2024-12-11,241714,34.4,0.5733,176308,Tablet,West
CNT0080,2024-12-12,49575,48.1,0.8017,35144,CTV,Southwest
CNT0080,2024-12-13,491957,21.9,0.365,300986,CTV,Southwest
CNT0080,2024-12-14,78923,39.8,0.6633,48441,Mobile,Midwest
CNT0080,2024-12-15,62276,44.7,0.745,49134,CTV,Midwest
CNT0080,2024-12-16,300167,51.5,0.8583,269249,Desktop,Northeast
CNT0080,2024-12-17,390801,40.6,0.6767,270487,CTV,Southeast
CNT0080,2024-12-18,212446,28.2,0.47,131943,CTV,Midwest
CNT0080,2024-12-19,38554,44.9,0.7483,30488,CTV,West
CNT0080,2024-12-20,256625,24.2,0.4033,163636,CTV,Midwest
CNT0080,2024-12-21,287046,51.0,0.85,191562,Tablet,Southwest
CNT0080,2024-12-22,144945,41.9,0.6983,97960,CTV,West
CNT0080,2024-12-23,203231,30.5,0.5083,176145,CTV,Northeast
CNT0080,2024-12-24,318593,35.9,0.5983,225088,CTV,Northeast
CNT0080,2024-12-25,171004,27.4,0.4567,129618,Mobile,Northeast
CNT0080,2024-12-26,166560,49.0,0.8167,118826,Mobile,Southeast
CNT0080,2024-12-27,247935,32.0,0.5333,205582,Mobile,Southwest
CNT0080,2024-12-28,149208,22.2,0.37,98970,CTV,Southeast
CNT0080,2024-12-29,186606,38.0,0.6333,145117,Tablet,Midwest
CNT0080,2024-12-30,224873,37.1,0.6183,161348,Mobile,Midwest
CNT0080,2024-12-31,43742,51.4,0.8567,29721,Tablet,Midwest
