campaign_id,date,impressions,clicks,ctr,spend,cpm,completions,completion_rate,reach,frequency
CMP0001,2024-12-11,372454,6182,0.0166,10063.71,27.02,269483,0.7235,282610,2.35
CMP0001,2024-12-12,364660,21077,0.0578,11523.26,31.6,262854,0.7208,226250,2.4
CMP0001,2024-12-13,330101,9605,0.0291,10272.74,31.12,281328,0.8522,247679,1.57
CMP0001,2024-12-14,251726,730,0.0029,5706.63,22.67,219863,0.8734,173347,1.45
CMP0001,2024-12-15,252430,1539,0.0061,7100.86,28.13,165461,0.6555,186994,2.03
CMP0001,2024-12-16,376882,5351,0.0142,3704.75,9.83,268289,0.7119,296456,1.85
CMP0001,2024-12-17,324351,5124,0.0158,4894.46,15.09,181593,0.5599,182711,2.81
CMP0002,2024-07-09,993691,31201,0.0314,31659.0,31.86,684372,0.6887,553532,4.26
CMP0002,2024-07-10,845817,20976,0.0248,19369.21,22.9,712863,0.8428,494295,2.08
CMP0002,2024-07-11,1125983,23082,0.0205,27136.19,24.1,677113,0.6014,817896,2.63
CMP0002,2024-07-12,955800,29247,0.0306,7703.75,8.06,616196,0.6447,725204,2.97
CMP0002,2024-07-13,862207,9570,0.0111,17002.72,19.72,509684,0.5911,536314,2.12
CMP0002,2024-07-14,975870,26055,0.0267,16511.72,16.92,823383,0.8437,648249,1.48
CMP0002,2024-07-15,935157,24407,0.0261,20124.58,21.52,520023,0.5561,634825,1.92
CMP0003,2024-11-28,1394811,6416,0.0046,23934.96,17.16,1084437,0.7775,851031,2.52
CMP0003,2024-11-29,1746728,48733,0.0279,14375.57,8.23,1590609,0.9106,990254,2.89
CMP0003,2024-11-30,1663349,86161,0.0518,52728.16,31.7,1255888,0.755,1077207,2.7
CMP0003,2024-12-01,1657068,36124,0.0218,52214.21,31.51,1066904,0.6439,918116,3.78
CMP0003,2024-12-02,1617231,38328,0.0237,40527.81,25.06,1265410,0.7825,1201401,3.6
CMP0003,2024-12-03,1858896,16358,0.0088,13291.11,7.15,1397936,0.752,1400449,1.7
CMP0003,2024-12-04,1901965,45076,0.0237,34387.53,18.08,1535444,0.8073,1346465,3.86
CMP0003,2024-12-05,1716373,13730,0.008,44934.65,26.18,1234658,0.7193,1069919,1.25
CMP0003,2024-12-06,1746618,42966,0.0246,12383.52,7.09,1563829,0.8953,1185684,4.46
CMP0003,2024-12-07,1759009,27440,0.0156,22145.92,12.59,1457721,0.8287,1051493,2.31
CMP0003,2024-12-08,2145486,52135,0.0243,61167.81,28.51,1443509,0.6728,1246782,2.35
CMP0003,2024-12-09,1252536,23171,0.0185,31726.74,25.33,1103504,0.881,809966,4.41
CMP0003,2024-12-10,1624082,36054,0.0222,30760.11,18.94,1448672,0.892,1104081,3.82
CMP0003,2024-12-11,1670484,68656,0.0411,13447.4,8.05,1291129,0.7729,1262193,2.95
CMP0003,2024-12-12,2024227,9716,0.0048,16355.75,8.08,1608329,0.7945,1268429,3.15
CMP0003,2024-12-13,1691625,13194,0.0078,40480.59,23.93,1150427,0.6801,948306,4.06
CMP0003,2024-12-14,1283351,21816,0.017,41003.06,31.95,836212,0.6516,1020272,4.32
CMP0003,2024-12-15,1442885,10821,0.0075,32580.34,22.58,987546,0.6844,1082559,3.41
CMP0003,2024-12-16,1876407,12196,0.0065,18219.91,9.71,1453843,0.7748,1398538,1.22
CMP0003,2024-12-17,2309286,36486,0.0158,60595.66,26.24,1583111,0.6855,1491137,3.03
CMP0003,2024-12-18,1803265,41114,0.0228,42665.25,23.66,1624858,0.9011,1159505,3.69
CMP0004,2024-09-25,572080,14645,0.0256,11310.02,19.77,398895,0.6973,407544,1.95
CMP0004,2024-09-26,619153,11763,0.019,15559.31,25.13,454858,0.7346,400435,3.01
CMP0004,2024-09-27,535442,20025,0.0374,6837.59,12.77,382905,0.7151,427867,2.07
CMP0004,2024-09-28,664358,54743,0.0824,12470.0,18.77,395542,0.5954,507042,2.64
CMP0004,2024-09-29,548701,11248,0.0205,9640.68,17.57,319608,0.5825,395329,3.97
CMP0004,2024-09-30,484707,23459,0.0484,7285.15,15.03,278235,0.574,332287,4.13
CMP0004,2024-10-01,481258,3850,0.008,11795.63,24.51,429816,0.8931,341416,3.8
CMP0005,2024-11-15,3775868,116296,0.0308,34586.95,9.16,2357511,0.6244,2207822,3.79
CMP0005,2024-11-16,4340680,33423,0.0077,88549.87,20.4,2979864,0.6865,3259483,2.98
CMP0005,2024-11-17,4032286,23387,0.0058,33226.04,8.24,2679202,0.6644,3225420,3.54
CMP0005,2024-11-18,4939945,108678,0.022,128438.57,26.0,4221852,0.8546,2808050,4.41
CMP0005,2024-11-19,4541516,167581,0.0369,80384.83,17.7,3640662,0.8016,2888988,4.09
CMP0005,2024-11-20,3552920,76032,0.0214,80402.58,22.63,2193311,0.6173,2812371,2.57
CMP0005,2024-11-21,4465890,178635,0.04,33226.22,7.44,2661400,0.5959,2627077,1.66
CMP0006,2024-07-18,2389717,26525,0.0111,58404.68,24.44,1620296,0.678,1876467,4.14
CMP0006,2024-07-19,3401426,16326,0.0048,42585.85,12.52,2670021,0.785,2339195,1.53
CMP0006,2024-07-20,4008468,33671,0.0084,79648.26,19.87,2950040,0.736,2373650,4.3
CMP0006,2024-07-21,4184435,31801,0.0076,96785.98,23.13,3417152,0.8166,2934480,3.96
CMP0006,2024-07-22,3467348,7281,0.0021,95213.38,27.46,1943442,0.5605,1946449,3.28
CMP0006,2024-07-23,2717349,51629,0.019,62308.81,22.93,2265657,0.8338,1777544,3.27
CMP0006,2024-07-24,3852475,51623,0.0134,85948.72,22.31,2531763,0.6572,3040228,2.74
CMP0007,2024-10-02,1079080,41760,0.0387,25692.89,23.81,712247,0.6601,613179,1.3
CMP0007,2024-10-03,1660408,7139,0.0043,30866.98,18.59,1038566,0.6255,1165050,2.16
CMP0007,2024-10-04,1752059,61847,0.0353,43959.16,25.09,1521641,0.8685,1390860,1.54
CMP0007,2024-10-05,1477305,23636,0.016,30432.48,20.6,986947,0.6681,984798,2.01
CMP0007,2024-10-06,1575625,27573,0.0175,13424.32,8.52,1035781,0.6574,1017912,3.19
CMP0007,2024-10-07,1799470,11516,0.0064,51284.9,28.5,1096037,0.6091,1137011,3.06
CMP0007,2024-10-08,1344706,19901,0.0148,34747.2,25.84,987495,0.7344,912626,2.8
CMP0007,2024-10-09,1586388,3172,0.002,10470.16,6.6,1427330,0.8997,1072971,4.39
CMP0007,2024-10-10,1206471,35952,0.0298,18314.23,15.18,686119,0.5687,812827,4.1
CMP0007,2024-10-11,1539257,21241,0.0138,28076.05,18.24,1152250,0.7486,1172595,2.57
CMP0007,2024-10-12,1724807,20870,0.0121,42982.19,24.92,1436120,0.8326,1106436,2.46
CMP0007,2024-10-13,1306618,7709,0.0059,14451.2,11.06,986094,0.7547,742659,2.81
CMP0007,2024-10-14,1290411,76005,0.0589,17123.75,13.27,1181969,0.916,929224,1.5
CMP0007,2024-10-15,1333197,54527,0.0409,21651.12,16.24,1125367,0.8441,846275,4.29
CMP0008,2024-10-06,1516512,27297,0.018,16954.6,11.18,1119755,0.7384,1023675,1.25
CMP0008,2024-10-07,2364884,78750,0.0333,34669.2,14.66,1715215,0.7253,1570867,3.16
CMP0008,2024-10-08,1618961,48083,0.0297,23523.5,14.53,1257665,0.7768,956199,4.47
CMP0008,2024-10-09,1741840,32746,0.0188,24002.56,13.78,1174798,0.6745,1318698,2.91
CMP0008,2024-10-10,1873558,52084,0.0278,25836.36,13.79,1595947,0.8518,1202991,3.39
CMP0008,2024-10-11,1805265,51269,0.0284,38235.51,21.18,1525086,0.8448,1320246,3.44
CMP0008,2024-10-12,1645898,50693,0.0308,30185.77,18.34,1494172,0.9078,1227388,3.74
CMP0008,2024-10-13,1432064,64299,0.0449,35457.9,24.76,1096822,0.7659,848681,3.24
CMP0008,2024-10-14,2260634,35039,0.0155,63003.87,27.87,1366953,0.6047,1628067,1.21
CMP0008,2024-10-15,2211911,87370,0.0395,19597.53,8.86,1232049,0.557,1390016,1.61
CMP0008,2024-10-16,2004483,29666,0.0148,33414.73,16.67,1677230,0.8367,1563757,4.07
CMP0008,2024-10-17,1925261,77010,0.04,14670.49,7.62,1157256,0.6011,1158690,2.21
CMP0008,2024-10-18,1724218,127074,0.0737,33898.13,19.66,1148481,0.6661,1022970,4.2
CMP0008,2024-10-19,1876930,79018,0.0421,28548.11,15.21,1568430,0.8356,1370592,3.29
CMP0008,2024-10-20,1397691,28932,0.0207,30553.53,21.86,868158,0.6211,854869,3.0
CMP0008,2024-10-21,1452308,32386,0.0223,45457.24,31.3,958693,0.6601,903700,1.8
CMP0008,2024-10-22,2026005,60374,0.0298,28850.31,14.24,1375773,0.6791,1587223,3.8
CMP0008,2024-10-23,1891081,29122,0.0154,17341.21,9.17,1513527,0.8004,1219602,4.43
CMP0008,2024-10-24,2231650,57576,0.0258,68779.45,30.82,1891787,0.8477,1389454,2.08
CMP0008,2024-10-25,1882726,37089,0.0197,28259.72,15.01,1343662,0.7137,1156202,2.73
CMP0008,2024-10-26,1601744,22744,0.0142,32034.88,20.0,1433911,0.8952,1159731,1.57
CMP0009,2024-07-17,2082558,69765,0.0335,44275.18,21.26,1332232,0.6397,1494148,2.91
CMP0009,2024-07-18,3122748,60893,0.0195,22983.43,7.36,2195046,0.7029,2277543,1.44
CMP0009,2024-07-19,2687334,124961,0.0465,16473.36,6.13,2025256,0.7536,2102233,2.48
CMP0009,2024-07-20,3002425,162731,0.0542,86589.94,28.84,2181729,0.7267,1801046,4.38
CMP0009,2024-07-21,1940153,83620,0.0431,44216.09,22.79,1718852,0.8859,1110476,3.05
CMP0009,2024-07-22,2902571,32218,0.0111,71983.76,24.8,2602351,0.8966,2259092,1.7
CMP0009,2024-07-23,2614736,97268,0.0372,27637.76,10.57,2327807,0.8903,2089940,2.45
CMP0009,2024-07-24,2607670,116823,0.0448,79142.78,30.35,2362519,0.906,2037919,4.08
CMP0009,2024-07-25,2187643,42221,0.0193,45437.35,20.77,1290055,0.5897,1740813,2.07
CMP0009,2024-07-26,2995967,51231,0.0171,60308.82,20.13,2195287,0.7327,2350755,3.99
CMP0009,2024-07-27,2299966,26679,0.0116,25322.63,11.01,1360842,0.5917,1358414,2.66
CMP0009,2024-07-28,2213590,46928,0.0212,23995.32,10.84,1820785,0.8225,1655083,3.03
CMP0009,2024-07-29,2822795,132671,0.047,29808.72,10.56,2446725,0.8668,2185579,3.91
CMP0009,2024-07-30,2533663,23816,0.0094,20928.06,8.26,2020912,0.7976,1510557,1.58
CMP0010,2024-09-02,1090695,12106,0.0111,13579.15,12.45,705124,0.6465,664102,3.66
CMP0010,2024-09-03,814905,37078,0.0455,11286.43,13.85,666157,0.8175,450527,3.32
CMP0010,2024-09-04,738867,18841,0.0255,5630.17,7.62,438697,0.5937,463049,2.48
CMP0010,2024-09-05,862479,13799,0.016,25244.76,29.27,698880,0.8103,541416,1.5
CMP0010,2024-09-06,759794,11017,0.0145,10386.38,13.67,590672,0.7774,459509,1.55
CMP0010,2024-09-07,793598,5555,0.007,20189.13,25.44,614342,0.7741,518982,2.97
CMP0010,2024-09-08,654593,35151,0.0537,13078.77,19.98,520869,0.7957,395768,1.94
CMP0010,2024-09-09,695705,28663,0.0412,19966.73,28.7,403712,0.5803,460338,3.49
CMP0010,2024-09-10,816013,7099,0.0087,16866.99,20.67,467453,0.5728,560529,2.82
CMP0010,2024-09-11,846189,7615,0.009,8377.27,9.9,568134,0.6714,575480,1.5
CMP0010,2024-09-12,832160,7406,0.0089,17608.51,21.16,485688,0.5836,563866,3.85
CMP0010,2024-09-13,851531,23502,0.0276,16468.61,19.34,612263,0.719,480633,2.67
CMP0010,2024-09-14,620820,8443,0.0136,15402.54,24.81,432401,0.6965,468168,3.64
CMP0010,2024-09-15,728212,7136,0.0098,5228.56,7.18,493345,0.6775,412124,4.48
CMP0010,2024-09-16,869237,11473,0.0132,6771.36,7.79,778399,0.8955,484976,2.49
CMP0010,2024-09-17,946885,11173,0.0118,24533.79,25.91,863543,0.912,673680,2.53
CMP0010,2024-09-18,922214,1106,0.0012,14700.09,15.94,803948,0.8718,716276,2.38
CMP0010,2024-09-19,880108,10297,0.0117,20427.31,23.21,659677,0.7495,627854,2.28
CMP0010,2024-09-20,1007216,20446,0.0203,20114.1,19.97,751052,0.7457,737246,1.86
CMP0010,2024-09-21,742377,8908,0.012,4892.26,6.59,490261,0.6604,533305,2.95
CMP0010,2024-09-22,738837,31843,0.0431,20251.52,27.41,474022,0.6416,470299,2.04
CMP0010,2024-09-23,644400,13081,0.0203,16013.34,24.85,381325,0.5918,484826,2.53
CMP0010,2024-09-24,842775,39357,0.0467,24423.62,28.98,468405,0.5558,506946,1.44
CMP0010,2024-09-25,685635,19129,0.0279,14768.58,21.54,555512,0.8102,385442,3.62
CMP0010,2024-09-26,972226,18958,0.0195,11754.21,12.09,612881,0.6304,744659,1.29
CMP0010,2024-09-27,928386,7055,0.0076,12551.78,13.52,790837,0.8518,680394,2.18
CMP0010,2024-09-28,743174,30470,0.041,17457.16,23.49,496920,0.6686,464811,1.59
CMP0010,2024-09-29,672533,5918,0.0088,7902.26,11.75,444668,0.6612,380142,4.32
CMP0010,2024-09-30,782984,27717,0.0354,23254.62,29.7,611993,0.7816,514264,2.79
CMP0010,2024-10-01,759734,5470,0.0072,23156.69,30.48,606569,0.7984,567104,2.18
CMP0010,2024-10-02,928935,26010,0.028,9177.88,9.88,640305,0.6893,686115,2.71
CMP0010,2024-10-03,1098224,22403,0.0204,15177.46,13.82,891541,0.8118,825253,4.21
CMP0010,2024-10-04,903147,8399,0.0093,28142.06,31.16,682956,0.7562,527007,1.93
CMP0010,2024-10-05,868407,8944,0.0103,19808.36,22.81,773944,0.8912,661537,1.41
CMP0010,2024-10-06,783025,15190,0.0194,8574.12,10.95,508442,0.6493,562539,3.15
CMP0010,2024-10-07,824475,11954,0.0145,8978.53,10.89,685821,0.8318,602754,3.0
CMP0010,2024-10-08,597094,3761,0.0063,17082.86,28.61,401961,0.6732,471259,1.15
CMP0010,2024-10-09,813795,4313,0.0053,25235.78,31.01,482911,0.5934,650948,2.73
CMP0010,2024-10-10,702398,8709,0.0124,15249.06,21.71,439469,0.6257,547014,2.98
CMP0010,2024-10-11,812818,6339,0.0078,12923.81,15.9,607541,0.7475,520053,1.99
CMP0010,2024-10-12,717545,13489,0.0188,13583.13,18.93,420829,0.5865,570684,2.7
CMP0010,2024-10-13,640594,6982,0.0109,19070.48,29.77,440191,0.6872,418616,3.01
CMP0011,2024-07-13,910498,10106,0.0111,8913.78,9.79,588624,0.6465,713547,3.07
CMP0011,2024-07-14,1181954,2009,0.0017,11772.26,9.96,794332,0.672,762312,3.93
CMP0011,2024-07-15,739649,3846,0.0052,17026.72,23.02,594229,0.8034,454389,3.89
CMP0011,2024-07-16,876981,49900,0.0569,19889.93,22.68,641529,0.7315,519223,3.8
CMP0011,2024-07-17,685028,6439,0.0094,16940.74,24.73,500534,0.7307,533790,2.94
CMP0011,2024-07-18,741321,10675,0.0144,5582.15,7.53,417004,0.5625,564645,4.31
CMP0011,2024-07-19,798201,5747,0.0072,20649.46,25.87,560804,0.7026,607140,1.89
CMP0012,2024-10-28,277630,2026,0.0073,1732.41,6.24,204646,0.7371,178599,3.2
CMP0012,2024-10-29,232273,952,0.0041,5116.97,22.03,169277,0.7288,156079,1.12
CMP0012,2024-10-30,182025,9064,0.0498,1148.58,6.31,135769,0.7459,112616,4.42
CMP0012,2024-10-31,263453,2687,0.0102,7150.11,27.14,210602,0.7994,197995,4.19
CMP0012,2024-11-01,211156,5827,0.0276,1794.83,8.5,127768,0.6051,126267,2.89
CMP0012,2024-11-02,268685,7415,0.0276,3479.47,12.95,187233,0.6968,172835,2.48
CMP0012,2024-11-03,305542,6996,0.0229,9700.96,31.75,193581,0.6336,220298,3.98
CMP0012,2024-11-04,327034,1079,0.0033,9258.33,28.31,271780,0.831,187513,2.39
CMP0012,2024-11-05,285234,3394,0.0119,2127.85,7.46,157876,0.5535,169099,2.8
CMP0012,2024-11-06,287750,2618,0.0091,7593.72,26.39,218507,0.7594,219982,1.42
CMP0012,2024-11-07,226989,18794,0.0828,1613.89,7.11,142600,0.6282,174107,4.12
CMP0012,2024-11-08,271790,3044,0.0112,1959.61,7.21,156961,0.5775,212375,4.16
CMP0012,2024-11-09,310311,3227,0.0104,2128.73,6.86,277307,0.8936,195068,4.37
CMP0012,2024-11-10,251388,2413,0.0096,6425.48,25.56,204555,0.8137,163295,1.36
CMP0012,2024-11-11,289790,10055,0.0347,3549.93,12.25,248877,0.8588,187577,4.15
CMP0012,2024-11-12,310107,4620,0.0149,7954.24,25.65,186616,0.6018,247192,3.56
CMP0012,2024-11-13,279777,7022,0.0251,8765.41,31.33,159435,0.5699,184449,3.95
CMP0012,2024-11-14,306854,5799,0.0189,7975.14,25.99,277180,0.9033,199202,3.73
CMP0012,2024-11-15,281739,4169,0.0148,3693.6,13.11,258427,0.9173,189511,2.31
CMP0012,2024-11-16,269996,2105,0.0078,4652.03,17.23,216398,0.8015,193092,1.39
CMP0012,2024-11-17,263112,8709,0.0331,7038.25,26.75,214133,0.8138,150107,1.62
CMP0012,2024-11-18,299879,6957,0.0232,6741.28,22.48,247002,0.8237,188674,1.46
CMP0012,2024-11-19,273501,2570,0.0094,3831.75,14.01,186847,0.6832,168870,1.55
CMP0012,2024-11-20,270041,10234,0.0379,4771.62,17.67,203949,0.7553,176069,1.19
CMP0012,2024-11-21,275285,8010,0.0291,2317.9,8.42,212320,0.7713,173734,2.41
CMP0012,2024-11-22,266549,2478,0.0093,4286.11,16.08,154955,0.5813,206651,4.18
CMP0012,2024-11-23,246995,15857,0.0642,5154.79,20.87,151345,0.6127,159356,1.57
CMP0012,2024-11-24,296192,1510,0.0051,5574.33,18.82,169839,0.5734,195092,2.53
CMP0012,2024-11-25,263305,6371,0.0242,2106.44,8.0,169339,0.6431,161049,3.23
CMP0012,2024-11-26,291784,11233,0.0385,3232.97,11.08,172029,0.5896,182704,4.33
CMP0012,2024-11-27,220107,4336,0.0197,4868.77,22.12,186542,0.8475,139192,2.24
CMP0012,2024-11-28,329044,4409,0.0134,9328.4,28.35,299582,0.9105,192171,2.19
CMP0012,2024-11-29,239376,12471,0.0521,2685.8,11.22,159483,0.6662,189380,4.39
CMP0012,2024-11-30,218089,1657,0.0076,5249.4,24.07,159569,0.7317,151347,1.92
CMP0012,2024-12-01,272739,1172,0.0043,7426.68,27.23,189658,0.6954,157771,3.02
CMP0012,2024-12-02,271221,3281,0.0121,5475.95,20.19,217582,0.8022,186471,4.34
CMP0012,2024-12-03,276032,6928,0.0251,6740.7,24.42,196597,0.7122,171921,3.46
CMP0012,2024-12-04,268840,1693,0.0063,7175.34,26.69,188559,0.7014,181420,3.25
CMP0012,2024-12-05,244132,6591,0.027,5646.77,23.13,198879,0.8146,182432,1.35
CMP0012,2024-12-06,230132,3267,0.0142,4248.24,18.46,160700,0.6983,155719,4.23
CMP0012,2024-12-07,287865,4001,0.0139,5794.72,20.13,242545,0.8426,184199,4.14
CMP0012,2024-12-08,281424,8864,0.0315,6357.37,22.59,163632,0.5814,208883,3.34
CMP0013,2024-08-10,139069,3866,0.0278,3173.55,22.82,78767,0.5664,110685,3.4
CMP0013,2024-08-11,109389,2592,0.0237,2797.08,25.57,99250,0.9073,71935,1.14
CMP0013,2024-08-12,91860,1414,0.0154,1771.06,19.28,68156,0.742,63854,3.06
CMP0013,2024-08-13,71213,975,0.0137,1151.51,16.17,59517,0.8358,49645,2.8
CMP0013,2024-08-14,88023,1795,0.0204,584.47,6.64,51817,0.5887,57566,4.37
CMP0013,2024-08-15,94772,3136,0.0331,2886.76,30.46,57092,0.6024,59514,2.65
CMP0013,2024-08-16,105307,358,0.0034,1954.5,18.56,76471,0.7262,69454,3.47
CMP0013,2024-08-17,113512,5108,0.045,1567.6,13.81,96458,0.8498,65697,3.99
CMP0013,2024-08-18,101159,151,0.0015,2388.36,23.61,61789,0.6108,80520,1.93
CMP0013,2024-08-19,102525,1968,0.0192,1041.65,10.16,77626,0.7571,80955,1.89
CMP0013,2024-08-20,98009,1803,0.0184,1058.5,10.8,77130,0.787,64493,1.2
CMP0013,2024-08-21,111537,2063,0.0185,1241.41,11.13,85784,0.7691,72187,3.5
CMP0013,2024-08-22,72535,2698,0.0372,1853.99,25.56,61598,0.8492,41028,1.45
CMP0013,2024-08-23,88912,2418,0.0272,965.58,10.86,59625,0.6706,59072,1.99
CMP0013,2024-08-24,129164,5993,0.0464,2547.11,19.72,101583,0.7865,90316,3.18
CMP0013,2024-08-25,127137,1169,0.0092,1913.41,15.05,109699,0.8628,89547,3.87
CMP0013,2024-08-26,91016,1119,0.0123,1249.65,13.73,70752,0.7774,51987,1.56
CMP0013,2024-08-27,102638,1334,0.013,1430.77,13.94,63402,0.6177,74244,2.84
CMP0013,2024-08-28,99826,2395,0.024,956.33,9.58,69076,0.692,59540,3.26
CMP0013,2024-08-29,81651,1869,0.0229,1860.01,22.78,75115,0.92,56235,2.76
CMP0013,2024-08-30,86340,1424,0.0165,1224.3,14.18,61894,0.7169,48644,2.32
CMP0013,2024-08-31,121059,690,0.0057,1156.11,9.55,103097,0.8516,95752,2.82
CMP0013,2024-09-01,112904,3037,0.0269,2687.12,23.8,79459,0.7038,85803,2.76
CMP0013,2024-09-02,78603,1249,0.0159,534.5,6.8,65365,0.8316,48971,2.03
CMP0013,2024-09-03,101291,2947,0.0291,1050.39,10.37,72849,0.7192,74512,3.7
CMP0013,2024-09-04,102027,7172,0.0703,912.12,8.94,60426,0.5923,75885,3.9
CMP0013,2024-09-05,80574,1031,0.0128,2206.92,27.39,45556,0.5654,58798,2.96
CMP0013,2024-09-06,82210,1537,0.0187,711.94,8.66,70464,0.8571,60657,2.11
CMP0014,2024-08-11,672497,18157,0.027,11896.47,17.69,456607,0.679,507185,2.59
CMP0014,2024-08-12,511796,11617,0.0227,13393.7,26.17,326356,0.6377,385216,3.1
CMP0014,2024-08-13,460098,24569,0.0534,11263.2,24.48,360774,0.7841,272145,1.57
CMP0014,2024-08-14,644996,20575,0.0319,7340.05,11.38,368913,0.572,411316,2.06
CMP0014,2024-08-15,544589,2069,0.0038,7847.53,14.41,441389,0.8105,338915,2.01
CMP0014,2024-08-16,402758,5074,0.0126,12735.21,31.62,322746,0.8013,231105,4.37
CMP0014,2024-08-17,628722,7418,0.0118,18792.5,29.89,576676,0.9172,482080,1.53
CMP0014,2024-08-18,647980,21901,0.0338,8093.27,12.49,526947,0.8132,490598,3.69
CMP0014,2024-08-19,581528,1919,0.0033,10892.02,18.73,444082,0.7636,358907,2.51
CMP0014,2024-08-20,489589,2350,0.0048,11001.06,22.47,428706,0.8756,280668,2.85
CMP0014,2024-08-21,492560,13939,0.0283,14944.27,30.34,338170,0.6866,387922,2.21
CMP0014,2024-08-22,514964,1544,0.003,13456.01,26.13,422841,0.8211,377331,2.66
CMP0014,2024-08-23,470109,6581,0.014,7197.37,15.31,269575,0.5734,321369,1.84
CMP0014,2024-08-24,760633,17038,0.0224,8754.89,11.51,493923,0.6494,575864,2.25
CMP0014,2024-08-25,650395,10666,0.0164,13476.18,20.72,474511,0.7296,413608,3.42
CMP0014,2024-08-26,444893,10366,0.0233,3821.63,8.59,373727,0.84,295807,1.52
CMP0014,2024-08-27,564233,19861,0.0352,9857.15,17.47,310469,0.5502,445466,1.79
CMP0014,2024-08-28,714643,33659,0.0471,6739.08,9.43,564924,0.7905,421456,4.27
CMP0014,2024-08-29,449638,22167,0.0493,10350.67,23.02,288957,0.6426,289099,4.17
CMP0014,2024-08-30,427807,6973,0.0163,6973.25,16.3,283652,0.663,310100,1.9
CMP0014,2024-08-31,684633,27111,0.0396,16636.58,24.3,376823,0.5504,458157,1.55
CMP0014,2024-09-01,703096,19405,0.0276,16649.31,23.68,389118,0.5534,508970,3.88
CMP0014,2024-09-02,518570,24424,0.0471,8805.32,16.98,310574,0.5989,294395,2.4
CMP0014,2024-09-03,538047,12913,0.024,4659.49,8.66,358307,0.6659,414429,1.57
CMP0014,2024-09-04,404708,13314,0.0329,10352.43,25.58,242526,0.5993,323052,1.59
CMP0014,2024-09-05,505017,4242,0.0084,3141.21,6.22,399219,0.7905,333323,3.56
CMP0014,2024-09-06,388900,3072,0.0079,3865.67,9.94,273137,0.7023,280646,4.02
CMP0014,2024-09-07,573449,4243,0.0074,4937.4,8.61,475047,0.8284,399919,2.41
CMP0014,2024-09-08,744808,10129,0.0136,10561.38,14.18,448178,0.6017,461216,1.39
CMP0014,2024-09-09,494568,2967,0.006,10682.67,21.6,383195,0.7748,368325,3.45
CMP0014,2024-09-10,599052,20128,0.0336,13850.08,23.12,396338,0.6616,407018,2.83
CMP0014,2024-09-11,525225,5935,0.0113,7185.08,13.68,299478,0.5702,406775,4.35
CMP0014,2024-09-12,422492,3506,0.0083,3772.85,8.93,310466,0.7348,295103,2.9
CMP0014,2024-09-13,525579,4625,0.0088,16639.83,31.66,470683,0.8956,306410,4.03
CMP0014,2024-09-14,710598,4832,0.0068,11014.27,15.5,570388,0.8027,526326,4.35
CMP0014,2024-09-15,686209,19488,0.0284,4412.32,6.43,394561,0.575,422393,1.24
CMP0014,2024-09-16,597554,11592,0.0194,15847.13,26.52,440663,0.7374,422555,2.8
CMP0014,2024-09-17,474924,12870,0.0271,11516.91,24.25,275692,0.5805,324915,3.19
CMP0014,2024-09-18,626233,7577,0.0121,8804.84,14.06,462900,0.7392,376240,3.85
CMP0014,2024-09-19,555793,7058,0.0127,8981.61,16.16,436124,0.7847,421642,3.42
CMP0014,2024-09-20,516811,30491,0.059,12491.32,24.17,423828,0.8201,393612,1.3
CMP0014,2024-09-21,643321,12673,0.0197,11129.45,17.3,461742,0.7177,451745,2.15
CMP0015,2024-09-17,360152,1620,0.0045,9097.44,25.26,214000,0.5942,261821,3.49
CMP0015,2024-09-18,385640,6285,0.0163,11870.0,30.78,286727,0.7435,287589,3.55
CMP0015,2024-09-19,458819,12021,0.0262,4267.02,9.3,384956,0.839,283179,4.11
CMP0015,2024-09-20,384993,5466,0.0142,2602.55,6.76,326716,0.8486,237923,1.32
CMP0015,2024-09-21,485922,3984,0.0082,10199.5,20.99,281113,0.5785,322554,2.32
CMP0015,2024-09-22,455238,8421,0.0185,9441.64,20.74,312313,0.686,279415,1.45
CMP0015,2024-09-23,282324,6154,0.0218,6998.81,24.79,179137,0.6345,191191,1.25
CMP0015,2024-09-24,406665,31394,0.0772,5026.38,12.36,294650,0.7246,262601,1.61
CMP0015,2024-09-25,365192,3250,0.0089,10331.28,28.29,275559,0.7546,284297,3.62
CMP0015,2024-09-26,455745,5651,0.0124,6549.06,14.37,320851,0.704,332726,2.02
CMP0015,2024-09-27,401922,4260,0.0106,6306.16,15.69,295716,0.7358,311684,1.71
CMP0015,2024-09-28,501201,14835,0.0296,15797.86,31.52,452589,0.903,284297,2.68
CMP0015,2024-09-29,518896,5292,0.0102,14513.52,27.97,348231,0.6711,357142,1.13
CMP0015,2024-09-30,309132,2658,0.0086,6386.67,20.66,204783,0.6624,218148,2.68
CMP0016,2024-10-30,179227,13961,0.0779,3374.84,18.83,149809,0.8359,107331,4.16
CMP0016,2024-10-31,172815,3611,0.0209,2137.72,12.37,95456,0.5524,112763,1.89
CMP0016,2024-11-01,164067,3904,0.0238,4565.98,27.83,143487,0.8746,129243,1.1
CMP0016,2024-11-02,136862,2066,0.0151,3841.72,28.07,112099,0.8191,78830,2.9
CMP0016,2024-11-03,166309,2162,0.013,3124.95,18.79,95155,0.5722,132920,3.52
CMP0016,2024-11-04,228111,2577,0.0113,6831.92,29.95,201193,0.882,155101,3.48
CMP0016,2024-11-05,133767,1886,0.0141,4192.26,31.34,77773,0.5814,76768,1.55
CMP0016,2024-11-06,179221,4014,0.0224,1424.81,7.95,136224,0.7601,118061,4.38
CMP0016,2024-11-07,117189,2472,0.0211,1498.85,12.79,78112,0.6665,87915,3.48
CMP0016,2024-11-08,142393,4086,0.0287,2031.95,14.27,92644,0.6506,80974,1.79
CMP0016,2024-11-09,203776,2832,0.0139,4320.05,21.2,123794,0.6075,120450,2.68
CMP0016,2024-11-10,174093,1775,0.0102,3469.67,19.93,157887,0.9069,104788,2.15
CMP0016,2024-11-11,166613,549,0.0033,1519.51,9.12,101353,0.6083,120213,3.91
CMP0016,2024-11-12,140458,2795,0.0199,990.23,7.05,120694,0.8593,88762,1.41
CMP0016,2024-11-13,160922,5841,0.0363,2454.06,15.25,119079,0.74,115750,1.98
CMP0016,2024-11-14,165790,3581,0.0216,1129.03,6.81,115990,0.6996,109927,3.64
CMP0016,2024-11-15,176325,1163,0.0066,3175.61,18.01,149425,0.8474,103141,1.14
CMP0016,2024-11-16,136734,2939,0.0215,4313.96,31.55,81816,0.5984,103359,2.37
CMP0016,2024-11-17,209297,2448,0.0117,4763.6,22.76,160208,0.7655,128655,3.86
CMP0016,2024-11-18,195073,897,0.0046,1498.16,7.68,172429,0.8839,128915,1.54
CMP0016,2024-11-19,154349,2963,0.0192,4253.86,27.56,103826,0.6727,86539,2.67
CMP0016,2024-11-20,173445,4526,0.0261,3628.47,20.92,148126,0.854,112522,1.2
CMP0016,2024-11-21,147716,2717,0.0184,1549.54,10.49,92979,0.6294,88155,2.05
CMP0016,2024-11-22,172457,3052,0.0177,1189.95,6.9,134360,0.7791,105448,2.1
CMP0016,2024-11-23,142266,3599,0.0253,2890.85,20.32,81456,0.5726,88196,1.57
CMP0016,2024-11-24,173595,1336,0.0077,5034.26,29.0,129250,0.7445,122851,3.83
CMP0016,2024-11-25,147632,1048,0.0071,4682.89,31.72,123908,0.8393,94451,2.95
CMP0016,2024-11-26,182567,7941,0.0435,5427.72,29.73,134348,0.7359,118138,1.71
CMP0016,2024-11-27,189715,6753,0.0356,2217.77,11.69,167221,0.8814,141268,1.3
CMP0016,2024-11-28,145210,4908,0.0338,2870.8,19.77,121066,0.8337,116153,4.41
CMP0016,2024-11-29,117416,2512,0.0214,2709.96,23.08,76157,0.6486,88540,4.22
CMP0016,2024-11-30,171795,1941,0.0113,5481.98,31.91,108433,0.6312,130843,3.81
CMP0016,2024-12-01,151972,4969,0.0327,4227.86,27.82,131111,0.8627,90275,3.11
CMP0016,2024-12-02,188735,6643,0.0352,4556.06,24.14,167629,0.8882,105135,3.48
CMP0016,2024-12-03,134141,2884,0.0215,2770.01,20.65,101725,0.7583,80090,4.46
CMP0016,2024-12-04,167299,853,0.0051,3145.22,18.8,111145,0.6643,112526,1.41
CMP0016,2024-12-05,209060,439,0.0021,2443.91,11.69,155704,0.7448,115018,4.22
CMP0016,2024-12-06,174747,5050,0.0289,1640.87,9.39,142465,0.8153,136249,3.97
CMP0016,2024-12-07,135953,4391,0.0323,893.21,6.57,104282,0.767,105948,3.73
CMP0016,2024-12-08,198712,2642,0.0133,5639.45,28.38,179915,0.9054,127850,4.3
CMP0016,2024-12-09,176396,2257,0.0128,1522.3,8.63,116712,0.6616,103035,1.64
CMP0016,2024-12-10,130319,1029,0.0079,3465.18,26.59,117996,0.9054,92825,1.69
CMP0017,2024-12-14,1462835,20918,0.0143,35151.93,24.03,1307295,0.8937,1092369,1.86
CMP0017,2024-12-15,1154638,65929,0.0571,12192.98,10.56,766130,0.6635,833792,1.53
CMP0017,2024-12-16,2152843,55543,0.0258,66027.69,30.67,1939750,0.901,1394827,4.48
CMP0017,2024-12-17,1888779,20021,0.0106,12919.25,6.84,1459806,0.7729,1473737,4.39
CMP0017,2024-12-18,2140242,18406,0.0086,44303.01,20.7,1918886,0.8966,1252385,3.63
CMP0017,2024-12-19,2118751,19280,0.0091,66825.41,31.54,1296926,0.6121,1634256,1.4
CMP0017,2024-12-20,2202802,35024,0.0159,49827.38,22.62,1934196,0.8781,1457500,2.0
CMP0017,2024-12-21,1661068,8139,0.0049,12889.89,7.76,1071328,0.645,958450,1.1
CMP0017,2024-12-22,1980426,25151,0.0127,49609.67,25.05,1799351,0.9086,1527181,2.78
CMP0017,2024-12-23,2137981,4917,0.0023,43187.22,20.2,1256124,0.5875,1432174,4.04
CMP0017,2024-12-24,1599163,19189,0.012,38172.02,23.87,975781,0.6102,909007,3.98
CMP0017,2024-12-25,2099474,28132,0.0134,30001.48,14.29,1893966,0.9021,1193656,1.68
CMP0017,2024-12-26,1735577,10934,0.0063,43441.49,25.03,1305860,0.7524,1344258,1.42
CMP0017,2024-12-27,1192035,21695,0.0182,26165.17,21.95,868531,0.7286,664855,4.3
CMP0017,2024-12-28,1658445,35324,0.0213,48310.5,29.13,1008547,0.6081,954127,1.8
CMP0017,2024-12-29,1322558,9522,0.0072,31913.32,24.13,1080733,0.8172,968765,2.0
CMP0017,2024-12-30,1944773,21392,0.011,23687.34,12.18,1105341,0.5684,1347615,3.96
CMP0017,2024-12-31,1737116,33005,0.019,26716.84,15.38,1230250,0.7082,1083330,3.35
CMP0018,2024-11-19,1281703,29735,0.0232,14342.26,11.19,717141,0.5595,759675,2.09
CMP0018,2024-11-20,1138357,9106,0.008,31805.69,27.94,755972,0.6641,739211,2.76
CMP0018,2024-11-21,973205,4379,0.0045,8145.73,8.37,731194,0.7513,580244,4.11
CMP0018,2024-11-22,1037531,14940,0.0144,18250.17,17.59,671717,0.6474,691270,1.87
CMP0018,2024-11-23,844906,21038,0.0249,6421.29,7.6,699858,0.8283,605685,1.39
CMP0018,2024-11-24,919164,18934,0.0206,18456.81,20.08,835668,0.9092,641054,2.98
CMP0018,2024-11-25,1166590,7932,0.0068,31824.58,27.28,822322,0.7049,797805,4.05
CMP0018,2024-11-26,1089474,62862,0.0577,31507.59,28.92,791194,0.7262,620715,4.17
CMP0018,2024-11-27,1450997,73130,0.0504,27641.49,19.05,1281474,0.8832,1088411,3.4
CMP0018,2024-11-28,1063490,33606,0.0316,9709.66,9.13,882866,0.8302,630883,4.45
CMP0018,2024-11-29,1016625,5794,0.0057,27469.21,27.02,606608,0.5967,666747,4.46
CMP0018,2024-11-30,909796,21380,0.0235,29049.79,31.93,711527,0.7821,690104,1.98
CMP0018,2024-12-01,950572,9125,0.0096,28298.53,29.77,546383,0.5748,615043,2.45
CMP0018,2024-12-02,1343080,13833,0.0103,17701.79,13.18,966370,0.7195,1031977,3.77
CMP0019,2024-07-19,266783,5975,0.0224,5226.28,19.59,188148,0.7052,174372,1.6
CMP0019,2024-07-20,302168,4804,0.0159,7771.76,25.72,271247,0.8977,236063,3.01
CMP0019,2024-07-21,236639,6318,0.0267,3180.43,13.44,177049,0.7482,150494,2.5
CMP0019,2024-07-22,303040,3788,0.0125,5645.64,18.63,234951,0.7753,169510,2.04
CMP0019,2024-07-23,342482,2671,0.0078,7476.38,21.83,276264,0.8067,191685,4.12
CMP0019,2024-07-24,346454,6478,0.0187,4219.81,12.18,286145,0.8259,270306,4.15
CMP0019,2024-07-25,342673,1610,0.0047,9337.84,27.25,226894,0.6621,212486,2.77
CMP0019,2024-07-26,398155,9436,0.0237,3404.23,8.55,346989,0.8715,232361,4.41
CMP0019,2024-07-27,256691,5441,0.0212,7051.3,27.47,166768,0.6497,167925,3.29
CMP0019,2024-07-28,258703,620,0.0024,2975.08,11.5,221157,0.8549,190207,3.68
CMP0019,2024-07-29,300547,4027,0.0134,8219.96,27.35,222600,0.7406,177245,2.16
CMP0019,2024-07-30,302276,3445,0.0114,2880.69,9.53,261462,0.865,232702,1.2
CMP0019,2024-07-31,312155,967,0.0031,8634.21,27.66,268353,0.8597,191155,2.65
CMP0019,2024-08-01,326802,9248,0.0283,7947.82,24.32,212869,0.6514,247021,2.82
CMP0019,2024-08-02,373548,5080,0.0136,3444.11,9.22,209675,0.5613,240234,3.12
CMP0019,2024-08-03,326989,10856,0.0332,9361.7,28.63,250848,0.7671,208435,1.66
CMP0019,2024-08-04,243494,12418,0.051,6201.79,25.47,195982,0.8049,151274,2.41
CMP0019,2024-08-05,354680,8193,0.0231,7405.72,20.88,321701,0.907,271074,3.3
CMP0019,2024-08-06,315451,2681,0.0085,4100.86,13.0,221294,0.7015,175079,3.75
CMP0019,2024-08-07,330985,15324,0.0463,2062.04,6.23,293669,0.8873,235609,3.14
CMP0019,2024-08-08,321579,3505,0.0109,4039.03,12.56,272660,0.8479,201425,4.39
CMP0019,2024-08-09,333227,9163,0.0275,5671.52,17.02,229692,0.6893,212324,1.96
CMP0019,2024-08-10,315203,9424,0.0299,7441.94,23.61,269496,0.855,204657,1.45
CMP0019,2024-08-11,234023,4657,0.0199,5434.01,23.22,201731,0.862,150607,3.3
CMP0019,2024-08-12,312933,1157,0.0037,4305.96,13.76,184630,0.59,177107,4.46
CMP0019,2024-08-13,342674,12678,0.037,9731.94,28.4,221581,0.6466,249389,4.13
CMP0019,2024-08-14,318396,5826,0.0183,3152.12,9.9,265295,0.8332,246731,3.84
CMP0019,2024-08-15,295426,7178,0.0243,6381.2,21.6,234685,0.7944,212762,3.55
CMP0019,2024-08-16,334951,7636,0.0228,10694.99,31.93,216374,0.646,219272,2.42
CMP0019,2024-08-17,297610,19910,0.0669,7264.66,24.41,226676,0.7617,177815,3.57
CMP0019,2024-08-18,196621,5505,0.028,3912.76,19.9,165242,0.8404,152702,3.38
CMP0019,2024-08-19,374935,20396,0.0544,10490.68,27.98,322832,0.861,288371,1.72
CMP0019,2024-08-20,260128,3927,0.0151,2426.99,9.33,167964,0.6457,195638,3.69
CMP0019,2024-08-21,385395,9634,0.025,9122.3,23.67,259827,0.6742,220571,2.31
CMP0019,2024-08-22,333172,6130,0.0184,4657.74,13.98,280395,0.8416,210840,1.99
CMP0019,2024-08-23,316307,632,0.002,8897.72,28.13,229037,0.7241,242480,3.08
CMP0019,2024-08-24,301952,5888,0.0195,2370.32,7.85,265442,0.8791,203853,4.05
CMP0019,2024-08-25,315142,4096,0.013,4336.35,13.76,179631,0.57,240629,1.57
CMP0019,2024-08-26,329936,2672,0.0081,5490.14,16.64,250975,0.7607,256246,2.66
CMP0019,2024-08-27,329469,5600,0.017,8108.23,24.61,276163,0.8382,221368,3.25
CMP0019,2024-08-28,263716,7225,0.0274,5933.61,22.5,145503,0.5517,163077,3.69
CMP0019,2024-08-29,362715,3699,0.0102,9387.06,25.88,265196,0.7311,268732,1.4
CMP0020,2024-10-30,185679,4307,0.0232,4172.21,22.47,129837,0.6993,146933,2.4
CMP0020,2024-10-31,158997,174,0.0011,1777.59,11.18,109397,0.688,88007,2.2
CMP0020,2024-11-01,154776,4937,0.0319,1694.8,10.95,123882,0.8004,109375,1.95
CMP0020,2024-11-02,213731,683,0.0032,3195.28,14.95,127747,0.5977,138046,3.1
CMP0020,2024-11-03,188034,3516,0.0187,5155.89,27.42,124165,0.6603,117090,3.57
CMP0020,2024-11-04,183269,1905,0.0104,2708.72,14.78,161011,0.8786,146407,2.27
CMP0020,2024-11-05,176007,18850,0.1071,2699.95,15.34,109074,0.6197,138521,4.22
CMP0020,2024-11-06,128281,3399,0.0265,1531.68,11.94,105068,0.819,74762,3.6
CMP0020,2024-11-07,193320,12449,0.0644,2008.59,10.39,132547,0.6856,137766,1.23
CMP0020,2024-11-08,174436,9454,0.0542,2206.62,12.65,130452,0.7479,98058,4.48
CMP0020,2024-11-09,188773,622,0.0033,4339.89,22.99,105204,0.5573,136376,2.52
CMP0020,2024-11-10,224890,7398,0.0329,4549.52,20.23,163163,0.7255,132298,3.46
CMP0020,2024-11-11,170483,1500,0.0088,2357.78,13.83,135502,0.7948,122001,2.02
CMP0020,2024-11-12,143181,7330,0.0512,1370.24,9.57,122755,0.8573,82504,3.54
CMP0020,2024-11-13,159717,399,0.0025,1431.06,8.96,94124,0.5893,95776,1.78
CMP0020,2024-11-14,233222,2705,0.0116,4571.15,19.6,145674,0.6246,169286,2.1
CMP0020,2024-11-15,181285,2229,0.0123,3428.1,18.91,113637,0.6268,141997,2.22
CMP0020,2024-11-16,151752,1563,0.0103,3560.1,23.46,134383,0.8855,115150,3.37
CMP0020,2024-11-17,225245,3063,0.0136,1878.54,8.34,166530,0.7393,164629,1.44
CMP0020,2024-11-18,139720,600,0.0043,1678.04,12.01,127956,0.9158,87186,2.68
CMP0020,2024-11-19,185574,7051,0.038,1955.95,10.54,104774,0.5646,115546,3.83
CMP0020,2024-11-20,152699,1206,0.0079,3848.01,25.2,89351,0.5851,112928,1.26
CMP0020,2024-11-21,168813,3697,0.0219,3924.9,23.25,103497,0.6131,107935,2.59
CMP0020,2024-11-22,176995,1663,0.0094,5104.54,28.84,103434,0.5844,133408,1.72
CMP0020,2024-11-23,173884,3442,0.0198,5393.88,31.02,113125,0.6506,112403,3.99
CMP0020,2024-11-24,169472,864,0.0051,3875.82,22.87,143179,0.8449,97999,3.47
CMP0020,2024-11-25,140720,2026,0.0144,4291.96,30.5,85695,0.609,92031,3.11
CMP0020,2024-11-26,171820,4261,0.0248,4061.82,23.64,106024,0.6171,110813,2.32
CMP0021,2024-07-14,699175,9788,0.014,16640.36,23.8,601471,0.8603,554698,1.54
CMP0021,2024-07-15,916600,45830,0.05,8194.4,8.94,643613,0.7022,514664,1.99
CMP0021,2024-07-16,815667,20717,0.0254,19837.02,24.32,653213,0.8008,605128,3.06
CMP0021,2024-07-17,1020824,14087,0.0138,32084.5,31.43,814456,0.7978,647789,2.88
CMP0021,2024-07-18,898202,40508,0.0451,7616.75,8.48,713921,0.7948,549829,2.28
CMP0021,2024-07-19,873239,32571,0.0373,13980.56,16.01,751371,0.8604,602173,4.46
CMP0021,2024-07-20,761835,35730,0.0469,17316.51,22.73,463243,0.6081,580679,4.0
CMP0022,2024-08-16,446853,5585,0.0125,3552.48,7.95,327056,0.7319,272679,4.4
CMP0022,2024-08-17,704372,5775,0.0082,8304.55,11.79,555064,0.788,458418,1.9
CMP0022,2024-08-18,679564,18688,0.0275,18232.7,26.83,486429,0.7158,519286,2.62
CMP0022,2024-08-19,530004,11183,0.0211,10032.98,18.93,419629,0.7917,305102,2.5
CMP0022,2024-08-20,417551,8351,0.02,2505.31,6.0,243695,0.5836,292724,3.2
CMP0022,2024-08-21,465811,8431,0.0181,8952.89,19.22,291846,0.6265,334391,4.33
CMP0022,2024-08-22,478289,12531,0.0262,3544.12,7.41,302508,0.6325,317399,3.0
CMP0022,2024-08-23,417776,7102,0.017,7645.3,18.3,331359,0.7931,304549,1.49
CMP0022,2024-08-24,571500,5772,0.0101,6726.55,11.77,386506,0.6763,432894,4.38
CMP0022,2024-08-25,628936,2327,0.0037,12308.28,19.57,509296,0.8098,353112,1.66
CMP0022,2024-08-26,358081,15934,0.0445,8823.12,24.64,292543,0.817,206519,3.18
CMP0022,2024-08-27,489263,4256,0.0087,14770.85,30.19,340219,0.6954,324998,3.76
CMP0022,2024-08-28,536367,14857,0.0277,4720.03,8.8,377255,0.7034,419254,3.95
CMP0022,2024-08-29,673228,6395,0.0095,17557.79,26.08,482493,0.7167,481098,4.35
CMP0022,2024-08-30,500076,3500,0.007,9486.44,18.97,373174,0.7462,281114,4.28
CMP0022,2024-08-31,722844,9396,0.013,13415.98,18.56,533518,0.7381,564028,1.7
CMP0022,2024-09-01,581469,26980,0.0464,14530.91,24.99,347428,0.5975,376124,3.14
CMP0022,2024-09-02,417621,19795,0.0474,7980.74,19.11,289129,0.6923,331956,4.21
CMP0022,2024-09-03,459973,15961,0.0347,6030.25,13.11,416979,0.9065,364585,2.64
CMP0022,2024-09-04,434512,19683,0.0453,7269.39,16.73,351522,0.809,320281,2.12
CMP0022,2024-09-05,513431,5185,0.0101,14571.17,28.38,417621,0.8134,402467,3.25
CMP0023,2024-08-30,1994900,36905,0.0185,44346.63,22.23,1311675,0.6575,1269401,3.39
CMP0023,2024-08-31,2734254,66989,0.0245,62614.42,22.9,2473353,0.9046,1848282,3.46
CMP0023,2024-09-01,1948351,9936,0.0051,17535.16,9.0,1325517,0.6803,1305575,3.04
CMP0023,2024-09-02,2296521,33758,0.0147,38696.38,16.85,1898560,0.8267,1746153,2.07
CMP0023,2024-09-03,1606571,27472,0.0171,43409.55,27.02,1194341,0.7434,893764,1.59
CMP0023,2024-09-04,1721902,27033,0.0157,19285.3,11.2,1424991,0.8276,1016324,2.07
CMP0023,2024-09-05,2264642,103720,0.0458,63002.34,27.82,1824214,0.8055,1412650,3.66
CMP0023,2024-09-06,1682237,6056,0.0036,45689.56,27.16,989016,0.5879,1290290,3.61
CMP0023,2024-09-07,2324429,13016,0.0056,58808.05,25.3,1761150,0.7577,1416504,3.77
CMP0023,2024-09-08,2552329,1531,0.0006,34405.39,13.48,2031303,0.7959,1994954,2.42
CMP0023,2024-09-09,2165586,73413,0.0339,67934.43,31.37,1441591,0.6657,1489990,1.14
CMP0023,2024-09-10,2243768,18623,0.0083,49654.59,22.13,1882391,0.8389,1722158,3.92
CMP0023,2024-09-11,1943255,35755,0.0184,47259.96,24.32,1534440,0.7896,1435631,2.96
CMP0023,2024-09-12,2222622,26226,0.0118,58188.24,26.18,2015445,0.9068,1385903,1.7
CMP0024,2024-10-08,1624626,73433,0.0452,17643.44,10.86,998014,0.6143,1102246,2.38
CMP0024,2024-10-09,2292628,76803,0.0335,46930.1,20.47,1371277,0.5981,1595661,1.97
CMP0024,2024-10-10,1824309,17695,0.0097,44604.36,24.45,1107862,0.6073,1073470,2.2
CMP0024,2024-10-11,1866011,25191,0.0135,56428.17,30.24,1451337,0.7778,1335079,2.77
CMP0024,2024-10-12,2155287,37501,0.0174,32997.44,15.31,1810638,0.8401,1356677,1.85
CMP0024,2024-10-13,2189071,15542,0.0071,17009.08,7.77,1613130,0.7369,1431614,2.93
CMP0024,2024-10-14,2160226,7992,0.0037,25382.66,11.75,1358654,0.6289,1367360,2.33
CMP0024,2024-10-15,2282722,26936,0.0118,58369.2,25.57,1703560,0.7463,1824255,3.9
CMP0024,2024-10-16,2059465,18329,0.0089,12830.47,6.23,1642438,0.7975,1362164,4.18
CMP0024,2024-10-17,2084386,8337,0.004,46169.15,22.15,1885935,0.9048,1502087,2.19
CMP0024,2024-10-18,1971503,196361,0.0996,60268.85,30.57,1365806,0.6928,1350596,2.06
CMP0024,2024-10-19,2020468,15355,0.0076,55300.21,27.37,1391565,0.6887,1516773,2.61
CMP0024,2024-10-20,2267109,31512,0.0139,66562.32,29.36,1408395,0.6212,1538173,4.32
CMP0024,2024-10-21,1859262,30305,0.0163,57376.83,30.86,1392681,0.7491,1026001,1.32
CMP0024,2024-10-22,2089181,44708,0.0214,54548.52,26.11,1817653,0.87,1370612,1.45
CMP0024,2024-10-23,2518317,89400,0.0355,61119.55,24.27,2294697,0.9112,1873128,3.3
CMP0024,2024-10-24,2194320,79214,0.0361,55779.61,25.42,1331709,0.6069,1458797,2.23
CMP0024,2024-10-25,1865815,10635,0.0057,13825.69,7.41,1574485,0.8439,1286518,3.05
CMP0024,2024-10-26,2166279,35310,0.0163,27555.07,12.72,1502470,0.6936,1532760,2.57
CMP0024,2024-10-27,1846341,5723,0.0031,43407.48,23.51,1380857,0.7479,1311558,3.2
CMP0024,2024-10-28,2496079,62152,0.0249,52991.76,21.23,2020142,0.8093,1418140,4.26
CMP0025,2024-09-14,3201066,34891,0.0109,84700.21,26.46,2117504,0.6615,1829813,3.7
CMP0025,2024-09-15,3107043,32313,0.0104,50551.59,16.27,2468444,0.7945,2077048,2.91
CMP0025,2024-09-16,1614483,25508,0.0158,26106.19,16.17,1364350,0.8451,1108231,4.36
CMP0025,2024-09-17,2309408,6235,0.0027,54525.12,23.61,2051314,0.8882,1729179,3.58
CMP0025,2024-09-18,1840984,61488,0.0334,56499.8,30.69,1389581,0.7548,1268009,1.52
CMP0025,2024-09-19,2383320,34796,0.0146,51265.21,21.51,1784501,0.7487,1875064,2.14
CMP0025,2024-09-20,1920881,21321,0.0111,56646.78,29.49,1300868,0.6772,1254649,3.3
CMP0025,2024-09-21,2889183,32936,0.0114,29411.88,10.18,1825072,0.6317,2191985,1.76
CMP0025,2024-09-22,2527640,62685,0.0248,67715.48,26.79,2187250,0.8653,1928202,4.27
CMP0025,2024-09-23,2194246,108176,0.0493,39474.49,17.99,1653092,0.7534,1366276,1.33
CMP0025,2024-09-24,1864098,10066,0.0054,46360.12,24.87,1361277,0.7303,1179438,1.54
CMP0025,2024-09-25,1733040,25475,0.0147,14904.14,8.6,1350420,0.7792,1343157,2.18
CMP0025,2024-09-26,2365087,59363,0.0251,52079.22,22.02,1568289,0.6631,1646201,3.02
CMP0025,2024-09-27,2014848,103764,0.0515,28651.14,14.22,1427466,0.7085,1110600,1.94
CMP0026,2024-11-13,317430,6285,0.0198,8011.93,25.24,225808,0.7114,241255,1.56
CMP0026,2024-11-14,302416,1209,0.004,8718.65,28.83,218118,0.7213,193451,2.14
CMP0026,2024-11-15,313601,2414,0.0077,3314.76,10.57,242868,0.7744,238477,4.02
CMP0026,2024-11-16,305485,8461,0.0277,6109.7,20.0,197770,0.6474,235707,1.36
CMP0026,2024-11-17,353112,8651,0.0245,2288.17,6.48,260475,0.7377,196965,3.08
CMP0026,2024-11-18,226745,1156,0.0051,4838.74,21.34,200744,0.8853,155977,2.95
CMP0026,2024-11-19,285023,6242,0.0219,5207.37,18.27,238513,0.8368,182829,1.86
CMP0026,2024-11-20,275951,10513,0.0381,6915.33,25.06,181484,0.6577,183831,2.84
CMP0026,2024-11-21,266928,8061,0.0302,5087.65,19.06,212258,0.7952,203397,3.84
CMP0026,2024-11-22,312616,3595,0.0115,3223.07,10.31,231407,0.7402,206812,1.71
CMP0026,2024-11-23,322435,580,0.0018,7461.15,23.14,292791,0.9081,236660,2.74
CMP0026,2024-11-24,294403,2296,0.0078,3441.57,11.69,215040,0.7304,166548,2.36
CMP0026,2024-11-25,280236,7174,0.0256,3189.09,11.38,248249,0.8859,179438,2.7
CMP0026,2024-11-26,236040,5240,0.0222,1701.85,7.21,215461,0.9128,148945,3.49
CMP0027,2024-11-23,748727,2845,0.0038,20642.4,27.57,643083,0.8589,461087,2.95
CMP0027,2024-11-24,824878,2309,0.0028,18972.19,23.0,565173,0.6852,588413,3.94
CMP0027,2024-11-25,874993,17499,0.02,13807.39,15.78,774963,0.8857,594201,2.3
CMP0027,2024-11-26,848562,5600,0.0066,15834.17,18.66,618076,0.7284,594886,2.81
CMP0027,2024-11-27,825923,15775,0.0191,8515.27,10.31,477815,0.5785,587123,1.82
CMP0027,2024-11-28,865968,6321,0.0073,13353.23,15.42,706112,0.8154,501899,1.88
CMP0027,2024-11-29,1125899,6079,0.0054,27843.48,24.73,819835,0.7282,754018,1.82
CMP0027,2024-11-30,772936,4714,0.0061,21387.14,27.67,431534,0.5583,433451,3.05
CMP0027,2024-12-01,950239,9407,0.0099,21256.85,22.37,536410,0.5645,658579,1.29
CMP0027,2024-12-02,722115,18197,0.0252,7712.19,10.68,653187,0.9045,505364,3.02
CMP0027,2024-12-03,1033353,5580,0.0054,25534.15,24.71,821356,0.7948,641571,1.39
CMP0027,2024-12-04,971166,19034,0.0196,30892.79,31.81,845790,0.8709,575553,3.92
CMP0027,2024-12-05,994476,16209,0.0163,26512.73,26.66,848852,0.8536,592181,3.34
CMP0027,2024-12-06,973935,15485,0.0159,24182.81,24.83,659147,0.6768,646076,3.11
CMP0028,2024-08-22,858765,13482,0.0157,13757.42,16.02,506818,0.5902,515763,4.02
CMP0028,2024-08-23,791887,22014,0.0278,13390.81,16.91,479359,0.6053,454602,2.72
CMP0028,2024-08-24,748147,38080,0.0509,5244.51,7.01,628466,0.84,505621,1.5
CMP0028,2024-08-25,746871,15983,0.0214,7013.12,9.39,577544,0.7733,565292,4.15
CMP0028,2024-08-26,876637,10168,0.0116,20057.45,22.88,651478,0.7432,563321,1.25
CMP0028,2024-08-27,799678,6957,0.0087,9572.15,11.97,677208,0.8469,597670,2.4
CMP0028,2024-08-28,928639,24516,0.0264,23475.99,25.28,772413,0.8318,672498,1.43
CMP0028,2024-08-29,866253,3984,0.0046,15947.72,18.41,550962,0.636,662478,2.06
CMP0028,2024-08-30,1015258,37158,0.0366,16873.59,16.62,629396,0.6199,738384,3.78
CMP0028,2024-08-31,712578,3349,0.0047,6455.96,9.06,393814,0.5527,508521,3.44
CMP0028,2024-09-01,885512,3896,0.0044,13654.6,15.42,537743,0.6073,631276,1.96
CMP0028,2024-09-02,1049257,12591,0.012,17847.86,17.01,719043,0.6853,649374,3.41
CMP0028,2024-09-03,592918,15475,0.0261,9925.45,16.74,498052,0.84,397620,2.36
CMP0028,2024-09-04,748065,38375,0.0513,9425.62,12.6,496312,0.6635,475835,3.5
CMP0028,2024-09-05,748158,25961,0.0347,21120.5,28.23,593988,0.7939,551357,2.62
CMP0028,2024-09-06,767672,9365,0.0122,7837.93,10.21,483133,0.6293,499094,2.25
CMP0028,2024-09-07,606701,3700,0.0061,14633.63,24.12,492345,0.8115,358065,4.38
CMP0028,2024-09-08,874328,10841,0.0124,7318.13,8.37,527894,0.6038,683257,2.58
CMP0028,2024-09-09,642614,8225,0.0128,7563.57,11.77,372468,0.5796,359503,2.41
CMP0028,2024-09-10,852347,15257,0.0179,18717.54,21.96,633099,0.7428,620424,3.13
CMP0028,2024-09-11,827770,72843,0.088,22622.95,27.33,651378,0.7869,546115,1.79
CMP0029,2024-12-07,939477,8361,0.0089,25271.93,26.9,616130,0.6558,524606,3.14
CMP0029,2024-12-08,1094161,12692,0.0116,13151.82,12.02,670401,0.6127,611652,1.91
CMP0029,2024-12-09,1182887,22001,0.0186,11935.33,10.09,1086863,0.9188,881154,2.3
CMP0029,2024-12-10,790085,22359,0.0283,16781.41,21.24,585899,0.7416,580105,1.33
CMP0029,2024-12-11,1110594,21101,0.019,14881.96,13.4,951793,0.857,864877,2.28
CMP0029,2024-12-12,698476,18719,0.0268,9212.9,13.19,540868,0.7744,418129,4.26
CMP0029,2024-12-13,746833,16579,0.0222,9551.99,12.79,523260,0.7006,430636,1.35
CMP0029,2024-12-14,762360,23023,0.0302,23343.46,30.62,645786,0.8471,601637,4.08
CMP0029,2024-12-15,828232,17310,0.0209,17351.46,20.95,668259,0.8069,655557,3.01
CMP0029,2024-12-16,767703,37694,0.0491,19722.29,25.69,695276,0.9057,510301,2.67
CMP0029,2024-12-17,903720,50156,0.0555,6063.96,6.71,535923,0.593,512308,3.25
CMP0029,2024-12-18,911228,47110,0.0517,21504.98,23.6,578697,0.6351,573101,4.35
CMP0029,2024-12-19,763144,13889,0.0182,4769.65,6.25,654705,0.8579,467093,1.42
CMP0029,2024-12-20,989583,11776,0.0119,27065.1,27.35,572108,0.5781,774694,2.72
CMP0029,2024-12-21,623108,18568,0.0298,18225.91,29.25,404744,0.6496,490248,3.42
CMP0029,2024-12-22,675875,11625,0.0172,12821.35,18.97,421662,0.6239,495995,4.07
CMP0029,2024-12-23,951966,5140,0.0054,10728.66,11.27,611530,0.6424,670802,1.63
CMP0029,2024-12-24,1064030,18620,0.0175,31835.78,29.92,851277,0.8,761692,3.19
CMP0029,2024-12-25,878119,41447,0.0472,17632.63,20.08,496696,0.5656,588842,3.21
CMP0029,2024-12-26,1065744,14387,0.0135,33698.83,31.62,939868,0.8819,817630,2.77
CMP0029,2024-12-27,892879,24197,0.0271,26625.65,29.82,583673,0.6537,540658,3.06
CMP0029,2024-12-28,907617,4810,0.0053,24305.98,26.78,659817,0.727,621891,2.81
CMP0029,2024-12-29,756952,8250,0.0109,18045.74,23.84,465280,0.6147,601115,3.47
CMP0029,2024-12-30,777798,12989,0.0167,18604.93,23.92,431190,0.5544,468769,3.08
CMP0029,2024-12-31,749132,29515,0.0394,16428.46,21.93,484006,0.6461,514759,1.91
CMP0030,2024-09-01,429987,2665,0.0062,9433.91,21.94,294709,0.6854,290109,1.82
CMP0030,2024-09-02,325064,3380,0.0104,5097.0,15.68,281538,0.8661,201509,1.71
CMP0030,2024-09-03,436168,12997,0.0298,9146.44,20.97,276778,0.6346,250782,2.02
CMP0030,2024-09-04,353410,9259,0.0262,6092.79,17.24,244180,0.6909,207261,4.36
CMP0030,2024-09-05,479593,10838,0.0226,12925.03,26.95,295115,0.6153,323677,4.48
CMP0030,2024-09-06,434863,7044,0.0162,8453.74,19.44,355112,0.8166,324552,2.12
CMP0030,2024-09-07,377357,8905,0.0236,7833.93,20.76,263172,0.6974,272691,1.3
CMP0030,2024-09-08,439459,14765,0.0336,8081.65,18.39,344117,0.783,291125,2.24
CMP0030,2024-09-09,364834,6129,0.0168,7504.64,20.57,326447,0.8948,224164,1.17
CMP0030,2024-09-10,458697,1743,0.0038,13095.8,28.55,415741,0.9064,275098,3.06
CMP0030,2024-09-11,431939,10236,0.0237,4552.64,10.54,362273,0.8387,275912,3.39
CMP0030,2024-09-12,409417,12773,0.0312,10296.84,25.15,359944,0.8792,264183,2.07
CMP0030,2024-09-13,365524,11916,0.0326,3571.17,9.77,223701,0.612,274848,2.25
CMP0030,2024-09-14,416423,707,0.0017,8686.58,20.86,359828,0.8641,236459,1.65
CMP0030,2024-09-15,427177,4058,0.0095,6083.0,14.24,280997,0.6578,263511,3.29
CMP0030,2024-09-16,331972,13776,0.0415,5832.75,17.57,288562,0.8692,212724,3.1
CMP0030,2024-09-17,319075,12794,0.0401,5347.7,16.76,197200,0.618,177333,3.57
CMP0030,2024-09-18,467524,27911,0.0597,14236.11,30.45,378347,0.8093,266496,1.67
CMP0030,2024-09-19,502397,5375,0.0107,3848.36,7.66,439655,0.8751,345201,1.19
CMP0030,2024-09-20,486663,16741,0.0344,12599.71,25.89,282655,0.5808,299596,1.63
CMP0030,2024-09-21,575922,15492,0.0269,16713.26,29.02,382681,0.6645,352377,2.07
CMP0031,2024-11-19,2227247,128289,0.0576,20958.39,9.41,1915992,0.8603,1240894,3.36
CMP0031,2024-11-20,1723604,12754,0.0074,24923.31,14.46,1251642,0.7262,1368102,2.94
CMP0031,2024-11-21,1929489,15242,0.0079,33901.12,17.57,1753385,0.9087,1397732,1.7
CMP0031,2024-11-22,1782784,23176,0.013,39952.19,22.41,1399957,0.7853,1231896,2.88
CMP0031,2024-11-23,2325622,26279,0.0113,32674.99,14.05,1577823,0.6785,1592858,3.84
CMP0031,2024-11-24,2193659,26982,0.0123,34023.65,15.51,1417385,0.6461,1372996,1.1
CMP0031,2024-11-25,1746675,56592,0.0324,48994.23,28.05,1182913,0.6772,1165555,1.13
CMP0031,2024-11-26,2041184,32250,0.0158,62501.05,30.62,1482950,0.7265,1127311,2.56
CMP0031,2024-11-27,1642387,32026,0.0195,19725.07,12.01,907699,0.5527,1056729,2.5
CMP0031,2024-11-28,1850824,37571,0.0203,30094.4,16.26,1129760,0.6104,1359022,2.43
CMP0031,2024-11-29,1667904,40363,0.0242,21415.89,12.84,1177921,0.7062,1017238,3.7
CMP0031,2024-11-30,2384833,60097,0.0252,64390.49,27.0,1915776,0.8033,1481384,3.63
CMP0031,2024-12-01,2622138,40643,0.0155,43894.59,16.74,2270216,0.8658,1561750,2.08
CMP0031,2024-12-02,1148964,65031,0.0566,25346.15,22.06,747618,0.6507,810810,1.74
CMP0031,2024-12-03,1867149,3734,0.002,13611.52,7.29,1396513,0.7479,1113725,1.45
CMP0031,2024-12-04,1630946,21365,0.0131,40121.27,24.6,1335793,0.819,991945,1.61
CMP0031,2024-12-05,2014621,29212,0.0145,29997.71,14.89,1340293,0.6653,1510694,4.49
CMP0031,2024-12-06,1243549,19150,0.0154,33053.53,26.58,835903,0.6722,946199,4.34
CMP0031,2024-12-07,2883614,126302,0.0438,75464.18,26.17,1662150,0.5764,1924918,1.75
CMP0031,2024-12-08,2554791,160951,0.063,69618.05,27.25,2188059,0.8565,1483031,3.71
CMP0031,2024-12-09,1607282,11893,0.0074,41869.7,26.05,1147431,0.7139,1180395,1.21
CMP0032,2024-12-02,2554944,16607,0.0065,66556.29,26.05,1897867,0.7428,2032531,2.71
CMP0032,2024-12-03,2437144,39725,0.0163,34388.1,14.11,1631749,0.6695,1723770,1.24
CMP0032,2024-12-04,2923133,23092,0.0079,57118.02,19.54,1881695,0.6437,2074342,1.78
CMP0032,2024-12-05,2387708,23877,0.01,67954.17,28.46,1505644,0.6306,1380649,3.25
CMP0032,2024-12-06,2884991,27118,0.0094,29859.66,10.35,1881467,0.6522,1673042,3.78
CMP0032,2024-12-07,2718544,17670,0.0065,19274.48,7.09,2283266,0.8399,1818210,3.13
CMP0032,2024-12-08,2431009,3889,0.0016,20250.3,8.33,1478900,0.6083,1392604,3.2
CMP0032,2024-12-09,1605642,21676,0.0135,51252.09,31.92,1254486,0.7813,907097,3.29
CMP0032,2024-12-10,2581594,73059,0.0283,68618.77,26.58,1540065,0.5966,1570044,4.44
CMP0032,2024-12-11,2939501,455328,0.1549,75456.99,25.67,2492827,0.848,1939129,1.76
CMP0032,2024-12-12,2521447,39838,0.0158,38603.35,15.31,1512492,0.5999,1953278,2.75
CMP0032,2024-12-13,2497813,61446,0.0246,34120.13,13.66,2017993,0.8079,1492303,1.73
CMP0032,2024-12-14,2507471,26077,0.0104,62787.07,25.04,1634545,0.6519,1900255,4.21
CMP0032,2024-12-15,2431803,72710,0.0299,18943.75,7.79,1476978,0.6074,1517246,2.0
CMP0033,2024-10-17,151703,2457,0.0162,913.25,6.02,119249,0.7861,97812,1.73
CMP0033,2024-10-18,145934,1794,0.0123,4127.01,28.28,122165,0.8371,88975,3.55
CMP0033,2024-10-19,128307,6338,0.0494,2567.42,20.01,88964,0.6934,87379,2.79
CMP0033,2024-10-20,108019,3553,0.0329,2369.94,21.94,72303,0.6694,76717,1.48
CMP0033,2024-10-21,168989,1960,0.0116,1306.28,7.73,145165,0.859,98426,4.07
CMP0033,2024-10-22,168207,1867,0.0111,3132.01,18.62,98659,0.5865,116525,3.94
CMP0033,2024-10-23,127985,3647,0.0285,2517.46,19.67,103602,0.8095,78580,2.35
CMP0033,2024-10-24,151167,30,0.0002,1185.15,7.84,135170,0.8942,91030,2.77
CMP0033,2024-10-25,142614,3850,0.027,1152.32,8.08,120705,0.8464,80601,3.0
CMP0033,2024-10-26,106903,7408,0.0693,1797.04,16.81,73394,0.6865,77730,3.9
CMP0033,2024-10-27,135750,1140,0.0084,958.39,7.06,78197,0.576,84976,4.31
CMP0033,2024-10-28,172442,3172,0.0184,1470.93,8.53,141111,0.8183,117763,1.74
CMP0033,2024-10-29,181596,453,0.0025,2264.5,12.47,141893,0.7814,107999,3.65
CMP0033,2024-10-30,166614,2915,0.0175,1456.21,8.74,131007,0.7863,106548,2.66
CMP0033,2024-10-31,172973,3736,0.0216,5007.57,28.95,105810,0.6117,102936,2.47
CMP0033,2024-11-01,118633,818,0.0069,1199.38,10.11,109073,0.9194,78387,2.3
CMP0033,2024-11-02,134113,630,0.0047,4262.11,31.78,89872,0.6701,86225,3.7
CMP0033,2024-11-03,152997,3977,0.026,3805.04,24.87,118589,0.7751,105688,1.83
CMP0033,2024-11-04,188478,5465,0.029,5669.42,30.08,121382,0.644,148975,2.62
CMP0033,2024-11-05,113904,934,0.0082,2833.93,24.88,104073,0.9137,79612,2.86
CMP0033,2024-11-06,143935,5728,0.0398,1993.5,13.85,95158,0.6611,87148,4.01
CMP0034,2024-07-29,5141304,59639,0.0116,140717.49,27.37,4139757,0.8052,3182412,2.98
CMP0034,2024-07-30,4204984,44572,0.0106,126443.87,30.07,2553453,0.6072,2352411,2.31
CMP0034,2024-07-31,3414985,36540,0.0107,53068.87,15.54,2613821,0.7654,2077159,3.86
CMP0034,2024-08-01,3897403,4287,0.0011,63878.44,16.39,3467193,0.8896,2859004,3.56
CMP0034,2024-08-02,5826776,128771,0.0221,61181.15,10.5,4984870,0.8555,4209255,3.06
CMP0034,2024-08-03,5635277,136937,0.0243,121045.75,21.48,3725738,0.6611,4128952,3.06
CMP0034,2024-08-04,5641836,106630,0.0189,42031.68,7.45,4712250,0.8352,3593751,3.88
CMP0035,2024-07-11,651677,6060,0.0093,18611.9,28.56,568145,0.8718,395359,3.32
CMP0035,2024-07-12,639573,2366,0.0037,4029.31,6.3,535735,0.8376,412922,2.14
CMP0035,2024-07-13,565514,1300,0.0023,11332.9,20.04,342330,0.6053,382061,1.85
CMP0035,2024-07-14,694196,7427,0.0107,17368.78,25.02,482720,0.6954,459144,3.12
CMP0035,2024-07-15,552322,9444,0.0171,6500.83,11.77,362996,0.6572,358225,1.55
CMP0035,2024-07-16,706037,13344,0.0189,14727.93,20.86,401202,0.5682,458781,1.39
CMP0035,2024-07-17,812001,36783,0.0453,21209.47,26.12,485770,0.5982,473979,3.0
CMP0035,2024-07-18,838416,44771,0.0534,19250.03,22.96,521961,0.6226,590244,3.6
CMP0035,2024-07-19,688890,30311,0.044,5414.68,7.86,576880,0.8374,434588,4.24
CMP0035,2024-07-20,560674,13287,0.0237,13159.02,23.47,396233,0.7067,357192,2.19
CMP0035,2024-07-21,741535,2372,0.0032,4916.38,6.63,491476,0.6628,590938,3.2
CMP0035,2024-07-22,715940,44030,0.0615,12528.95,17.5,432393,0.604,401799,3.88
CMP0035,2024-07-23,809603,7205,0.0089,12726.96,15.72,672263,0.8304,617881,1.48
CMP0035,2024-07-24,781712,16884,0.0216,23975.11,30.67,697982,0.8929,599720,3.89
CMP0035,2024-07-25,446412,14195,0.0318,10731.74,24.04,263906,0.5912,295754,1.18
CMP0035,2024-07-26,551350,4245,0.0077,11021.49,19.99,344817,0.6254,375368,1.98
CMP0035,2024-07-27,559110,12524,0.0224,13966.57,24.98,336751,0.6023,405180,1.16
CMP0035,2024-07-28,637374,7584,0.0119,14818.95,23.25,360809,0.5661,377695,2.07
CMP0035,2024-07-29,637299,12873,0.0202,14065.19,22.07,363031,0.5696,454833,1.13
CMP0035,2024-07-30,669750,15002,0.0224,8740.24,13.05,579515,0.8653,478888,4.04
CMP0035,2024-07-31,570543,13464,0.0236,16289.0,28.55,450889,0.7903,346771,2.39
CMP0036,2024-11-21,1388391,73445,0.0529,11926.28,8.59,925666,0.6667,1064469,2.91
CMP0036,2024-11-22,2041570,20007,0.0098,38830.66,19.02,1468817,0.7195,1595665,1.17
CMP0036,2024-11-23,1364100,37649,0.0276,26954.62,19.76,918613,0.6734,884414,1.63
CMP0036,2024-11-24,1119290,12200,0.0109,16957.24,15.15,874540,0.7813,681704,4.43
CMP0036,2024-11-25,1917158,50612,0.0264,51974.15,27.11,1498341,0.7815,1475577,4.13
CMP0036,2024-11-26,1700659,10714,0.0063,11513.46,6.77,1284554,0.7553,1054490,1.62
CMP0036,2024-11-27,1928658,126905,0.0658,44513.43,23.08,1123412,0.5825,1245048,4.37
CMP0036,2024-11-28,2015029,33650,0.0167,44854.55,22.26,1277827,0.6341,1229349,1.62
CMP0036,2024-11-29,1713408,75389,0.044,50802.55,29.65,1151128,0.6718,1174641,1.8
CMP0036,2024-11-30,1487306,51906,0.0349,29865.1,20.08,1258318,0.846,1138751,2.15
CMP0036,2024-12-01,1890640,29304,0.0155,37094.36,19.62,1134466,0.6,1510472,4.42
CMP0036,2024-12-02,2034374,66117,0.0325,61560.16,30.26,1809232,0.8893,1280382,2.99
CMP0036,2024-12-03,2059694,11534,0.0056,18702.02,9.08,1374868,0.6675,1585778,3.57
CMP0036,2024-12-04,2161891,52317,0.0242,62435.41,28.88,1520230,0.7032,1411310,2.61
CMP0036,2024-12-05,1991872,112939,0.0567,58262.26,29.25,1783328,0.8953,1231871,3.75
CMP0036,2024-12-06,2048139,14746,0.0072,22119.9,10.8,1704267,0.8321,1439832,2.01
CMP0036,2024-12-07,1682752,50650,0.0301,20193.02,12.0,1070074,0.6359,1214685,2.32
CMP0036,2024-12-08,1169344,78579,0.0672,21504.24,18.39,860473,0.7359,819918,3.52
CMP0036,2024-12-09,2061858,62474,0.0303,58061.92,28.16,1508939,0.7318,1204904,1.76
CMP0036,2024-12-10,2144935,40753,0.019,55510.92,25.88,1191629,0.5556,1324421,2.5
CMP0036,2024-12-11,2186717,36736,0.0168,69297.06,31.69,1815800,0.8304,1238849,4.25
CMP0036,2024-12-12,1847410,37132,0.0201,52743.56,28.55,1350971,0.7313,1166129,2.66
CMP0036,2024-12-13,2343174,26009,0.0111,38732.67,16.53,1325008,0.5655,1719498,2.39
CMP0036,2024-12-14,1959582,125021,0.0638,42914.85,21.9,1616092,0.8247,1368672,2.89
CMP0036,2024-12-15,1826373,16072,0.0088,48325.83,26.46,1356337,0.7426,1210707,3.91
CMP0036,2024-12-16,2340843,36517,0.0156,74649.48,31.89,1736718,0.7419,1518979,3.6
CMP0036,2024-12-17,2141444,36404,0.017,41586.84,19.42,1677478,0.7833,1204185,2.09
CMP0036,2024-12-18,2045586,13091,0.0064,28474.56,13.92,1751471,0.8562,1361003,2.54
CMP0037,2024-09-24,639758,30644,0.0479,4747.0,7.42,474239,0.7413,374616,3.92
CMP0037,2024-09-25,562923,11483,0.0204,13954.86,24.79,333179,0.5919,419199,4.29
CMP0037,2024-09-26,704102,4647,0.0066,6703.05,9.52,494995,0.703,466623,1.71
CMP0037,2024-09-27,693358,77864,0.1123,17008.07,24.53,433151,0.6247,460161,1.95
CMP0037,2024-09-28,718905,4169,0.0058,21272.4,29.59,607258,0.8447,524508,1.52
CMP0037,2024-09-29,632370,9928,0.0157,11180.3,17.68,432723,0.6843,430615,2.41
CMP0037,2024-09-30,667589,8344,0.0125,12884.47,19.3,601770,0.9014,430374,2.39
CMP0037,2024-10-01,559862,8397,0.015,16639.1,29.72,425065,0.7592,400235,1.61
CMP0037,2024-10-02,537613,22042,0.041,5725.58,10.65,437325,0.8135,352080,2.15
CMP0037,2024-10-03,706379,30868,0.0437,12432.27,17.6,552238,0.7818,409267,1.55
CMP0037,2024-10-04,538660,6733,0.0125,11952.87,22.19,346709,0.6437,358026,4.01
CMP0037,2024-10-05,878850,9491,0.0108,5404.93,6.15,770399,0.8766,535632,3.1
CMP0037,2024-10-06,549210,18014,0.0328,9149.84,16.66,318201,0.5794,384461,1.93
CMP0037,2024-10-07,823209,14076,0.0171,18201.15,22.11,622587,0.7563,622603,1.27
CMP0037,2024-10-08,488056,8248,0.0169,11220.41,22.99,275061,0.5636,372609,3.37
CMP0037,2024-10-09,585894,44176,0.0754,8061.9,13.76,521763,0.8905,329423,2.52
CMP0037,2024-10-10,806577,9194,0.0114,18930.36,23.47,625986,0.7761,583057,3.12
CMP0037,2024-10-11,752000,5640,0.0075,7978.72,10.61,540293,0.7185,522445,4.27
CMP0037,2024-10-12,786965,14637,0.0186,10844.38,13.78,540149,0.6864,507383,1.33
CMP0037,2024-10-13,618086,6984,0.0113,12553.33,20.31,406915,0.6583,360737,3.46
CMP0037,2024-10-14,542000,975,0.0018,10677.4,19.7,403312,0.7441,392384,3.18
CMP0037,2024-10-15,615042,18328,0.0298,15357.6,24.97,481406,0.7827,490063,2.74
CMP0037,2024-10-16,821531,18073,0.022,24875.96,30.28,751637,0.9149,510825,3.17
CMP0037,2024-10-17,868357,10941,0.0126,17071.9,19.66,797289,0.9182,554414,1.54
CMP0037,2024-10-18,537777,3871,0.0072,10492.03,19.51,421502,0.7838,361991,1.71
CMP0037,2024-10-19,643073,6945,0.0108,15703.84,24.42,586691,0.9123,353944,1.18
CMP0037,2024-10-20,733251,14518,0.0198,6650.59,9.07,633371,0.8638,549858,4.5
CMP0037,2024-10-21,615903,18969,0.0308,9041.46,14.68,466456,0.7574,436906,1.14
CMP0038,2024-10-29,529196,4233,0.008,7048.89,13.32,445780,0.8424,331775,2.82
CMP0038,2024-10-30,614552,10385,0.0169,3785.64,6.16,493951,0.8038,390449,3.56
CMP0038,2024-10-31,507243,5021,0.0099,3428.96,6.76,311945,0.615,320896,2.25
CMP0038,2024-11-01,571618,5487,0.0096,17045.65,29.82,483008,0.845,406656,2.74
CMP0038,2024-11-02,276101,5963,0.0216,8059.39,29.19,206710,0.7487,174986,3.77
CMP0038,2024-11-03,405812,10510,0.0259,10271.1,25.31,348588,0.859,253565,3.56
CMP0038,2024-11-04,478683,9286,0.0194,9540.15,19.93,300161,0.6271,345309,3.82
CMP0038,2024-11-05,514655,2727,0.0053,7817.61,15.19,467696,0.9088,319145,1.21
CMP0038,2024-11-06,562177,29514,0.0525,12530.93,22.29,484422,0.8617,389445,2.42
CMP0038,2024-11-07,617134,17094,0.0277,17575.98,28.48,511030,0.8281,448234,2.17
CMP0038,2024-11-08,527710,1952,0.0037,8844.42,16.76,387291,0.7339,321592,2.64
CMP0038,2024-11-09,538727,17131,0.0318,6260.01,11.62,356560,0.6619,311415,3.77
CMP0038,2024-11-10,369009,2619,0.0071,10978.02,29.75,263544,0.7142,205255,2.74
CMP0038,2024-11-11,498305,11261,0.0226,5456.44,10.95,444361,0.8917,365312,2.88
CMP0039,2024-10-11,501085,8919,0.0178,4875.56,9.73,437229,0.8726,378587,4.29
CMP0039,2024-10-12,390379,4177,0.0107,3689.08,9.45,319365,0.8181,259540,3.53
CMP0039,2024-10-13,441927,27443,0.0621,2700.17,6.11,395509,0.895,318966,3.12
CMP0039,2024-10-14,355065,9018,0.0254,6440.88,18.14,201347,0.5671,241495,3.34
CMP0039,2024-10-15,378461,1211,0.0032,7955.25,21.02,251863,0.6655,292563,2.19
CMP0039,2024-10-16,401450,6182,0.0154,5295.13,13.19,268202,0.6681,265068,1.5
CMP0039,2024-10-17,262105,1205,0.0046,3436.2,13.11,145637,0.5556,184976,2.85
CMP0039,2024-10-18,389452,9502,0.0244,5884.62,15.11,260091,0.6678,227980,3.49
CMP0039,2024-10-19,291300,6641,0.0228,3603.38,12.37,167893,0.5764,204875,2.25
CMP0039,2024-10-20,331533,1723,0.0052,3109.78,9.38,240086,0.7242,238330,1.46
CMP0039,2024-10-21,386051,1042,0.0027,6597.61,17.09,237893,0.6162,269861,3.12
CMP0039,2024-10-22,445052,33512,0.0753,10761.36,24.18,346266,0.778,279541,3.88
CMP0039,2024-10-23,337391,11842,0.0351,7908.45,23.44,252162,0.7474,267692,3.67
CMP0039,2024-10-24,446556,2947,0.0066,4211.02,9.43,379909,0.8508,348278,2.69
CMP0039,2024-10-25,349676,2832,0.0081,8322.29,23.8,284209,0.8128,233006,1.89
CMP0039,2024-10-26,353146,12042,0.0341,10025.81,28.39,274842,0.7783,274823,2.43
CMP0039,2024-10-27,503549,25076,0.0498,11727.66,23.29,423911,0.8418,388035,2.64
CMP0039,2024-10-28,347244,9653,0.0278,6375.4,18.36,236137,0.68,231025,1.68
CMP0039,2024-10-29,422592,23707,0.0561,9178.7,21.72,252344,0.5971,243300,3.88
CMP0039,2024-10-30,347944,7550,0.0217,5034.75,14.47,274979,0.7903,260299,2.91
CMP0039,2024-10-31,277366,4687,0.0169,4645.88,16.75,216268,0.7797,190546,4.41
CMP0040,2024-11-15,2725829,49337,0.0181,40505.82,14.86,2320086,0.8511,1901926,3.77
CMP0040,2024-11-16,2100265,82330,0.0392,55594.01,26.47,1578296,0.7515,1279142,3.35
CMP0040,2024-11-17,2865965,43562,0.0152,86552.14,30.2,2185154,0.7624,1924947,3.11
CMP0040,2024-11-18,2177450,91017,0.0418,44485.3,20.43,1859865,0.8541,1293500,4.35
CMP0040,2024-11-19,2561757,18957,0.0074,22620.31,8.83,2180579,0.8512,1902964,2.39
CMP0040,2024-11-20,3005553,140659,0.0468,69608.61,23.16,1753731,0.5835,2266963,4.12
CMP0040,2024-11-21,2347531,63618,0.0271,52913.35,22.54,1291302,0.5501,1377252,1.61
CMP0040,2024-11-22,3272719,39272,0.012,52821.68,16.14,2499816,0.7638,1960085,3.42
CMP0040,2024-11-23,3253226,240413,0.0739,67764.7,20.83,2888492,0.8879,2036966,4.31
CMP0040,2024-11-24,2516167,90582,0.036,79385.07,31.55,1704395,0.6774,1440057,1.13
CMP0040,2024-11-25,2433299,194907,0.0801,40173.77,16.51,1453155,0.5972,1517274,2.36
CMP0040,2024-11-26,2012541,74262,0.0369,14852.55,7.38,1630643,0.8102,1519847,2.32
CMP0040,2024-11-27,2343266,78030,0.0333,66806.51,28.51,1492752,0.637,1700169,2.44
CMP0040,2024-11-28,1942132,24470,0.0126,30977.01,15.95,1342360,0.6912,1332845,3.35
CMP0040,2024-11-29,3403627,7487,0.0022,37065.5,10.89,2356331,0.6923,2658642,3.96
CMP0040,2024-11-30,2563707,70758,0.0276,81859.16,31.93,2045644,0.7979,1496100,1.34
CMP0040,2024-12-01,2630730,27622,0.0105,65110.57,24.75,1920642,0.7301,1734134,4.47
CMP0040,2024-12-02,2163215,47158,0.0218,49104.98,22.7,1522614,0.7039,1436390,3.78
CMP0040,2024-12-03,1883612,15445,0.0082,32153.26,17.07,1161293,0.6165,1275871,2.98
CMP0040,2024-12-04,2367580,52560,0.0222,36081.92,15.24,1464922,0.6187,1660012,3.06
CMP0040,2024-12-05,2423836,57444,0.0237,29473.85,12.16,1783069,0.7356,1582060,2.96
CMP0041,2024-10-20,966645,55775,0.0577,30381.65,31.43,734858,0.7602,701997,1.48
CMP0041,2024-10-21,688692,31266,0.0454,16494.17,23.95,414986,0.6026,504689,4.44
CMP0041,2024-10-22,742527,21310,0.0287,19491.33,26.25,536124,0.722,422912,4.13
CMP0041,2024-10-23,676541,3179,0.0047,12367.17,18.28,557756,0.8244,534536,1.37
CMP0041,2024-10-24,767034,13960,0.0182,20518.16,26.75,510556,0.6656,431988,2.27
CMP0041,2024-10-25,1067876,22959,0.0215,19424.66,18.19,789892,0.7397,712602,3.59
CMP0041,2024-10-26,1231209,25486,0.0207,38142.85,30.98,1040793,0.8453,766183,1.22
CMP0041,2024-10-27,991379,45206,0.0456,25270.25,25.49,811919,0.819,684970,1.31
CMP0041,2024-10-28,693636,15953,0.023,7213.81,10.4,394747,0.5691,553237,3.85
CMP0041,2024-10-29,780019,7488,0.0096,10499.06,13.46,452823,0.5805,527604,3.99
CMP0041,2024-10-30,699005,27121,0.0388,6605.6,9.45,457121,0.654,534364,1.15
CMP0041,2024-10-31,728640,3060,0.0042,7679.87,10.54,560291,0.769,428282,2.62
CMP0041,2024-11-01,1063624,22761,0.0214,13603.75,12.79,860776,0.8093,713935,3.82
CMP0041,2024-11-02,951158,18452,0.0194,14181.77,14.91,552840,0.5812,557633,4.28
CMP0041,2024-11-03,761963,1752,0.0023,14393.48,18.89,699197,0.9176,565827,1.91
CMP0041,2024-11-04,703532,5346,0.0076,15885.75,22.58,441830,0.628,516104,2.27
CMP0041,2024-11-05,528989,11743,0.0222,13563.28,25.64,313647,0.5929,313108,2.46
CMP0041,2024-11-06,761101,8752,0.0115,19331.97,25.4,630494,0.8284,519931,2.39
CMP0041,2024-11-07,677369,19846,0.0293,12422.95,18.34,408931,0.6037,519927,1.14
CMP0041,2024-11-08,915560,8789,0.0096,16177.95,17.67,733402,0.801,723695,3.42
CMP0041,2024-11-09,1110992,3777,0.0034,33174.22,29.86,873069,0.7858,876623,2.57
CMP0042,2024-08-18,169228,2623,0.0155,4792.54,28.32,114049,0.6739,104375,1.43
CMP0042,2024-08-19,149136,2863,0.0192,2411.53,16.17,124687,0.8361,109953,3.6
CMP0042,2024-08-20,108266,779,0.0072,1198.5,11.07,73062,0.6748,78229,1.71
CMP0042,2024-08-21,157455,2109,0.0134,3698.62,23.49,135053,0.8577,87071,1.43
CMP0042,2024-08-22,126216,277,0.0022,2220.14,17.59,79665,0.6312,78357,1.76
CMP0042,2024-08-23,134397,1908,0.0142,1127.59,8.39,120587,0.8972,95979,3.94
CMP0042,2024-08-24,156241,5296,0.0339,3529.48,22.59,126865,0.812,90618,4.01
CMP0042,2024-08-25,182863,6418,0.0351,4218.65,23.07,161461,0.883,126452,4.39
CMP0042,2024-08-26,147912,3446,0.0233,3563.2,24.09,95216,0.6437,98618,4.28
CMP0042,2024-08-27,139650,3533,0.0253,4188.1,29.99,91088,0.6523,91714,4.17
CMP0042,2024-08-28,111763,759,0.0068,1610.5,14.41,68167,0.6099,63537,3.74
CMP0042,2024-08-29,143925,273,0.0019,2108.5,14.65,82357,0.5722,113542,2.0
CMP0042,2024-08-30,206905,1738,0.0084,3885.68,18.78,184885,0.8936,145366,1.71
CMP0042,2024-08-31,170752,2697,0.0158,1663.12,9.74,142479,0.8344,103236,3.29
CMP0042,2024-09-01,176093,2799,0.0159,4331.89,24.6,103580,0.5882,100061,3.04
CMP0042,2024-09-02,128787,4610,0.0358,2265.36,17.59,113552,0.8817,75625,3.28
CMP0042,2024-09-03,136071,6449,0.0474,3167.73,23.28,88253,0.6486,98653,4.18
CMP0042,2024-09-04,165431,794,0.0048,3209.36,19.4,148518,0.8978,111280,2.58
CMP0042,2024-09-05,119890,1150,0.0096,3153.11,26.3,100778,0.8406,82128,1.11
CMP0042,2024-09-06,199998,1379,0.0069,5453.95,27.27,145671,0.7284,138360,4.28
CMP0042,2024-09-07,209148,3660,0.0175,4963.08,23.73,146032,0.6982,148091,4.36
CMP0043,2024-12-18,1845324,10887,0.0059,36721.95,19.9,1671019,0.9055,1052045,2.66
CMP0043,2024-12-19,1810793,9597,0.0053,41358.51,22.84,1114269,0.6153,1013741,2.41
CMP0043,2024-12-20,1440230,12530,0.0087,34695.14,24.09,1269837,0.8817,1019184,2.32
CMP0043,2024-12-21,1534431,23630,0.0154,34447.98,22.45,1261409,0.8221,897620,1.76
CMP0043,2024-12-22,1222790,29102,0.0238,26192.16,21.42,893879,0.731,691791,2.94
CMP0043,2024-12-23,1683019,13127,0.0078,33458.42,19.88,1445162,0.8587,1114708,4.49
CMP0043,2024-12-24,1765129,29830,0.0169,13167.86,7.46,1485317,0.8415,989714,1.5
CMP0043,2024-12-25,1157984,30570,0.0264,27038.93,23.35,833281,0.7196,833192,4.07
CMP0043,2024-12-26,1530118,31214,0.0204,32224.29,21.06,1365143,0.8922,855671,1.58
CMP0043,2024-12-27,1486347,45482,0.0306,27125.83,18.25,1322353,0.8897,834510,3.48
CMP0043,2024-12-28,1453879,41435,0.0285,15236.65,10.48,826507,0.5685,911341,3.8
CMP0043,2024-12-29,1677389,39586,0.0236,17511.94,10.44,1289384,0.7687,1265506,1.46
CMP0043,2024-12-30,1931766,16806,0.0087,51732.69,26.78,1220126,0.6316,1450975,2.55
CMP0043,2024-12-31,1844298,64919,0.0352,58169.16,31.54,1477295,0.801,1163860,4.42
CMP0044,2024-09-14,191427,1933,0.0101,1831.96,9.57,164527,0.8595,143240,3.7
CMP0044,2024-09-15,117709,6968,0.0592,1732.68,14.72,69998,0.5947,68896,2.51
CMP0044,2024-09-16,131213,1902,0.0145,2675.43,20.39,93463,0.7123,102532,1.24
CMP0044,2024-09-17,112264,538,0.0048,3146.76,28.03,87184,0.7766,83571,1.15
CMP0044,2024-09-18,154779,5788,0.0374,954.99,6.17,95403,0.6164,88577,3.32
CMP0044,2024-09-19,154302,2823,0.0183,2595.36,16.82,130962,0.8487,114668,3.45
CMP0044,2024-09-20,158512,4565,0.0288,3588.71,22.64,117860,0.7435,103509,4.29
CMP0044,2024-09-21,164003,3968,0.0242,1144.74,6.98,101124,0.6166,110697,4.33
CMP0044,2024-09-22,153649,998,0.0065,4048.65,26.35,104282,0.6787,84682,1.9
CMP0044,2024-09-23,149506,328,0.0022,2958.72,19.79,87521,0.5854,95754,3.69
CMP0044,2024-09-24,175328,4137,0.0236,2051.34,11.7,146402,0.835,125330,2.04
CMP0044,2024-09-25,129074,903,0.007,3447.57,26.71,103716,0.8035,102245,2.71
CMP0044,2024-09-26,163039,7304,0.0448,3818.37,23.42,92272,0.566,115955,2.07
CMP0044,2024-09-27,172321,3187,0.0185,2531.4,14.69,146112,0.8479,127448,1.25
CMP0044,2024-09-28,149237,2014,0.0135,4484.57,30.05,91792,0.6151,111386,2.75
CMP0044,2024-09-29,141806,1843,0.013,4150.66,29.27,115844,0.8169,99005,2.21
CMP0044,2024-09-30,120723,3042,0.0252,2849.06,23.6,80945,0.6705,89907,2.21
CMP0044,2024-10-01,136689,4264,0.0312,3441.83,25.18,119173,0.8719,88011,1.85
CMP0044,2024-10-02,130032,2483,0.0191,2417.29,18.59,114360,0.8795,76229,4.25
CMP0044,2024-10-03,185580,5808,0.0313,2982.27,16.07,111435,0.6005,135465,3.25
CMP0044,2024-10-04,157837,2130,0.0135,1777.24,11.26,94239,0.5971,114124,1.3
CMP0044,2024-10-05,173165,1471,0.0085,4872.86,28.14,124622,0.7197,102652,2.27
CMP0044,2024-10-06,158877,2716,0.0171,3446.04,21.69,133795,0.8421,112723,3.18
CMP0044,2024-10-07,171110,8572,0.0501,5342.05,31.22,148241,0.8663,97809,4.01
CMP0044,2024-10-08,130074,2900,0.0223,4148.06,31.89,100011,0.7689,98758,2.05
CMP0044,2024-10-09,142342,5380,0.0378,3578.48,25.14,91278,0.6413,89935,3.07
CMP0044,2024-10-10,107577,6745,0.0627,2301.07,21.39,65096,0.6051,74596,1.12
CMP0044,2024-10-11,188643,5055,0.0268,1328.05,7.04,136604,0.7241,140001,1.21
CMP0044,2024-10-12,176883,3431,0.0194,3265.26,18.46,149513,0.8453,133603,2.64
CMP0044,2024-10-13,198814,596,0.003,4079.66,20.52,110261,0.5546,145720,4.33
CMP0044,2024-10-14,140587,2699,0.0192,1924.64,13.69,111011,0.7896,80511,2.73
CMP0044,2024-10-15,143334,4615,0.0322,3481.58,24.29,124332,0.8674,105611,1.18
CMP0044,2024-10-16,143121,3921,0.0274,3731.16,26.07,125009,0.8734,93220,3.79
CMP0044,2024-10-17,133250,6609,0.0496,2407.83,18.07,104515,0.7844,101948,1.34
CMP0044,2024-10-18,173061,1349,0.0078,2537.07,14.66,97278,0.5621,113610,2.02
CMP0044,2024-10-19,164801,2406,0.0146,3312.5,20.1,139084,0.844,123093,1.38
CMP0044,2024-10-20,131575,2947,0.0224,3306.48,25.13,75034,0.5703,103461,3.39
CMP0044,2024-10-21,138229,1313,0.0095,1228.86,8.89,94723,0.6853,97421,2.34
CMP0044,2024-10-22,128658,2122,0.0165,2641.35,20.53,73951,0.5748,93577,1.8
CMP0044,2024-10-23,117922,837,0.0071,1438.65,12.2,69811,0.592,78963,4.29
CMP0044,2024-10-24,124508,2253,0.0181,3852.28,30.94,78144,0.6276,91669,1.87
CMP0044,2024-10-25,195580,2268,0.0116,2532.76,12.95,156793,0.8017,121120,1.32
CMP0045,2024-07-01,476218,5095,0.0107,8876.7,18.64,354721,0.7449,276529,3.51
CMP0045,2024-07-02,385368,28247,0.0733,7649.55,19.85,253625,0.6581,271776,3.82
CMP0045,2024-07-03,329742,3132,0.0095,8912.93,27.03,296149,0.8981,186768,4.13
CMP0045,2024-07-04,576488,21906,0.038,4658.02,8.08,508600,0.8822,358629,4.35
CMP0045,2024-07-05,574545,6607,0.0115,7566.76,13.17,464186,0.8079,387290,4.07
CMP0045,2024-07-06,464811,11434,0.0246,10369.93,22.31,306065,0.6585,368313,2.94
CMP0045,2024-07-07,355360,177,0.0005,5333.95,15.01,253808,0.7142,252721,2.09
CMP0045,2024-07-08,457830,12819,0.028,13125.99,28.67,291162,0.636,360249,3.29
CMP0045,2024-07-09,415355,9428,0.0227,6192.94,14.91,327731,0.789,262328,3.12
CMP0045,2024-07-10,467967,6223,0.0133,13051.6,27.89,334476,0.7147,292956,1.55
CMP0045,2024-07-11,528305,6550,0.0124,5531.35,10.47,341392,0.6462,354524,4.4
CMP0045,2024-07-12,426548,7507,0.0176,3083.94,7.23,290331,0.6807,283220,1.67
CMP0045,2024-07-13,585397,11181,0.0191,14348.08,24.51,383751,0.6555,464396,3.95
CMP0045,2024-07-14,528025,7022,0.0133,12318.82,23.33,320399,0.6068,321818,1.24
CMP0045,2024-07-15,431453,6946,0.0161,4008.2,9.29,278869,0.6463,257199,3.01
CMP0045,2024-07-16,524862,4303,0.0082,7474.03,14.24,355448,0.6772,337606,2.94
CMP0045,2024-07-17,352134,5070,0.0144,4873.53,13.84,313596,0.8906,229288,2.8
CMP0045,2024-07-18,346527,7796,0.0225,6206.3,17.91,231646,0.6685,190961,3.61
CMP0045,2024-07-19,416978,9298,0.0223,6092.05,14.61,338176,0.811,278740,2.09
CMP0045,2024-07-20,420122,7268,0.0173,13233.84,31.5,320250,0.7623,246515,3.02
CMP0045,2024-07-21,331860,5774,0.0174,5804.23,17.49,267142,0.805,243223,4.16
CMP0046,2024-08-13,1223665,32549,0.0266,24864.87,20.32,812501,0.664,795880,3.96
CMP0046,2024-08-14,766947,4831,0.0063,6442.35,8.4,437437,0.5704,544784,3.08
CMP0046,2024-08-15,1447560,18384,0.0127,43904.49,30.33,945015,0.6528,804318,2.93
CMP0046,2024-08-16,1117642,49064,0.0439,26219.88,23.46,650835,0.5823,757701,1.76
CMP0046,2024-08-17,917204,1742,0.0019,19930.84,21.73,824620,0.8991,712769,2.33
CMP0046,2024-08-18,1039108,33459,0.0322,29302.85,28.2,713621,0.6868,668362,2.07
CMP0046,2024-08-19,780637,13348,0.0171,24527.61,31.42,681879,0.8735,446446,3.57
CMP0047,2024-08-07,441631,7949,0.018,14048.28,31.81,374222,0.8474,274764,3.84
CMP0047,2024-08-08,384865,11238,0.0292,6550.4,17.02,339327,0.8817,225104,3.1
CMP0047,2024-08-09,403176,2822,0.007,4596.21,11.4,292547,0.7256,309188,4.45
CMP0047,2024-08-10,270094,3457,0.0128,8362.11,30.96,224113,0.8298,154524,2.49
CMP0047,2024-08-11,276324,13760,0.0498,4636.72,16.78,208804,0.7556,201042,3.67
CMP0047,2024-08-12,271349,461,0.0017,2941.42,10.84,187571,0.6913,186814,1.24
CMP0047,2024-08-13,328800,9042,0.0275,9107.76,27.7,217813,0.6624,226812,2.68
CMP0048,2024-10-07,356449,9552,0.0268,2160.08,6.06,230690,0.6472,281240,3.94
CMP0048,2024-10-08,329712,7484,0.0227,7583.38,23.0,290243,0.8803,215726,2.77
CMP0048,2024-10-09,390296,1912,0.0049,4824.06,12.36,231898,0.5942,241711,4.48
CMP0048,2024-10-10,418086,1379,0.0033,10611.02,25.38,319833,0.765,289062,4.05
CMP0048,2024-10-11,317877,5117,0.0161,5842.58,18.38,256485,0.8069,184335,2.84
CMP0048,2024-10-12,284589,2134,0.0075,7962.8,27.98,173671,0.6103,160686,2.19
CMP0048,2024-10-13,359413,9704,0.027,3421.61,9.52,219394,0.6104,222177,2.53
CMP0048,2024-10-14,413907,1779,0.0043,6316.22,15.26,272039,0.6572,282451,4.28
CMP0048,2024-10-15,403773,3916,0.0097,10469.83,25.93,249451,0.6178,231615,3.66
CMP0048,2024-10-16,332677,11111,0.0334,9541.18,28.68,284746,0.8559,239940,2.12
CMP0048,2024-10-17,376428,25145,0.0668,8996.63,23.9,220382,0.5855,261621,3.9
CMP0048,2024-10-18,337161,4720,0.014,6564.52,19.47,231971,0.688,226310,2.26
CMP0048,2024-10-19,249618,6515,0.0261,2161.69,8.66,151564,0.6072,151088,1.74
CMP0048,2024-10-20,356535,2994,0.0084,7825.94,21.95,305772,0.8576,242947,2.91
CMP0048,2024-10-21,321994,7277,0.0226,8262.37,25.66,190674,0.5922,214165,1.36
CMP0048,2024-10-22,390134,16190,0.0415,11707.92,30.01,283791,0.7274,244962,2.33
CMP0048,2024-10-23,445264,489,0.0011,12970.54,29.13,343356,0.7711,329894,2.26
CMP0048,2024-10-24,365869,12037,0.0329,2469.62,6.75,311498,0.8514,221566,4.01
CMP0048,2024-10-25,327442,8513,0.026,3893.29,11.89,195278,0.5964,190752,1.37
CMP0048,2024-10-26,462451,16648,0.036,12199.46,26.38,267649,0.5788,343912,3.67
CMP0048,2024-10-27,332441,2726,0.0082,2925.48,8.8,280390,0.8434,225517,1.3
CMP0048,2024-10-28,385094,3234,0.0084,4844.48,12.58,221240,0.5745,276072,3.67
CMP0048,2024-10-29,279821,2994,0.0107,8372.24,29.92,175167,0.626,216943,1.73
CMP0048,2024-10-30,411366,11641,0.0283,3439.02,8.36,354996,0.863,323112,4.33
CMP0048,2024-10-31,424164,5980,0.0141,4313.75,10.17,311860,0.7352,310546,1.92
CMP0048,2024-11-01,382736,13472,0.0352,3283.87,8.58,292375,0.7639,211842,1.84
CMP0048,2024-11-02,320308,5381,0.0168,4269.71,13.33,283028,0.8836,219180,4.41
CMP0048,2024-11-03,335382,335,0.001,3877.02,11.56,247026,0.7366,243802,2.35
CMP0049,2024-11-10,86040,851,0.0099,1499.68,17.43,77811,0.9044,51212,2.31
CMP0049,2024-11-11,87888,1037,0.0118,1016.86,11.57,55738,0.6342,50817,4.45
CMP0049,2024-11-12,97269,1780,0.0183,862.78,8.87,58389,0.6003,72034,3.5
CMP0049,2024-11-13,99505,1482,0.0149,702.51,7.06,66807,0.6714,57606,2.06
CMP0049,2024-11-14,69652,1873,0.0269,982.79,14.11,63465,0.9112,46039,2.98
CMP0049,2024-11-15,65768,552,0.0084,1857.29,28.24,40766,0.6198,37316,3.96
CMP0049,2024-11-16,68851,881,0.0128,1629.01,23.66,42435,0.6163,55058,2.77
CMP0049,2024-11-17,84784,1509,0.0178,1474.39,17.39,67289,0.7937,48432,1.59
CMP0049,2024-11-18,80340,562,0.007,1715.26,21.35,47210,0.5876,62771,4.42
CMP0049,2024-11-19,99669,4833,0.0485,3125.62,31.36,67305,0.6753,69642,4.47
CMP0049,2024-11-20,93610,2358,0.0252,2601.42,27.79,76603,0.8183,58003,3.53
CMP0049,2024-11-21,90282,3755,0.0416,1182.69,13.1,76027,0.8421,64186,2.46
CMP0049,2024-11-22,97397,1129,0.0116,2111.57,21.68,68143,0.6996,65366,2.05
CMP0049,2024-11-23,59356,1632,0.0275,522.93,8.81,38151,0.6427,40024,3.24
CMP0049,2024-11-24,65221,1382,0.0212,560.25,8.59,37146,0.5695,36984,3.41
CMP0049,2024-11-25,91065,865,0.0095,1452.49,15.95,72970,0.8013,53562,3.21
CMP0049,2024-11-26,77199,501,0.0065,616.82,7.99,63928,0.8281,57273,3.8
CMP0049,2024-11-27,76376,320,0.0042,1772.69,23.21,55860,0.7314,47003,2.27
CMP0049,2024-11-28,84743,2949,0.0348,1712.66,20.21,76476,0.9024,47278,2.56
CMP0049,2024-11-29,93911,2216,0.0236,1499.76,15.97,62581,0.6664,60486,2.66
CMP0049,2024-11-30,65906,863,0.0131,1349.1,20.47,57228,0.8683,41241,3.5
CMP0049,2024-12-01,76092,563,0.0074,722.87,9.5,62001,0.8148,51123,1.47
CMP0049,2024-12-02,73096,2879,0.0394,1692.9,23.16,58739,0.8036,50659,2.72
CMP0049,2024-12-03,86200,1068,0.0124,1652.45,19.17,59892,0.6948,58070,4.4
CMP0049,2024-12-04,89538,2748,0.0307,1358.29,15.17,81638,0.9118,56419,1.2
CMP0049,2024-12-05,94830,758,0.008,2632.48,27.76,64397,0.6791,69748,1.19
CMP0049,2024-12-06,87720,640,0.0073,1304.4,14.87,51405,0.586,55814,2.32
CMP0049,2024-12-07,76329,1984,0.026,1770.07,23.19,48973,0.6416,54347,3.11
CMP0050,2024-10-22,762680,38972,0.0511,5872.64,7.7,505517,0.6628,483843,1.17
CMP0050,2024-10-23,781465,10002,0.0128,14050.74,17.98,679441,0.8694,540783,4.16
CMP0050,2024-10-24,754709,3924,0.0052,18180.94,24.09,579281,0.7676,601081,2.38
CMP0050,2024-10-25,884823,9379,0.0106,18483.95,20.89,751286,0.8491,508785,3.4
CMP0050,2024-10-26,791588,25409,0.0321,15095.58,19.07,659404,0.833,502567,3.19
CMP0050,2024-10-27,755390,8007,0.0106,13098.46,17.34,554359,0.7339,575481,3.78
CMP0050,2024-10-28,794214,19855,0.025,15828.69,19.93,521259,0.6563,446255,4.49
CMP0050,2024-10-29,889540,25351,0.0285,10558.84,11.87,733753,0.8249,509697,3.97
CMP0050,2024-10-30,1001585,10416,0.0104,14783.39,14.76,575801,0.5749,751485,2.72
CMP0050,2024-10-31,662779,9411,0.0142,17689.57,26.69,524303,0.7911,414542,3.83
CMP0050,2024-11-01,950489,14922,0.0157,19047.8,20.04,593132,0.624,618364,3.22
CMP0050,2024-11-02,946314,57630,0.0609,24462.22,25.85,583707,0.6168,524873,3.49
CMP0050,2024-11-03,703894,8798,0.0125,14781.77,21.0,442603,0.6288,556448,3.62
CMP0050,2024-11-04,551254,7331,0.0133,16741.58,30.37,411845,0.7471,387865,3.72
CMP0050,2024-11-05,651939,44201,0.0678,13508.18,20.72,509751,0.7819,443688,2.34
CMP0050,2024-11-06,778330,34246,0.044,7713.25,9.91,625437,0.8036,486509,2.58
CMP0050,2024-11-07,630013,12726,0.0202,17382.06,27.59,361525,0.5738,378568,2.5
CMP0050,2024-11-08,841340,29026,0.0345,19182.55,22.8,542567,0.6449,589197,2.48
CMP0050,2024-11-09,619230,10588,0.0171,6805.34,10.99,396844,0.6409,468637,2.68
CMP0050,2024-11-10,454877,26610,0.0585,7887.57,17.34,359062,0.7894,254390,1.64
CMP0050,2024-11-11,771773,3164,0.0041,9816.95,12.72,653930,0.8473,551561,1.7
CMP0050,2024-11-12,865220,66968,0.0774,26873.73,31.06,631404,0.7298,480177,4.02
CMP0050,2024-11-13,696021,7099,0.0102,15061.89,21.64,606132,0.8709,539516,2.48
CMP0050,2024-11-14,757284,11283,0.0149,17485.69,23.09,441809,0.5834,595066,3.56
CMP0050,2024-11-15,857154,428,0.0005,7637.24,8.91,704372,0.8218,671352,2.87
CMP0050,2024-11-16,597354,3763,0.0063,18332.79,30.69,534438,0.8947,366149,4.11
CMP0050,2024-11-17,913378,39731,0.0435,8384.81,9.18,774977,0.8485,577548,3.09
CMP0050,2024-11-18,722501,20735,0.0287,18394.88,25.46,460447,0.6373,473756,1.59
CMP0050,2024-11-19,713509,2211,0.0031,22275.75,31.22,508450,0.7126,437792,3.1
CMP0050,2024-11-20,819722,11640,0.0142,12902.42,15.74,738588,0.901,515705,2.54
CMP0050,2024-11-21,733466,18043,0.0246,22774.12,31.05,642069,0.8754,575215,2.33
CMP0050,2024-11-22,619435,8176,0.0132,16947.74,27.36,345519,0.5578,490407,3.16
CMP0050,2024-11-23,779933,48511,0.0622,18110.04,23.22,700468,0.8981,563634,3.78
CMP0050,2024-11-24,861176,8697,0.0101,17542.16,20.37,572190,0.6644,680002,2.33
CMP0050,2024-11-25,805880,5560,0.0069,7389.92,9.17,701738,0.8708,616024,2.42
CMP0050,2024-11-26,804146,1608,0.002,13043.25,16.22,733266,0.9119,493651,1.41
CMP0050,2024-11-27,795019,64714,0.0814,9635.63,12.12,499147,0.6278,614201,4.21
CMP0050,2024-11-28,784966,17347,0.0221,22661.97,28.87,654421,0.8337,511462,1.22
CMP0050,2024-11-29,793505,29915,0.0377,21742.04,27.4,712554,0.898,529881,2.5
CMP0050,2024-11-30,874103,17394,0.0199,21546.64,24.65,764317,0.8744,660000,3.9
CMP0050,2024-12-01,1031439,45073,0.0437,19762.37,19.16,701571,0.6802,722552,3.87
CMP0050,2024-12-02,762896,10985,0.0144,13564.29,17.78,427313,0.5601,429529,3.28
CMP0051,2024-09-02,1391493,5705,0.0041,36971.97,26.57,835388,0.6004,904700,3.24
CMP0051,2024-09-03,1250361,32259,0.0258,10177.94,8.14,760712,0.6084,849109,4.4
CMP0051,2024-09-04,1781675,13540,0.0076,46038.48,25.84,1538254,0.8634,1285368,3.79
CMP0051,2024-09-05,1548126,10836,0.007,28547.44,18.44,1272580,0.822,952360,3.44
CMP0051,2024-09-06,1715484,71364,0.0416,45957.82,26.79,1069613,0.6235,1121281,1.72
CMP0051,2024-09-07,808594,12209,0.0151,24710.63,30.56,709303,0.8772,490106,4.32
CMP0051,2024-09-08,1195843,45442,0.038,27289.14,22.82,934972,0.7819,928824,4.41
CMP0051,2024-09-09,1505161,11288,0.0075,36470.05,24.23,921820,0.6124,978744,2.56
CMP0051,2024-09-10,1532591,27280,0.0178,12751.16,8.32,1051557,0.6861,1205859,1.5
CMP0051,2024-09-11,1715870,31572,0.0184,29701.71,17.31,1527803,0.8904,1138354,3.39
CMP0051,2024-09-12,1911273,19877,0.0104,46921.75,24.55,1185947,0.6205,1463049,3.76
CMP0051,2024-09-13,1447429,6079,0.0042,27284.04,18.85,865814,0.5982,1105957,3.14
CMP0051,2024-09-14,1462330,40652,0.0278,19536.73,13.36,1170682,0.8006,957215,2.49
CMP0051,2024-09-15,1342009,22411,0.0167,18184.22,13.55,868099,0.6469,945338,4.18
CMP0051,2024-09-16,1702208,22809,0.0134,40495.53,23.79,1224773,0.7195,940606,1.55
CMP0051,2024-09-17,1301188,15744,0.0121,31254.54,24.02,1046331,0.8041,947699,3.51
CMP0051,2024-09-18,1556317,87620,0.0563,19702.97,12.66,910839,0.5853,878833,2.23
CMP0051,2024-09-19,1368809,22174,0.0162,40530.43,29.61,1257652,0.9188,1074283,4.39
CMP0051,2024-09-20,1498621,12138,0.0081,38139.9,25.45,849477,0.5668,919275,3.21
CMP0051,2024-09-21,1667631,14008,0.0084,27115.68,16.26,1146051,0.6872,1320787,3.0
CMP0051,2024-09-22,1555551,8711,0.0056,19864.39,12.77,1145486,0.7364,1217345,4.08
CMP0052,2024-09-24,1306716,11237,0.0086,18620.7,14.25,975145,0.7463,765015,1.5
CMP0052,2024-09-25,1174252,23015,0.0196,10944.03,9.32,1024560,0.8725,890906,3.64
CMP0052,2024-09-26,1150371,7707,0.0067,15368.96,13.36,1005960,0.8745,808978,3.69
CMP0052,2024-09-27,1197174,16042,0.0134,16928.04,14.14,1053858,0.8803,752885,4.48
CMP0052,2024-09-28,1287137,19821,0.0154,12781.27,9.93,1114174,0.8656,919472,3.81
CMP0052,2024-09-29,1018491,12629,0.0124,10042.32,9.86,646791,0.635,569301,1.98
CMP0052,2024-09-30,1438039,44003,0.0306,24949.98,17.35,1320442,0.9182,1124261,1.24
CMP0052,2024-10-01,1310345,27779,0.0212,32011.73,24.43,955927,0.7295,882186,3.98
CMP0052,2024-10-02,1206806,32342,0.0268,11126.75,9.22,705527,0.5846,925672,1.71
CMP0052,2024-10-03,1171667,23199,0.0198,22531.16,19.23,762676,0.6509,905374,3.09
CMP0052,2024-10-04,1087324,22290,0.0205,33989.75,31.26,809649,0.7446,753186,2.52
CMP0052,2024-10-05,1262894,10734,0.0085,32797.36,25.97,1010891,0.8005,974754,1.19
CMP0052,2024-10-06,905831,25272,0.0279,21468.19,23.7,630316,0.6958,631893,4.33
CMP0052,2024-10-07,1152647,21323,0.0185,11526.47,10.0,668527,0.58,873331,3.34
CMP0052,2024-10-08,1495358,26916,0.018,46116.84,30.84,1151209,0.7699,824617,4.4
CMP0052,2024-10-09,1350346,45236,0.0335,41482.63,30.72,905027,0.6702,989650,3.6
CMP0052,2024-10-10,1331790,10521,0.0079,27701.23,20.8,836638,0.6282,748693,3.29
CMP0052,2024-10-11,1270818,9022,0.0071,9454.89,7.44,732204,0.5762,1001372,2.4
CMP0052,2024-10-12,717656,22964,0.032,7628.68,10.63,650962,0.9071,549996,1.4
CMP0052,2024-10-13,1039551,26300,0.0253,10645.0,10.24,871572,0.8384,645804,3.66
CMP0052,2024-10-14,1480078,25013,0.0169,13527.91,9.14,1082843,0.7316,974023,3.84
CMP0053,2024-07-17,511131,20036,0.0392,12170.03,23.81,305950,0.5986,366164,3.93
CMP0053,2024-07-18,333827,9213,0.0276,6252.58,18.73,292967,0.8776,223366,3.01
CMP0053,2024-07-19,354735,10216,0.0288,9106.05,25.67,301548,0.8501,249544,2.58
CMP0053,2024-07-20,386985,2476,0.0064,2728.24,7.05,261774,0.6764,257686,1.86
CMP0053,2024-07-21,373997,5909,0.0158,3751.19,10.03,274240,0.7333,264561,2.88
CMP0053,2024-07-22,388864,13610,0.035,6754.57,17.37,344403,0.8857,260306,1.61
CMP0053,2024-07-23,372925,14842,0.0398,10993.83,29.48,321226,0.8614,253877,2.1
CMP0053,2024-07-24,331863,2721,0.0082,2651.59,7.99,188061,0.5667,191454,2.54
CMP0053,2024-07-25,354269,2054,0.0058,8211.96,23.18,269363,0.7603,217289,1.97
CMP0053,2024-07-26,482597,7576,0.0157,9212.78,19.09,285772,0.5922,345247,1.71
CMP0053,2024-07-27,300398,3875,0.0129,4872.46,16.22,174476,0.5808,231062,2.11
CMP0053,2024-07-28,362277,7426,0.0205,6459.4,17.83,289095,0.798,255750,2.0
CMP0053,2024-07-29,365265,14720,0.0403,10464.84,28.65,226194,0.6193,217797,3.64
CMP0053,2024-07-30,384137,15826,0.0412,11009.37,28.66,226388,0.5893,262593,1.12
CMP0053,2024-07-31,391996,3763,0.0096,4104.2,10.47,284798,0.7265,283394,4.05
CMP0053,2024-08-01,437408,6386,0.0146,9469.88,21.65,319346,0.7301,308208,4.41
CMP0053,2024-08-02,402812,9627,0.0239,9474.14,23.52,324428,0.8054,261324,2.13
CMP0053,2024-08-03,353832,1096,0.0031,2250.37,6.36,209258,0.5914,196012,4.4
CMP0053,2024-08-04,242429,9527,0.0393,2773.39,11.44,191516,0.79,172714,2.58
CMP0053,2024-08-05,401396,11600,0.0289,10653.05,26.54,249121,0.6206,250964,2.68
CMP0053,2024-08-06,412313,11256,0.0273,2708.9,6.57,252112,0.6115,242483,3.49
CMP0053,2024-08-07,366276,3626,0.0099,6688.2,18.26,317973,0.8681,255040,1.78
CMP0053,2024-08-08,476197,7381,0.0155,13181.13,27.68,270880,0.5688,262845,3.24
CMP0053,2024-08-09,399566,10348,0.0259,12574.34,31.47,345220,0.864,293389,3.13
CMP0053,2024-08-10,317577,9400,0.0296,4306.34,13.56,231949,0.7304,213260,3.11
CMP0053,2024-08-11,334866,12892,0.0385,7919.58,23.65,285364,0.8522,225021,3.53
CMP0053,2024-08-12,305407,1801,0.0059,5182.76,16.97,203665,0.6669,172822,4.14
CMP0053,2024-08-13,481183,4763,0.0099,8810.46,18.31,352741,0.7331,377604,2.28
CMP0054,2024-11-27,2423574,88945,0.0367,15850.17,6.54,1591231,0.6566,1449419,2.27
CMP0054,2024-11-28,2782615,115478,0.0415,32584.42,11.71,2466387,0.8864,1766371,3.15
CMP0054,2024-11-29,2028411,47667,0.0235,46815.73,23.08,1214062,0.5985,1264406,3.52
CMP0054,2024-11-30,3697022,45843,0.0124,102259.63,27.66,2954104,0.799,2712305,3.81
CMP0054,2024-12-01,2998961,59679,0.0199,83850.95,27.96,2339434,0.7801,1861198,3.65
CMP0054,2024-12-02,3441858,23060,0.0067,32215.79,9.36,2147062,0.6238,2414247,1.44
CMP0054,2024-12-03,3072730,35643,0.0116,97835.72,31.84,2035226,0.6624,1850884,1.26
CMP0055,2024-10-16,1076410,21312,0.0198,31108.25,28.9,734225,0.6821,634706,3.92
CMP0055,2024-10-17,1070724,46576,0.0435,7313.04,6.83,614120,0.5736,704167,3.2
CMP0055,2024-10-18,1078489,63846,0.0592,12758.52,11.83,696050,0.6454,684927,2.31
CMP0055,2024-10-19,1168626,13672,0.0117,33679.8,28.82,758405,0.649,686912,3.45
CMP0055,2024-10-20,971318,11461,0.0118,22738.55,23.41,788098,0.8114,759238,2.59
CMP0055,2024-10-21,1013559,7500,0.0074,28258.02,27.88,599058,0.591,584289,3.18
CMP0055,2024-10-22,956265,21324,0.0223,29290.4,30.63,817353,0.8547,535979,1.46
CMP0055,2024-10-23,1159590,35019,0.0302,33210.66,28.64,1028631,0.8871,683297,2.09
CMP0055,2024-10-24,1200400,29769,0.0248,22987.66,19.15,985581,0.821,690018,3.3
CMP0055,2024-10-25,1158660,14483,0.0125,11099.96,9.58,1001059,0.864,764457,2.51
CMP0055,2024-10-26,960196,12962,0.0135,11887.23,12.38,815574,0.8494,610041,2.82
CMP0055,2024-10-27,1193084,4653,0.0039,18707.56,15.68,989415,0.8293,763765,3.36
CMP0055,2024-10-28,929319,16170,0.0174,23781.27,25.59,656133,0.706,564138,3.83
CMP0055,2024-10-29,878905,15117,0.0172,14624.98,16.64,632581,0.7197,670690,3.8
CMP0055,2024-10-30,733941,5064,0.0069,4968.78,6.77,443202,0.6039,405492,3.84
CMP0055,2024-10-31,906972,13695,0.0151,7437.17,8.2,604476,0.6665,721483,1.66
CMP0055,2024-11-01,906472,1178,0.0013,23332.59,25.74,719979,0.7943,643927,4.17
CMP0055,2024-11-02,1139060,17085,0.015,25537.73,22.42,927134,0.8139,814530,2.87
CMP0055,2024-11-03,753055,15814,0.021,12387.75,16.45,603891,0.8019,518405,2.13
CMP0055,2024-11-04,1029084,48984,0.0476,30502.05,29.64,569005,0.5529,637975,2.89
CMP0055,2024-11-05,1011684,14669,0.0145,24492.87,24.21,723445,0.7151,608308,2.95
CMP0055,2024-11-06,1225380,96314,0.0786,28122.47,22.95,990185,0.8081,945893,3.76
CMP0055,2024-11-07,984662,28358,0.0288,10959.29,11.13,651419,0.6616,550664,2.24
CMP0055,2024-11-08,941774,33150,0.0352,23770.38,25.24,561883,0.5966,751517,2.07
CMP0055,2024-11-09,984495,18410,0.0187,20034.47,20.35,731375,0.7429,727799,1.64
CMP0055,2024-11-10,1000639,600,0.0006,26727.07,26.71,769717,0.7692,610724,3.73
CMP0055,2024-11-11,1131993,28752,0.0254,35838.9,31.66,668853,0.5909,639560,2.37
CMP0055,2024-11-12,1129232,12082,0.0107,17186.91,15.22,641021,0.5677,804849,1.52
CMP0055,2024-11-13,1257737,10313,0.0082,31644.66,25.16,902633,0.7177,1000828,3.84
CMP0055,2024-11-14,1061254,66752,0.0629,21978.57,20.71,934864,0.8809,750238,2.91
CMP0055,2024-11-15,816390,18613,0.0228,12335.65,15.11,534962,0.6553,609188,3.53
CMP0055,2024-11-16,1001452,37053,0.037,24605.68,24.57,743354,0.7423,612796,2.21
CMP0055,2024-11-17,828505,8285,0.01,22692.75,27.39,566423,0.6837,475973,3.52
CMP0055,2024-11-18,749919,8399,0.0112,6096.84,8.13,429712,0.573,579032,2.72
CMP0055,2024-11-19,1132253,11209,0.0099,17663.15,15.6,843205,0.7447,789248,2.86
CMP0055,2024-11-20,968822,32068,0.0331,12459.05,12.86,711663,0.7346,635407,2.6
CMP0055,2024-11-21,1181268,91902,0.0778,22125.15,18.73,1075084,0.9101,892983,1.59
CMP0055,2024-11-22,1243449,7958,0.0064,30452.07,24.49,743423,0.5979,902907,4.04
CMP0055,2024-11-23,863702,22542,0.0261,9958.48,11.53,626306,0.7251,636223,4.31
CMP0055,2024-11-24,1197025,48599,0.0406,36808.52,30.75,924812,0.7726,780645,1.51
CMP0055,2024-11-25,1211042,11383,0.0094,8537.85,7.05,734766,0.6067,778538,4.47
CMP0055,2024-11-26,1387379,34684,0.025,25846.87,18.63,1169207,0.8427,812358,3.1
CMP0056,2024-09-25,695403,11613,0.0167,20340.54,29.25,611225,0.879,419950,3.89
CMP0056,2024-09-26,565406,8085,0.0143,5190.43,9.18,383910,0.679,434009,2.52
CMP0056,2024-09-27,1047051,17485,0.0167,21684.43,20.71,924657,0.8831,780406,2.72
CMP0056,2024-09-28,892308,45507,0.051,19407.7,21.75,742330,0.8319,603370,2.67
CMP0056,2024-09-29,971159,27289,0.0281,17170.09,17.68,845440,0.8705,613096,3.82
CMP0056,2024-09-30,748794,6289,0.0084,12467.42,16.65,476340,0.6361,485854,2.94
CMP0056,2024-10-01,728617,3643,0.005,21231.9,29.14,599132,0.8223,518395,4.04
CMP0056,2024-10-02,863742,16583,0.0192,18026.3,20.87,729498,0.8446,627810,3.01
CMP0056,2024-10-03,675123,19646,0.0291,13867.03,20.54,419384,0.6212,475742,3.06
CMP0056,2024-10-04,959644,11707,0.0122,19989.38,20.83,595052,0.6201,641962,4.15
CMP0056,2024-10-05,958849,30011,0.0313,29091.48,30.34,591135,0.6165,531915,3.77
CMP0056,2024-10-06,894673,11720,0.0131,21785.29,24.35,785909,0.8784,591430,3.84
CMP0056,2024-10-07,733346,18553,0.0253,12063.54,16.45,415546,0.5666,561371,1.18
CMP0056,2024-10-08,638881,2811,0.0044,10726.81,16.79,554593,0.8681,402076,1.97
CMP0056,2024-10-09,699542,6225,0.0089,6002.07,8.58,428272,0.6122,409937,1.97
CMP0056,2024-10-10,703782,6826,0.0097,9838.87,13.98,493134,0.7007,416848,3.19
CMP0056,2024-10-11,878798,2372,0.0027,5896.73,6.71,502361,0.5716,569008,2.19
CMP0056,2024-10-12,899826,38152,0.0424,12984.49,14.43,619926,0.6889,681110,1.51
CMP0056,2024-10-13,992980,21150,0.0213,25380.57,25.56,761447,0.7668,668518,3.66
CMP0056,2024-10-14,672234,18688,0.0278,6043.38,8.99,384809,0.5724,447846,2.48
CMP0056,2024-10-15,913982,18645,0.0204,15162.96,16.59,581734,0.6365,705172,2.02
CMP0056,2024-10-16,685847,7269,0.0106,16151.7,23.55,439721,0.6411,472326,3.77
CMP0056,2024-10-17,491258,19404,0.0395,8145.06,16.58,285443,0.581,348277,1.79
CMP0056,2024-10-18,843182,27403,0.0325,13246.39,15.71,771144,0.9146,628597,2.93
CMP0056,2024-10-19,946118,23747,0.0251,28099.7,29.7,678503,0.7171,520601,2.68
CMP0056,2024-10-20,934798,11217,0.012,12638.47,13.52,850357,0.9097,514265,4.27
CMP0056,2024-10-21,852040,25220,0.0296,18352.94,21.54,733274,0.8606,549598,2.29
CMP0056,2024-10-22,660212,5413,0.0082,14003.1,21.21,487778,0.7388,370623,3.61
CMP0057,2024-12-17,656702,21802,0.0332,9075.62,13.82,457237,0.6963,381375,1.57
CMP0057,2024-12-18,538556,6354,0.0118,7146.64,13.27,382281,0.7098,378395,4.36
CMP0057,2024-12-19,780531,9444,0.0121,18522.0,23.73,528243,0.6768,480292,3.66
CMP0057,2024-12-20,804839,18672,0.0232,9971.96,12.39,735395,0.9137,511400,2.66
CMP0057,2024-12-21,559958,6831,0.0122,3589.33,6.41,451316,0.806,398472,1.11
CMP0057,2024-12-22,715655,18964,0.0265,21068.88,29.44,571737,0.7989,467530,4.14
CMP0057,2024-12-23,934339,8128,0.0087,24124.63,25.82,699921,0.7491,697788,3.31
CMP0058,2024-08-24,898980,5214,0.0058,6113.06,6.8,771208,0.8579,645380,3.39
CMP0058,2024-08-25,899486,7375,0.0082,24403.06,27.13,770106,0.8562,575213,1.7
CMP0058,2024-08-26,705476,11358,0.0161,17016.08,24.12,390212,0.5531,469616,4.28
CMP0058,2024-08-27,729772,11384,0.0156,8582.12,11.76,406715,0.5573,452665,4.23
CMP0058,2024-08-28,623419,6421,0.0103,5199.31,8.34,484380,0.777,390132,3.54
CMP0058,2024-08-29,782666,12053,0.0154,14745.43,18.84,535585,0.6843,485400,4.18
CMP0058,2024-08-30,759515,8886,0.0117,8688.85,11.44,472837,0.6226,573647,2.45
CMP0058,2024-08-31,729147,59790,0.082,15166.26,20.8,534307,0.7328,501613,3.34
CMP0058,2024-09-01,789876,1105,0.0014,18751.66,23.74,599596,0.7591,447338,1.54
CMP0058,2024-09-02,792248,2931,0.0037,10101.16,12.75,602793,0.7609,480887,2.88
CMP0058,2024-09-03,806583,8791,0.0109,8864.35,10.99,645953,0.8009,643643,3.46
CMP0058,2024-09-04,746733,10528,0.0141,9393.9,12.58,565458,0.7572,495443,4.29
CMP0058,2024-09-05,872666,44331,0.0508,26633.77,30.52,496712,0.5692,684772,2.57
CMP0058,2024-09-06,831579,28523,0.0343,10910.32,13.12,666647,0.8017,554369,2.33
CMP0058,2024-09-07,511623,6139,0.012,14826.83,28.98,323899,0.6331,316941,2.53
CMP0058,2024-09-08,673765,7546,0.0112,4130.18,6.13,419085,0.622,384350,3.04
CMP0058,2024-09-09,835888,28503,0.0341,21039.3,25.17,762242,0.9119,548304,1.35
CMP0058,2024-09-10,754466,50775,0.0673,7755.91,10.28,501718,0.665,533029,1.43
CMP0058,2024-09-11,786830,4170,0.0053,21252.28,27.01,605258,0.7692,555953,2.24
CMP0058,2024-09-12,914997,10613,0.0116,8051.97,8.8,583944,0.6382,581206,1.29
CMP0058,2024-09-13,504683,4996,0.0099,13449.8,26.65,453766,0.8991,375452,3.21
CMP0058,2024-09-14,753050,22440,0.0298,16762.89,22.26,575485,0.7642,430280,1.31
CMP0058,2024-09-15,768891,9611,0.0125,10879.81,14.15,664049,0.8636,435389,1.53
CMP0058,2024-09-16,700649,22000,0.0314,12254.35,17.49,463510,0.6615,495040,1.32
CMP0058,2024-09-17,799801,21914,0.0274,16427.91,20.54,527164,0.6591,516162,1.43
CMP0058,2024-09-18,733170,9384,0.0128,8842.03,12.06,565892,0.7718,524165,1.14
CMP0058,2024-09-19,647398,3107,0.0048,17266.1,26.67,566846,0.8756,456291,2.25
CMP0058,2024-09-20,963653,30355,0.0315,25401.89,26.36,691910,0.718,609075,1.75
CMP0059,2024-11-16,3626748,99010,0.0273,77866.28,21.47,2085349,0.575,2710465,1.76
CMP0059,2024-11-17,2623966,59301,0.0226,59222.91,22.57,1692001,0.6448,1719358,3.56
CMP0059,2024-11-18,3100428,76580,0.0247,38197.27,12.32,2619549,0.8449,1752122,2.16
CMP0059,2024-11-19,3008835,71008,0.0236,93123.44,30.95,2494679,0.8291,1888937,4.11
CMP0059,2024-11-20,2814153,79077,0.0281,27663.12,9.83,1869187,0.6642,1789027,2.35
CMP0059,2024-11-21,3357321,45659,0.0136,71343.07,21.25,2689117,0.801,1894634,2.82
CMP0059,2024-11-22,2774616,120418,0.0434,78604.87,28.33,1959330,0.7062,1661583,1.78
CMP0060,2024-08-21,2802386,49321,0.0176,74039.04,26.42,1895461,0.6764,2009212,3.46
CMP0060,2024-08-22,2949953,28614,0.0097,63689.49,21.59,1983913,0.6725,2049045,4.37
CMP0060,2024-08-23,3016370,108890,0.0361,50946.49,16.89,1840117,0.61,2001589,3.78
CMP0060,2024-08-24,2672283,40351,0.0151,31265.71,11.7,1473411,0.5514,1618752,1.88
CMP0060,2024-08-25,3774035,31324,0.0083,46080.97,12.21,3101490,0.8218,2974494,2.23
CMP0060,2024-08-26,3109116,1243,0.0004,35257.38,11.34,1921963,0.6182,2479425,2.33
CMP0060,2024-08-27,2612987,89886,0.0344,17716.05,6.78,1548508,0.5926,1626960,1.76
CMP0061,2024-09-04,241380,3765,0.0156,6251.74,25.9,136680,0.5662,134550,1.77
CMP0061,2024-09-05,241319,3692,0.0153,7003.08,29.02,196908,0.816,153226,2.99
CMP0061,2024-09-06,217173,3865,0.0178,1424.65,6.56,187174,0.8619,168887,1.17
CMP0061,2024-09-07,304722,9994,0.0328,4829.84,15.85,256375,0.8413,176050,4.28
CMP0061,2024-09-08,306341,21168,0.0691,3749.61,12.24,260239,0.8495,219103,4.3
CMP0061,2024-09-09,168101,4437,0.0264,5369.15,31.94,147292,0.8762,129370,1.32
CMP0061,2024-09-10,213420,1429,0.0067,6409.0,30.03,180150,0.8441,127608,2.39
CMP0061,2024-09-11,191827,786,0.0041,4141.54,21.59,174847,0.9115,117232,1.26
CMP0061,2024-09-12,254317,6281,0.0247,2777.14,10.92,190260,0.7481,190075,2.21
CMP0061,2024-09-13,263347,5635,0.0214,7028.73,26.69,229890,0.873,200901,4.39
CMP0061,2024-09-14,271071,5258,0.0194,3101.05,11.44,157253,0.5801,180985,3.36
CMP0061,2024-09-15,284743,1936,0.0068,5472.76,19.22,235762,0.828,202528,2.83
CMP0061,2024-09-16,192209,1518,0.0079,3473.22,18.07,128602,0.6691,123680,3.46
CMP0061,2024-09-17,212297,1719,0.0081,4003.92,18.86,137841,0.6493,138043,4.23
CMP0061,2024-09-18,198696,5325,0.0268,1380.94,6.95,125421,0.6312,119366,4.03
CMP0061,2024-09-19,223723,3378,0.0151,3123.17,13.96,196612,0.8788,155004,4.28
CMP0061,2024-09-20,211858,2160,0.0102,4302.84,20.31,127051,0.5997,120972,2.61
CMP0061,2024-09-21,268827,1720,0.0064,5693.76,21.18,194131,0.7221,189598,2.55
CMP0061,2024-09-22,248127,3994,0.0161,4126.35,16.63,210328,0.8477,156135,2.4
CMP0061,2024-09-23,191516,2049,0.0107,2313.51,12.08,151064,0.7888,122526,1.38
CMP0061,2024-09-24,270858,8396,0.031,5235.69,19.33,213477,0.7882,202186,4.25
CMP0062,2024-11-25,282034,5048,0.0179,2216.79,7.86,159113,0.5642,169242,1.77
CMP0062,2024-11-26,427378,7778,0.0182,5927.73,13.87,364023,0.8518,308090,2.03
CMP0062,2024-11-27,381300,2745,0.0072,12182.53,31.95,350570,0.9194,281435,3.62
CMP0062,2024-11-28,403438,14120,0.035,2509.38,6.22,266594,0.6608,304828,3.76
CMP0062,2024-11-29,354038,13453,0.038,5859.33,16.55,270691,0.7646,252721,2.7
CMP0062,2024-11-30,398737,8293,0.0208,10283.43,25.79,241329,0.6052,258930,1.87
CMP0062,2024-12-01,395716,1701,0.0043,7257.43,18.34,293168,0.7409,295399,3.68
CMP0062,2024-12-02,394470,14437,0.0366,7100.46,18.0,332541,0.843,247833,1.74
CMP0062,2024-12-03,409939,8198,0.02,9900.03,24.15,257255,0.6275,271581,3.0
CMP0062,2024-12-04,399658,7793,0.0195,8400.81,21.02,238790,0.5975,314066,1.13
CMP0062,2024-12-05,377746,27386,0.0725,10459.79,27.69,255255,0.6757,247343,3.43
CMP0062,2024-12-06,286093,6122,0.0214,7507.08,26.24,214258,0.7489,180673,1.18
CMP0062,2024-12-07,562325,9447,0.0168,16858.5,29.98,341255,0.6069,443201,2.22
CMP0062,2024-12-08,423950,17975,0.0424,9191.24,21.68,328518,0.7749,325057,4.43
CMP0062,2024-12-09,539563,6744,0.0125,8719.34,16.16,403464,0.7478,322164,1.47
CMP0062,2024-12-10,422634,10354,0.0245,7497.53,17.74,372363,0.8811,242300,1.45
CMP0062,2024-12-11,243666,7553,0.031,1664.24,6.83,196136,0.8049,163780,1.73
CMP0062,2024-12-12,335367,4728,0.0141,10409.79,31.04,219669,0.655,203990,3.34
CMP0062,2024-12-13,349534,1083,0.0031,2618.01,7.49,259304,0.7419,207258,4.02
CMP0062,2024-12-14,400664,2403,0.006,4038.69,10.08,236782,0.591,274099,2.73
CMP0062,2024-12-15,274224,9159,0.0334,8454.33,30.83,238659,0.8703,159730,1.8
CMP0062,2024-12-16,320238,8326,0.026,7829.82,24.45,232386,0.7257,224463,4.29
CMP0062,2024-12-17,425426,6381,0.015,8108.62,19.06,341782,0.8034,263279,1.13
CMP0062,2024-12-18,407832,7585,0.0186,3123.99,7.66,284551,0.6977,306645,2.89
CMP0062,2024-12-19,304346,1156,0.0038,8783.43,28.86,219213,0.7203,211226,3.61
CMP0062,2024-12-20,368859,12061,0.0327,10663.71,28.91,265148,0.7188,267451,3.52
CMP0062,2024-12-21,351272,3547,0.0101,7706.91,21.94,298473,0.8497,208578,1.95
CMP0062,2024-12-22,396436,5351,0.0135,9934.69,25.06,285194,0.7194,308311,1.72
CMP0063,2024-09-16,616176,5052,0.0082,10000.54,16.23,554499,0.8999,375820,4.06
CMP0063,2024-09-17,739563,5768,0.0078,16514.44,22.33,486631,0.658,576174,3.47
CMP0063,2024-09-18,643528,3603,0.0056,7497.1,11.65,471442,0.7326,513598,2.98
CMP0063,2024-09-19,542282,11062,0.0204,4332.83,7.99,319367,0.5889,402175,2.21
CMP0063,2024-09-20,451268,15297,0.0339,5672.44,12.57,332694,0.7372,300337,1.35
CMP0063,2024-09-21,365549,9540,0.0261,9317.84,25.49,252604,0.691,269222,4.01
CMP0063,2024-09-22,677537,11450,0.0169,4254.93,6.28,401395,0.5924,527993,2.21
CMP0063,2024-09-23,515754,23621,0.0458,9593.02,18.6,296686,0.5752,354378,1.92
CMP0063,2024-09-24,654538,2159,0.0033,6316.29,9.65,558686,0.8536,497704,1.68
CMP0063,2024-09-25,627207,19067,0.0304,5400.25,8.61,413224,0.6588,428798,2.43
CMP0063,2024-09-26,641058,8782,0.0137,16571.35,25.85,513251,0.8006,377181,2.32
CMP0063,2024-09-27,442960,14484,0.0327,3056.42,6.9,354264,0.7998,267566,3.47
CMP0063,2024-09-28,593601,949,0.0016,16086.59,27.1,467267,0.7872,432796,4.15
CMP0063,2024-09-29,700513,22206,0.0317,9821.19,14.02,398867,0.5694,386099,3.73
CMP0063,2024-09-30,584674,2455,0.0042,17627.92,30.15,402617,0.6886,356437,1.41
CMP0063,2024-10-01,643898,2511,0.0039,20424.44,31.72,434459,0.6747,385075,3.37
CMP0063,2024-10-02,596554,8888,0.0149,17264.27,28.94,504005,0.8449,451956,1.67
CMP0063,2024-10-03,538306,6944,0.0129,9048.92,16.81,317516,0.5898,340093,3.01
CMP0063,2024-10-04,513327,20635,0.0402,5846.79,11.39,385215,0.7504,402823,1.51
CMP0063,2024-10-05,663074,16444,0.0248,10125.14,15.27,407286,0.6142,431352,2.18
CMP0063,2024-10-06,670134,11727,0.0175,12015.5,17.93,384942,0.5744,505127,3.31
CMP0063,2024-10-07,551407,13895,0.0252,4273.4,7.75,347864,0.6309,344840,3.14
CMP0063,2024-10-08,729550,23929,0.0328,6310.61,8.65,545985,0.7484,581913,3.99
CMP0063,2024-10-09,690885,33577,0.0486,21369.07,30.93,533329,0.772,549498,3.47
CMP0063,2024-10-10,514681,10242,0.0199,16099.22,31.28,415181,0.8067,325799,3.26
CMP0063,2024-10-11,650669,5725,0.0088,9285.05,14.27,562877,0.8651,436294,2.24
CMP0063,2024-10-12,685649,5073,0.0074,14542.62,21.21,474110,0.6915,486912,1.89
CMP0063,2024-10-13,684831,6094,0.0089,21709.14,31.7,435596,0.6361,482180,4.15
CMP0063,2024-10-14,556415,1724,0.0031,14016.09,25.19,461925,0.8302,392240,1.3
CMP0063,2024-10-15,568029,14995,0.0264,7787.68,13.71,344292,0.6061,341440,1.23
CMP0063,2024-10-16,571657,25095,0.0439,12319.21,21.55,514476,0.9,420061,2.22
CMP0063,2024-10-17,730044,9125,0.0125,16593.9,22.73,606945,0.8314,496589,4.42
CMP0063,2024-10-18,412224,5441,0.0132,5565.02,13.5,230336,0.5588,314004,2.23
CMP0063,2024-10-19,539655,2158,0.004,10803.89,20.02,477839,0.8855,386528,1.94
CMP0063,2024-10-20,656500,24093,0.0367,16222.11,24.71,508776,0.775,423686,2.19
CMP0063,2024-10-21,764610,15445,0.0202,4710.0,6.16,666625,0.8718,433913,1.75
CMP0063,2024-10-22,466637,4059,0.0087,4517.05,9.68,291910,0.6256,267354,3.11
CMP0063,2024-10-23,618788,14974,0.0242,18705.96,30.23,394436,0.6374,352425,3.56
CMP0063,2024-10-24,816246,16488,0.0202,20210.25,24.76,522905,0.6406,484938,1.95
CMP0063,2024-10-25,637494,12176,0.0191,11258.14,17.66,500543,0.7852,393949,3.76
CMP0063,2024-10-26,660617,6474,0.0098,20670.71,31.29,460681,0.6973,391046,2.6
CMP0063,2024-10-27,631449,12818,0.0203,15855.68,25.11,524936,0.8313,476681,3.8
CMP0064,2024-09-26,3212060,64562,0.0201,51136.0,15.92,2781629,0.866,2376007,4.23
CMP0064,2024-09-27,4006918,46880,0.0117,39948.97,9.97,3281104,0.8189,2461541,2.68
CMP0064,2024-09-28,4053961,23107,0.0057,63849.89,15.75,3138695,0.7742,2302588,1.56
CMP0064,2024-09-29,3893317,112127,0.0288,39011.04,10.02,2414485,0.6202,2153816,2.8
CMP0064,2024-09-30,4029857,108806,0.027,75680.71,18.78,3596670,0.8925,3163724,4.4
CMP0064,2024-10-01,4393362,76883,0.0175,82287.67,18.73,3458401,0.7872,3062512,2.49
CMP0064,2024-10-02,4026251,88980,0.0221,120626.48,29.96,2787718,0.6924,2783758,1.76
CMP0065,2024-11-11,1152324,12099,0.0105,14565.38,12.64,1023081,0.8878,841843,2.83
CMP0065,2024-11-12,1300893,7935,0.0061,31091.34,23.9,1050716,0.8077,927181,4.25
CMP0065,2024-11-13,961471,28267,0.0294,11826.09,12.3,541084,0.5628,724258,3.25
CMP0065,2024-11-14,948489,8441,0.0089,22887.04,24.13,748142,0.7888,583636,2.65
CMP0065,2024-11-15,1199812,6718,0.0056,15129.63,12.61,927209,0.7728,945385,3.96
CMP0065,2024-11-16,991057,3072,0.0031,25817.03,26.05,781376,0.7884,772252,2.45
CMP0065,2024-11-17,1127441,72043,0.0639,33180.59,29.43,836401,0.7419,673314,2.54
CMP0065,2024-11-18,928943,20622,0.0222,11676.81,12.57,614794,0.6618,735649,3.34
CMP0065,2024-11-19,761995,11658,0.0153,10675.55,14.01,535145,0.7023,586050,3.57
CMP0065,2024-11-20,1059441,13137,0.0124,23879.8,22.54,887150,0.8374,673908,1.59
CMP0065,2024-11-21,1039714,12164,0.0117,31378.57,30.18,724939,0.6972,651926,4.46
CMP0065,2024-11-22,1197493,6466,0.0054,7232.86,6.04,689565,0.5758,867079,2.88
CMP0065,2024-11-23,795607,25061,0.0315,19937.91,25.06,487814,0.6131,512102,3.49
CMP0065,2024-11-24,1019052,31284,0.0307,10934.43,10.73,918103,0.9009,675290,3.87
CMP0065,2024-11-25,895962,10124,0.0113,6746.59,7.53,553354,0.6176,662824,1.98
CMP0065,2024-11-26,918340,7897,0.0086,15271.99,16.63,718077,0.7819,648444,4.05
CMP0065,2024-11-27,999640,13395,0.0134,13615.1,13.62,689511,0.6898,618967,2.26
CMP0065,2024-11-28,1318441,10151,0.0077,24298.87,18.43,1053352,0.7989,758370,1.31
CMP0065,2024-11-29,1287181,57022,0.0443,7967.65,6.19,985343,0.7655,1025760,1.43
CMP0065,2024-11-30,1096859,14039,0.0128,6789.56,6.19,847986,0.7731,873894,3.69
CMP0065,2024-12-01,873698,41762,0.0478,15988.67,18.3,589484,0.6747,574337,2.36
CMP0066,2024-09-01,1780202,38630,0.0217,56948.66,31.99,1517147,0.8522,1397899,3.36
CMP0066,2024-09-02,2028751,11563,0.0057,15195.34,7.49,1383062,0.6817,1283314,1.44
CMP0066,2024-09-03,1477784,16698,0.0113,35703.26,24.16,1209317,0.8183,1140838,1.57
CMP0066,2024-09-04,1372940,21417,0.0156,39252.35,28.59,897083,0.6534,995129,3.87
CMP0066,2024-09-05,1977155,43892,0.0222,43655.58,22.08,1569434,0.7938,1322320,2.5
CMP0066,2024-09-06,2097597,56844,0.0271,66367.97,31.64,1896841,0.9043,1579815,1.16
CMP0066,2024-09-07,1894720,19705,0.0104,13623.04,7.19,1608231,0.8488,1196290,2.61
CMP0067,2024-11-04,350530,455,0.0013,5748.69,16.4,272242,0.7767,199922,2.55
CMP0067,2024-11-05,320462,24194,0.0755,9677.95,30.2,293268,0.9151,244921,4.18
CMP0067,2024-11-06,334075,5144,0.0154,4556.78,13.64,207854,0.6222,195697,2.87
CMP0067,2024-11-07,326725,7841,0.024,9239.78,28.28,240703,0.7367,190142,3.81
CMP0067,2024-11-08,305267,2045,0.0067,7173.77,23.5,229877,0.753,234657,1.67
CMP0067,2024-11-09,203455,6001,0.0295,1833.13,9.01,161782,0.7952,124153,1.82
CMP0067,2024-11-10,319706,2845,0.0089,7401.19,23.15,186417,0.5831,210597,3.53
CMP0067,2024-11-11,318084,5693,0.0179,9590.23,30.15,281179,0.884,235883,1.85
CMP0067,2024-11-12,396828,8531,0.0215,7293.7,18.38,350033,0.8821,230467,1.56
CMP0067,2024-11-13,337854,27433,0.0812,8399.05,24.86,197125,0.5835,244250,4.06
CMP0067,2024-11-14,300478,5348,0.0178,7788.39,25.92,232044,0.7722,213638,2.38
CMP0067,2024-11-15,306612,10118,0.033,7708.23,25.14,211933,0.6912,217855,3.01
CMP0067,2024-11-16,334363,2574,0.0077,9034.49,27.02,211556,0.6327,193570,1.4
CMP0067,2024-11-17,289655,10601,0.0366,7316.69,25.26,259753,0.8968,213230,1.49
CMP0067,2024-11-18,269644,2157,0.008,7601.26,28.19,243489,0.903,187194,1.11
CMP0067,2024-11-19,277310,7182,0.0259,5526.79,19.93,239438,0.8634,220451,2.19
CMP0067,2024-11-20,275916,7091,0.0257,6528.17,23.66,233074,0.8447,187605,3.15
CMP0067,2024-11-21,348646,10947,0.0314,5675.96,16.28,261194,0.7492,231902,1.59
CMP0067,2024-11-22,398596,4185,0.0105,11069.01,27.77,292943,0.7349,264646,3.14
CMP0067,2024-11-23,336692,2020,0.006,7844.92,23.3,285002,0.8465,244351,3.14
CMP0067,2024-11-24,322400,7769,0.0241,10236.2,31.75,192047,0.5957,257665,3.5
CMP0068,2024-11-10,236788,5611,0.0237,6523.51,27.55,173603,0.7332,171916,2.38
CMP0068,2024-11-11,302744,11746,0.0388,4438.23,14.66,259244,0.8563,182449,3.59
CMP0068,2024-11-12,364340,5173,0.0142,8820.67,24.21,207473,0.5694,279214,1.71
CMP0068,2024-11-13,341078,19305,0.0566,5522.05,16.19,311821,0.9142,243806,3.98
CMP0068,2024-11-14,353110,15007,0.0425,7150.48,20.25,238293,0.6748,254053,4.47
CMP0068,2024-11-15,355348,1812,0.0051,5745.98,16.17,264841,0.7453,220585,3.47
CMP0068,2024-11-16,333560,5270,0.0158,9426.41,28.26,232056,0.6957,194373,3.66
CMP0068,2024-11-17,222360,12541,0.0564,5988.15,26.93,192214,0.8644,161743,2.66
CMP0068,2024-11-18,411242,11103,0.027,3939.7,9.58,332079,0.8075,256109,1.59
CMP0068,2024-11-19,271345,3880,0.0143,6908.44,25.46,223064,0.8221,149859,3.57
CMP0068,2024-11-20,352084,8872,0.0252,8323.27,23.64,322417,0.9157,206638,4.33
CMP0068,2024-11-21,455138,14837,0.0326,12689.25,27.88,406262,0.8926,261254,4.41
CMP0068,2024-11-22,453293,1994,0.0044,3336.24,7.36,413721,0.9127,322982,3.12
CMP0068,2024-11-23,320229,12296,0.0384,7141.11,22.3,223993,0.6995,178847,1.92
CMP0069,2024-07-05,1117289,12513,0.0112,26692.03,23.89,1009119,0.9032,796849,2.38
CMP0069,2024-07-06,1351756,57990,0.0429,36064.85,26.68,1072823,0.7937,1006291,4.04
CMP0069,2024-07-07,1386780,38275,0.0276,18250.02,13.16,1097889,0.7917,890078,1.51
CMP0069,2024-07-08,1485512,14558,0.0098,27808.78,18.72,1184626,0.7975,1006340,1.18
CMP0069,2024-07-09,1070276,23760,0.0222,22358.07,20.89,697047,0.6513,788086,3.8
CMP0069,2024-07-10,1765995,39205,0.0222,32829.85,18.59,1392488,0.7885,1162756,3.04
CMP0069,2024-07-11,1753948,26484,0.0151,13417.7,7.65,1554499,0.8863,1313367,1.73
CMP0070,2024-11-13,790183,42827,0.0542,5144.09,6.51,597174,0.7557,540567,3.86
CMP0070,2024-11-14,821744,575,0.0007,16015.79,19.49,629741,0.7663,598588,3.79
CMP0070,2024-11-15,886902,3724,0.0042,22686.95,25.58,804687,0.9073,686817,1.71
CMP0070,2024-11-16,648766,12586,0.0194,6928.82,10.68,489978,0.7552,486657,1.52
CMP0070,2024-11-17,800897,6407,0.008,9098.19,11.36,488265,0.6096,553118,3.99
CMP0070,2024-11-18,600708,12494,0.0208,18910.29,31.48,442886,0.7373,384987,2.95
CMP0070,2024-11-19,765708,3445,0.0045,23415.35,30.58,421163,0.55,478682,4.32
CMP0070,2024-11-20,812273,15595,0.0192,21403.39,26.35,644854,0.7939,537099,3.06
CMP0070,2024-11-21,888349,5507,0.0062,17402.76,19.59,812685,0.9148,566792,2.93
CMP0070,2024-11-22,791660,10291,0.013,6784.53,8.57,675533,0.8533,482338,1.74
CMP0070,2024-11-23,1042492,2397,0.0023,28824.9,27.65,942669,0.9042,730303,1.83
CMP0070,2024-11-24,874092,19055,0.0218,8164.02,9.34,682015,0.7803,496999,1.97
CMP0070,2024-11-25,1009838,8381,0.0083,29790.22,29.5,704889,0.698,576429,1.96
CMP0070,2024-11-26,876273,4381,0.005,21083.13,24.06,655701,0.7483,497407,3.59
CMP0070,2024-11-27,933337,39200,0.042,22512.09,24.12,579856,0.6213,600168,3.33
CMP0070,2024-11-28,1043027,58722,0.0563,22664.98,21.73,735630,0.7053,613688,4.47
CMP0070,2024-11-29,781870,21892,0.028,5215.07,6.67,604647,0.7733,445182,1.52
CMP0070,2024-11-30,1052296,12417,0.0118,21319.52,20.26,604444,0.5744,747176,2.33
CMP0070,2024-12-01,935701,4397,0.0047,12257.68,13.1,815441,0.8715,567447,1.13
CMP0070,2024-12-02,803654,10206,0.0127,25065.97,31.19,554596,0.6901,463106,4.25
CMP0070,2024-12-03,1253039,501,0.0004,31250.79,24.94,831295,0.6634,946465,2.76
CMP0071,2024-08-19,181113,6031,0.0333,4384.75,24.21,157604,0.8702,124585,3.17
CMP0071,2024-08-20,225279,5564,0.0247,2351.91,10.44,202798,0.9002,145843,2.27
CMP0071,2024-08-21,208362,6188,0.0297,6494.64,31.17,155588,0.7467,145572,3.99
CMP0071,2024-08-22,193673,1820,0.0094,1805.03,9.32,107200,0.5535,131386,1.63
CMP0071,2024-08-23,176857,1485,0.0084,2803.18,15.85,145395,0.8221,99608,3.57
CMP0071,2024-08-24,226091,5810,0.0257,5516.62,24.4,145189,0.6422,158755,3.5
CMP0071,2024-08-25,202964,5216,0.0257,6421.78,31.64,171592,0.8454,137113,2.04
CMP0071,2024-08-26,191283,3137,0.0164,5830.31,30.48,167585,0.8761,144132,2.14
CMP0071,2024-08-27,188604,7751,0.0411,5776.94,30.63,132100,0.7004,118478,1.41
CMP0071,2024-08-28,205517,2178,0.0106,5133.81,24.98,184883,0.8996,121517,1.3
CMP0071,2024-08-29,234134,4799,0.0205,4778.67,20.41,171469,0.7324,179952,4.37
CMP0071,2024-08-30,198051,13130,0.0663,3808.52,19.23,162480,0.8204,132677,2.85
CMP0071,2024-08-31,196279,11089,0.0565,5709.76,29.09,158635,0.8082,127849,3.2
CMP0071,2024-09-01,163975,2869,0.0175,4163.33,25.39,133514,0.8142,118988,3.65
CMP0071,2024-09-02,237558,3872,0.0163,5988.84,25.21,214234,0.9018,179556,4.09
CMP0071,2024-09-03,228145,4060,0.0178,4982.69,21.84,176750,0.7747,180499,3.39
CMP0071,2024-09-04,138793,7036,0.0507,2721.73,19.61,87894,0.6333,78942,3.95
CMP0071,2024-09-05,149944,839,0.0056,4612.28,30.76,105921,0.7064,96679,2.37
CMP0071,2024-09-06,189998,6307,0.0332,5656.24,29.77,122057,0.6424,130106,3.71
CMP0071,2024-09-07,218114,5823,0.0267,3005.61,13.78,143652,0.6586,131580,3.61
CMP0071,2024-09-08,254883,4587,0.018,2969.39,11.65,168932,0.6628,199644,3.29
CMP0072,2024-11-12,249996,21724,0.0869,1729.97,6.92,180329,0.7213,176106,2.76
CMP0072,2024-11-13,354982,2307,0.0065,7809.6,22.0,238393,0.6716,226646,1.12
CMP0072,2024-11-14,412267,14553,0.0353,4468.97,10.84,280826,0.6812,237191,2.77
CMP0072,2024-11-15,366446,2968,0.0081,7098.06,19.37,222386,0.6069,212890,2.76
CMP0072,2024-11-16,276903,3295,0.0119,6388.15,23.07,175461,0.6337,179665,2.12
CMP0072,2024-11-17,287065,1148,0.004,3083.08,10.74,244083,0.8503,165686,2.59
CMP0072,2024-11-18,292812,4421,0.0151,2989.61,10.21,199370,0.6809,192813,2.32
CMP0072,2024-11-19,355331,11263,0.0317,3965.49,11.16,220354,0.6201,199008,2.44
CMP0072,2024-11-20,374873,8359,0.0223,11032.51,29.43,228415,0.6093,224829,2.73
CMP0072,2024-11-21,413196,9958,0.0241,5334.36,12.91,291635,0.7058,284085,3.82
CMP0072,2024-11-22,329039,1513,0.0046,4754.61,14.45,274032,0.8328,253505,2.81
CMP0072,2024-11-23,248823,6170,0.0248,6947.14,27.92,172651,0.6939,143678,1.47
CMP0072,2024-11-24,345845,9960,0.0288,3472.28,10.04,254196,0.735,256563,1.9
CMP0072,2024-11-25,380299,1635,0.0043,5666.46,14.9,346559,0.9113,279275,2.58
CMP0072,2024-11-26,342498,2054,0.006,6380.74,18.63,284798,0.8315,209587,1.62
CMP0072,2024-11-27,352844,4234,0.012,4407.02,12.49,294162,0.8337,270293,4.48
CMP0072,2024-11-28,380197,6577,0.0173,10394.59,27.34,237019,0.6234,276256,3.85
CMP0072,2024-11-29,299859,1979,0.0066,5715.31,19.06,185024,0.617,239328,3.11
CMP0072,2024-11-30,285369,12299,0.0431,3413.01,11.96,170921,0.5989,159690,4.47
CMP0072,2024-12-01,228215,14697,0.0644,3897.91,17.08,177572,0.7781,130706,1.27
CMP0072,2024-12-02,376301,11740,0.0312,5256.92,13.97,295142,0.7843,228737,2.24
CMP0072,2024-12-03,358973,3338,0.0093,6913.82,19.26,282954,0.7882,224743,2.02
CMP0072,2024-12-04,356310,10618,0.0298,5390.97,15.13,251087,0.7047,224461,1.26
CMP0072,2024-12-05,393707,13425,0.0341,2897.68,7.36,325028,0.8256,237403,2.7
CMP0072,2024-12-06,357654,3791,0.0106,3082.98,8.62,221169,0.6184,281503,2.34
CMP0072,2024-12-07,250565,9721,0.0388,2134.81,8.52,139077,0.5551,172374,4.03
CMP0072,2024-12-08,301452,6390,0.0212,7617.69,25.27,206106,0.6837,224491,2.9
CMP0072,2024-12-09,302096,4319,0.0143,6921.02,22.91,189629,0.6277,195157,4.12
CMP0072,2024-12-10,281108,2305,0.0082,7114.84,25.31,167127,0.5945,195831,4.2
CMP0072,2024-12-11,369089,7012,0.019,4041.52,10.95,299229,0.8107,288396,1.35
CMP0072,2024-12-12,338093,1419,0.0042,5044.35,14.92,276688,0.8184,269599,1.79
CMP0072,2024-12-13,367954,13503,0.0367,2627.19,7.14,228474,0.6209,253013,1.96
CMP0072,2024-12-14,299266,11102,0.0371,8436.31,28.19,265006,0.8855,237551,4.14
CMP0072,2024-12-15,306784,1994,0.0065,7562.23,24.65,272121,0.887,173924,2.52
CMP0072,2024-12-16,339406,2918,0.0086,6482.65,19.1,189420,0.5581,237512,3.47
CMP0072,2024-12-17,382254,4319,0.0113,2744.58,7.18,290316,0.7595,286154,3.46
CMP0072,2024-12-18,335816,4634,0.0138,5483.88,16.33,269773,0.8033,257760,4.4
CMP0072,2024-12-19,347016,1110,0.0032,8855.85,25.52,240182,0.6921,258472,2.46
CMP0072,2024-12-20,395085,14144,0.0358,4262.97,10.79,240686,0.6092,238809,3.47
CMP0072,2024-12-21,269195,8318,0.0309,7149.82,26.56,193420,0.7185,195688,2.89
CMP0072,2024-12-22,339478,8045,0.0237,3982.08,11.73,275674,0.8121,233573,1.68
CMP0072,2024-12-23,307339,522,0.0017,3746.46,12.19,173481,0.5645,180418,4.1
CMP0073,2024-11-14,440584,5903,0.0134,5740.81,13.03,371205,0.8425,313080,1.95
CMP0073,2024-11-15,381290,29969,0.0786,7587.67,19.9,209907,0.5505,242830,3.16
CMP0073,2024-11-16,473043,15894,0.0336,3860.03,8.16,383647,0.811,325131,3.56
CMP0073,2024-11-17,446147,22218,0.0498,9770.62,21.9,298969,0.6701,251767,3.87
CMP0073,2024-11-18,485226,3881,0.008,5677.14,11.7,440165,0.9071,288313,4.4
CMP0073,2024-11-19,454005,8898,0.0196,14278.46,31.45,380423,0.8379,338291,1.46
CMP0073,2024-11-20,450421,11981,0.0266,7175.21,15.93,356695,0.7919,345701,3.26
CMP0073,2024-11-21,356753,6421,0.018,9717.95,27.24,225338,0.6316,220187,3.08
CMP0073,2024-11-22,394803,12002,0.0304,10099.06,25.58,239877,0.6076,240012,3.57
CMP0073,2024-11-23,517607,3571,0.0069,15248.7,29.46,302627,0.5847,308172,1.73
CMP0073,2024-11-24,448333,18829,0.042,4891.31,10.91,327951,0.7315,328345,3.3
CMP0073,2024-11-25,360011,2556,0.0071,3686.51,10.24,221680,0.6158,233484,3.17
CMP0073,2024-11-26,556744,2059,0.0037,4381.58,7.87,356730,0.6407,432747,4.4
CMP0073,2024-11-27,504464,857,0.0017,9937.94,19.7,413107,0.8189,379356,3.15
CMP0074,2024-11-24,1780602,27777,0.0156,11645.14,6.54,1523889,0.8558,1319179,3.29
CMP0074,2024-11-25,1107016,7970,0.0072,13793.42,12.46,643099,0.5809,648333,3.23
CMP0074,2024-11-26,796427,5415,0.0068,24792.77,31.13,720223,0.9043,459207,3.6
CMP0074,2024-11-27,1154456,48256,0.0418,28157.18,24.39,721372,0.6249,773608,3.01
CMP0074,2024-11-28,1192593,13714,0.0115,12212.15,10.24,802316,0.6727,701994,1.29
CMP0074,2024-11-29,1268311,17629,0.0139,28296.02,22.31,755327,0.5955,959136,1.45
CMP0074,2024-11-30,1532832,22839,0.0149,29583.66,19.3,1317467,0.8595,897409,4.2
CMP0074,2024-12-01,1613795,31146,0.0193,27612.03,17.11,975586,0.6045,1151993,1.87
CMP0074,2024-12-02,1094003,16628,0.0152,17504.05,16.0,959618,0.8772,826733,1.48
CMP0074,2024-12-03,1426839,38524,0.027,12641.79,8.86,838471,0.5876,1125722,2.31
CMP0074,2024-12-04,1111391,42343,0.0381,10091.43,9.08,990947,0.8916,866849,4.14
CMP0074,2024-12-05,1644479,22529,0.0137,17480.81,10.63,1227238,0.7463,1150975,3.41
CMP0074,2024-12-06,1099695,47616,0.0433,25677.88,23.35,727534,0.6616,829599,2.28
CMP0074,2024-12-07,1402412,55956,0.0399,41819.93,29.82,1114694,0.7948,1098397,3.86
CMP0074,2024-12-08,1552844,71275,0.0459,12407.22,7.99,855316,0.5508,1216301,1.61
CMP0074,2024-12-09,956257,50394,0.0527,13703.16,14.33,664141,0.6945,698388,3.77
CMP0074,2024-12-10,1367764,3692,0.0027,10600.17,7.75,1044700,0.7638,1080391,2.05
CMP0074,2024-12-11,1313349,8930,0.0068,41843.3,31.86,810720,0.6173,848757,2.19
CMP0074,2024-12-12,1472923,11783,0.008,35394.34,24.03,1035699,0.7032,1102299,2.23
CMP0074,2024-12-13,1205458,29533,0.0245,27725.53,23.0,772681,0.641,789171,2.79
CMP0074,2024-12-14,1644993,35860,0.0218,32636.66,19.84,1404691,0.8539,1062923,3.08
CMP0075,2024-07-17,366650,4399,0.012,7706.98,21.02,295737,0.8066,270247,3.49
CMP0075,2024-07-18,354780,3405,0.0096,2153.51,6.07,325597,0.9177,196650,3.0
CMP0075,2024-07-19,528476,14797,0.028,15822.57,29.94,302311,0.572,336817,3.99
CMP0075,2024-07-20,423756,30934,0.073,11564.3,27.29,279271,0.659,248335,4.0
CMP0075,2024-07-21,536566,17974,0.0335,15957.47,29.74,343254,0.6397,406156,1.29
CMP0075,2024-07-22,308300,1264,0.0041,9560.38,31.01,249866,0.8105,198657,1.19
CMP0075,2024-07-23,487320,23342,0.0479,7631.43,15.66,394494,0.8095,348768,1.35
CMP0075,2024-07-24,311350,13294,0.0427,8913.95,28.63,174719,0.5612,199672,1.37
CMP0075,2024-07-25,341616,3894,0.0114,7105.61,20.8,290740,0.8511,200675,1.72
CMP0075,2024-07-26,421900,9113,0.0216,10737.35,25.45,341092,0.8085,263635,2.5
CMP0075,2024-07-27,450697,10050,0.0223,11862.35,26.32,363821,0.8072,280194,1.63
CMP0075,2024-07-28,512139,19307,0.0377,3503.03,6.84,424009,0.8279,346115,1.14
CMP0075,2024-07-29,369009,3911,0.0106,8738.13,23.68,322554,0.8741,254077,3.92
CMP0075,2024-07-30,440657,6301,0.0143,8394.52,19.05,358016,0.8125,289034,1.63
CMP0075,2024-07-31,388238,3261,0.0084,7593.94,19.56,354008,0.9118,225676,1.82
CMP0075,2024-08-01,385041,11936,0.031,4501.13,11.69,237942,0.618,283582,3.0
CMP0075,2024-08-02,376262,3311,0.0088,10245.61,27.23,272158,0.7233,236404,3.28
CMP0075,2024-08-03,446816,17202,0.0385,4597.74,10.29,378558,0.8472,317981,1.76
CMP0075,2024-08-04,489344,1957,0.004,3924.54,8.02,378351,0.7732,372709,1.2
CMP0075,2024-08-05,413784,12454,0.0301,8308.78,20.08,237581,0.5742,289349,3.67
CMP0075,2024-08-06,378919,1060,0.0028,7707.21,20.34,297907,0.7862,211471,2.02
CMP0075,2024-08-07,356615,20719,0.0581,7374.8,20.68,270522,0.7586,266589,1.26
CMP0075,2024-08-08,384107,2842,0.0074,11726.79,30.53,212463,0.5531,245506,2.06
CMP0075,2024-08-09,419843,17717,0.0422,4647.66,11.07,347706,0.8282,307082,4.41
CMP0075,2024-08-10,504429,24061,0.0477,4302.78,8.53,353451,0.7007,370938,1.44
CMP0075,2024-08-11,465285,15121,0.0325,4606.32,9.9,356992,0.7673,300354,3.09
CMP0075,2024-08-12,327594,5077,0.0155,4435.62,13.54,198544,0.6061,218104,4.11
CMP0075,2024-08-13,358976,4917,0.0137,8859.53,24.68,314904,0.8772,269902,3.32
CMP0076,2024-07-31,547029,25491,0.0466,5574.23,10.19,495912,0.9066,371473,3.58
CMP0076,2024-08-01,986598,10655,0.0108,29785.39,30.19,667259,0.6763,736335,2.25
CMP0076,2024-08-02,677371,11921,0.0176,19135.73,28.25,480549,0.7094,523384,3.73
CMP0076,2024-08-03,792863,1744,0.0022,9062.42,11.43,615137,0.7758,450940,1.62
CMP0076,2024-08-04,597590,16134,0.027,11318.35,18.94,506606,0.8477,349981,4.06
CMP0076,2024-08-05,604115,24225,0.0401,18842.35,31.19,506933,0.8391,345428,1.42
CMP0076,2024-08-06,612175,16896,0.0276,18542.78,30.29,373270,0.6097,379566,2.34
CMP0076,2024-08-07,526864,21812,0.0414,5616.37,10.66,440257,0.8356,323750,2.71
CMP0076,2024-08-08,720815,25156,0.0349,20752.26,28.79,569882,0.7906,421757,1.52
CMP0076,2024-08-09,514172,6838,0.0133,3614.63,7.03,446214,0.8678,334332,4.01
CMP0076,2024-08-10,645010,41280,0.064,6030.84,9.35,442277,0.6857,490987,4.34
CMP0076,2024-08-11,675383,13912,0.0206,16033.59,23.74,497891,0.7372,415837,4.08
CMP0076,2024-08-12,844060,8440,0.01,18687.49,22.14,665314,0.7882,620604,1.93
CMP0076,2024-08-13,798324,15726,0.0197,4957.59,6.21,691054,0.8656,497088,1.64
CMP0076,2024-08-14,610704,8671,0.0142,4824.56,7.9,423610,0.6936,406466,1.42
CMP0076,2024-08-15,909461,53021,0.0583,20644.76,22.7,803096,0.883,605894,1.39
CMP0076,2024-08-16,649669,9874,0.0152,19392.62,29.85,579063,0.8913,482089,1.78
CMP0076,2024-08-17,501750,20170,0.0402,7149.94,14.25,460948,0.9187,336962,3.49
CMP0076,2024-08-18,733528,9829,0.0134,9711.91,13.24,413830,0.5642,432000,2.7
CMP0076,2024-08-19,710876,1208,0.0017,10179.74,14.32,399220,0.5616,497804,2.39
CMP0076,2024-08-20,717100,13768,0.0192,11043.34,15.4,508524,0.7091,479275,1.28
CMP0076,2024-08-21,655693,20260,0.0309,20175.67,30.77,526494,0.803,404865,3.26
CMP0076,2024-08-22,715162,10584,0.0148,5578.26,7.8,500524,0.6999,446678,3.52
CMP0076,2024-08-23,876332,20681,0.0236,17211.16,19.64,699110,0.7978,538823,3.92
CMP0076,2024-08-24,949241,8448,0.0089,27945.66,29.44,642206,0.6765,700818,1.66
CMP0076,2024-08-25,709450,5249,0.0074,11989.7,16.9,515014,0.7259,512370,1.65
CMP0076,2024-08-26,679040,85015,0.1252,10334.99,15.22,547559,0.8064,439532,1.13
CMP0076,2024-08-27,698887,15724,0.0225,15047.04,21.53,404508,0.5788,501095,3.2
CMP0076,2024-08-28,726244,19318,0.0266,22985.62,31.65,651744,0.8974,534304,3.6
CMP0076,2024-08-29,688362,9086,0.0132,6821.67,9.91,495416,0.7197,403980,4.04
CMP0076,2024-08-30,772801,8037,0.0104,24126.85,31.22,541241,0.7004,525638,1.11
CMP0076,2024-08-31,663431,20632,0.0311,18343.87,27.65,395746,0.5965,439411,4.4
CMP0076,2024-09-01,499026,1546,0.0031,5828.62,11.68,455232,0.9122,326884,2.96
CMP0076,2024-09-02,809498,16918,0.0209,12806.26,15.82,549480,0.6788,637960,4.4
CMP0076,2024-09-03,639084,13356,0.0209,4070.97,6.37,543923,0.8511,354083,4.15
CMP0076,2024-09-04,788082,16786,0.0213,22507.62,28.56,637359,0.8087,561294,2.65
CMP0076,2024-09-05,631495,18565,0.0294,9573.46,15.16,474071,0.7507,429917,3.7
CMP0076,2024-09-06,792211,43254,0.0546,8373.67,10.57,561283,0.7085,470750,3.12
CMP0076,2024-09-07,676762,9474,0.014,10774.05,15.92,583831,0.8627,488715,2.59
CMP0076,2024-09-08,877705,9040,0.0103,19423.61,22.13,783176,0.8923,670785,4.48
CMP0076,2024-09-09,696376,27924,0.0401,6058.47,8.7,550388,0.7904,490294,2.5
CMP0076,2024-09-10,698128,24643,0.0353,17830.19,25.54,623480,0.8931,401371,2.61
CMP0077,2024-12-06,3175107,16510,0.0052,21749.48,6.85,2086885,0.6573,2080203,1.86
CMP0077,2024-12-07,3080728,30191,0.0098,49014.38,15.91,1917313,0.6224,2056058,1.52
CMP0077,2024-12-08,3910357,297969,0.0762,116372.22,29.76,2748143,0.7028,2952728,3.49
CMP0077,2024-12-09,3697764,75064,0.0203,22926.14,6.2,2546347,0.6886,2240786,2.06
CMP0077,2024-12-10,3299161,249746,0.0757,42493.19,12.88,2838067,0.8602,2470360,2.51
CMP0077,2024-12-11,3022532,19041,0.0063,88862.44,29.4,2126006,0.7034,1674127,1.62
CMP0077,2024-12-12,3655462,88827,0.0243,99538.23,27.23,3119617,0.8534,2558773,2.24
CMP0078,2024-11-19,1201535,4926,0.0041,38220.83,31.81,768354,0.6395,953264,1.76
CMP0078,2024-11-20,1438804,24171,0.0168,39624.66,27.54,1217937,0.8465,999196,1.54
CMP0078,2024-11-21,1488508,27835,0.0187,46754.04,31.41,914353,0.6143,1155145,2.86
CMP0078,2024-11-22,1027421,5959,0.0058,8825.55,8.59,869643,0.8464,694602,3.25
CMP0078,2024-11-23,1343731,3090,0.0023,37516.97,27.92,1050942,0.7821,826471,2.98
CMP0078,2024-11-24,1400154,14001,0.01,15821.74,11.3,818401,0.5845,923198,3.24
CMP0078,2024-11-25,961642,16059,0.0167,6462.23,6.72,780663,0.8118,750223,1.37
CMP0079,2024-09-11,232037,5568,0.024,5870.54,25.3,138828,0.5983,153939,3.25
CMP0079,2024-09-12,186158,8060,0.0433,2276.71,12.23,164233,0.8822,116205,2.92
CMP0079,2024-09-13,212872,11707,0.055,5594.28,26.28,178990,0.8408,158078,3.34
CMP0079,2024-09-14,222882,6864,0.0308,6755.55,30.31,174327,0.7821,158156,3.07
CMP0079,2024-09-15,185833,3753,0.0202,3333.84,17.94,143180,0.7705,107182,2.06
CMP0079,2024-09-16,217726,18267,0.0839,1831.08,8.41,159564,0.7329,139420,3.95
CMP0079,2024-09-17,200105,4442,0.0222,3755.97,18.77,111683,0.5581,113738,4.36
CMP0079,2024-09-18,223938,2978,0.0133,5345.4,23.87,154258,0.6888,140721,4.19
CMP0079,2024-09-19,199143,6551,0.0329,2124.86,10.67,110275,0.5537,118424,3.03
CMP0079,2024-09-20,156738,6128,0.0391,1068.95,6.82,142802,0.9111,125145,2.75
CMP0079,2024-09-21,283480,2494,0.0088,5729.13,20.21,172526,0.6086,208478,4.25
CMP0079,2024-09-22,182646,36,0.0002,1236.51,6.77,102012,0.5585,123822,1.62
CMP0079,2024-09-23,243608,2679,0.011,2187.6,8.98,153539,0.6303,153932,1.85
CMP0079,2024-09-24,166546,3730,0.0224,5069.66,30.44,108089,0.649,111651,4.34
CMP0079,2024-09-25,181769,3199,0.0176,3697.18,20.34,119767,0.6589,133836,2.79
CMP0079,2024-09-26,217396,695,0.0032,3565.29,16.4,135096,0.6214,128967,3.44
CMP0079,2024-09-27,235980,7976,0.0338,3140.89,13.31,164087,0.6953,164221,3.71
CMP0079,2024-09-28,203766,7620,0.0374,5430.36,26.65,183978,0.9029,136922,4.1
CMP0079,2024-09-29,226076,1786,0.0079,5746.85,25.42,192589,0.8519,159548,3.16
CMP0079,2024-09-30,185036,5106,0.0276,3839.5,20.75,127372,0.6884,131037,1.32
CMP0079,2024-10-01,168359,959,0.0057,1158.31,6.88,124451,0.7392,117298,2.1
CMP0079,2024-10-02,179122,5284,0.0295,4078.61,22.77,162482,0.9071,114291,1.2
CMP0079,2024-10-03,230698,4221,0.0183,3319.74,14.39,194393,0.8426,147516,1.35
CMP0079,2024-10-04,254254,6152,0.0242,3984.16,15.67,213171,0.8384,147613,2.18
CMP0079,2024-10-05,217215,4648,0.0214,3160.48,14.55,156870,0.7222,162652,4.16
CMP0079,2024-10-06,199625,6108,0.0306,3199.99,16.03,154243,0.7727,136107,1.45
CMP0079,2024-10-07,191169,3995,0.0209,4169.4,21.81,167625,0.8768,146240,1.35
CMP0079,2024-10-08,226600,2605,0.0115,3845.4,16.97,188031,0.8298,142632,2.19
CMP0080,2024-08-27,2473231,47486,0.0192,66455.72,26.87,1816590,0.7345,1972562,2.53
CMP0080,2024-08-28,2471558,56104,0.0227,25827.78,10.45,1658276,0.6709,1595920,3.06
CMP0080,2024-08-29,2284748,47522,0.0208,51955.17,22.74,1980323,0.8668,1820918,4.2
CMP0080,2024-08-30,2822214,99906,0.0354,78683.33,27.88,1972840,0.699,2184273,4.22
CMP0080,2024-08-31,2030142,6090,0.003,46206.03,22.76,1168748,0.5757,1164854,3.83
CMP0080,2024-09-01,1935999,42785,0.0221,25439.03,13.14,1604684,0.8289,1258566,2.99
CMP0080,2024-09-02,2402466,147271,0.0613,52662.05,21.92,1670989,0.6955,1739659,2.65
CMP0080,2024-09-03,2134711,64041,0.03,66496.25,31.15,1269988,0.5949,1373636,3.2
CMP0080,2024-09-04,1859550,26219,0.0141,13463.14,7.24,1029905,0.5538,1071628,2.2
CMP0080,2024-09-05,2969736,141656,0.0477,51465.52,17.33,1820361,0.613,1775278,4.17
CMP0080,2024-09-06,2219858,80580,0.0363,65419.22,29.47,2033698,0.9161,1739319,4.05
CMP0080,2024-09-07,1392633,32169,0.0231,36779.44,26.41,823042,0.591,1095704,1.36
CMP0080,2024-09-08,2191947,24549,0.0112,48069.4,21.93,1864513,0.8506,1353479,1.68
CMP0080,2024-09-09,2485672,21625,0.0087,44692.38,17.98,1483267,0.5967,1902716,3.66
CMP0081,2024-10-28,832482,11072,0.0133,25898.52,31.11,585167,0.7029,550849,1.52
CMP0081,2024-10-29,679475,16103,0.0237,14289.36,21.03,539958,0.7947,539562,2.19
CMP0081,2024-10-30,671659,19478,0.029,7972.59,11.87,434973,0.6476,419154,1.38
CMP0081,2024-10-31,731420,877,0.0012,20984.44,28.69,580753,0.794,536728,1.8
CMP0081,2024-11-01,578336,4684,0.0081,18084.57,31.27,330980,0.5723,319982,1.83
CMP0081,2024-11-02,1064834,32157,0.0302,11596.04,10.89,626844,0.5887,641206,3.11
CMP0081,2024-11-03,902894,22662,0.0251,25569.96,28.32,750648,0.8314,566978,2.64
CMP0081,2024-11-04,782632,22226,0.0284,14963.92,19.12,695154,0.8882,473254,2.34
CMP0081,2024-11-05,803239,17430,0.0217,22940.51,28.56,594382,0.74,598417,1.74
CMP0081,2024-11-06,841179,2523,0.003,8638.91,10.27,558243,0.6636,645569,3.3
CMP0081,2024-11-07,679899,5779,0.0085,19567.49,28.78,561365,0.8257,414833,4.14
CMP0081,2024-11-08,731253,8336,0.0114,4928.65,6.74,581271,0.7949,484937,2.0
CMP0081,2024-11-09,586493,11377,0.0194,4803.38,8.19,416201,0.7096,344655,2.81
CMP0081,2024-11-10,1263041,44964,0.0356,9321.24,7.38,822060,0.6509,725557,3.31
CMP0081,2024-11-11,680391,17962,0.0264,11559.84,16.99,448229,0.6588,442712,3.12
CMP0081,2024-11-12,794904,6200,0.0078,14968.04,18.83,564715,0.7104,572561,3.3
CMP0081,2024-11-13,779721,32514,0.0417,9130.53,11.71,444176,0.5697,435803,2.01
CMP0081,2024-11-14,639644,20916,0.0327,5520.13,8.63,405401,0.6338,450984,3.53
CMP0081,2024-11-15,534225,10150,0.019,4610.36,8.63,438893,0.8216,411290,2.01
CMP0081,2024-11-16,1017906,40512,0.0398,26903.26,26.43,690775,0.6786,633135,3.13
CMP0081,2024-11-17,876815,7277,0.0083,7409.09,8.45,645510,0.7362,635794,2.72
CMP0082,2024-09-21,249156,9816,0.0394,7367.54,29.57,159033,0.6383,156663,1.34
CMP0082,2024-09-22,266448,7886,0.0296,7833.57,29.4,160529,0.6025,147394,2.71
CMP0082,2024-09-23,172819,3802,0.022,1835.34,10.62,111920,0.6476,98376,3.41
CMP0082,2024-09-24,186328,2235,0.012,3994.87,21.44,169321,0.9087,129645,2.76
CMP0082,2024-09-25,244439,3177,0.013,2160.84,8.84,208507,0.853,169106,4.47
CMP0082,2024-09-26,208205,3310,0.0159,4093.31,19.66,127401,0.6119,122142,1.42
CMP0082,2024-09-27,287087,7923,0.0276,7217.37,25.14,205975,0.7175,210636,4.47
CMP0082,2024-09-28,199967,1059,0.0053,3729.38,18.65,136934,0.6848,110659,2.3
CMP0082,2024-09-29,235010,6110,0.026,6857.59,29.18,196603,0.8366,179603,4.17
CMP0082,2024-09-30,191143,1834,0.0096,1706.91,8.93,153629,0.8037,139926,1.17
CMP0082,2024-10-01,214280,5656,0.0264,6055.55,28.26,170130,0.794,125441,2.79
CMP0082,2024-10-02,202146,5053,0.025,5108.23,25.27,183976,0.9101,129344,3.63
CMP0082,2024-10-03,231858,2619,0.0113,7148.18,30.83,182317,0.7863,183483,4.08
CMP0082,2024-10-04,241016,939,0.0039,7081.05,29.38,172622,0.7162,190300,2.89
CMP0082,2024-10-05,242644,6672,0.0275,5740.96,23.66,213176,0.8786,157174,2.52
CMP0082,2024-10-06,240706,4284,0.0178,3379.51,14.04,136048,0.5652,163684,2.27
CMP0082,2024-10-07,214289,4307,0.0201,3700.77,17.27,153936,0.7184,169725,3.79
CMP0082,2024-10-08,188464,2393,0.0127,5881.96,31.21,138446,0.7346,135954,2.69
CMP0082,2024-10-09,212191,5580,0.0263,6605.51,31.13,165679,0.7808,151945,2.13
CMP0082,2024-10-10,201676,1976,0.0098,5402.9,26.79,112085,0.5558,112986,2.06
CMP0082,2024-10-11,263669,16373,0.0621,1945.88,7.38,174853,0.6632,173383,3.34
CMP0082,2024-10-12,203167,4266,0.021,2547.71,12.54,138068,0.6796,126129,4.02
CMP0082,2024-10-13,237145,11335,0.0478,6163.4,25.99,144033,0.6074,135528,2.02
CMP0082,2024-10-14,226211,10202,0.0451,2513.2,11.11,173398,0.7665,128980,1.84
CMP0082,2024-10-15,174133,4231,0.0243,2650.3,15.22,148070,0.8503,123505,2.54
CMP0082,2024-10-16,221841,4836,0.0218,1896.74,8.55,143457,0.6467,138762,2.16
CMP0082,2024-10-17,198836,4473,0.0225,4702.47,23.65,133084,0.6693,138099,3.42
CMP0082,2024-10-18,242787,7744,0.0319,2313.76,9.53,183324,0.7551,151806,1.39
CMP0082,2024-10-19,268444,1503,0.0056,5997.04,22.34,201858,0.752,172875,4.08
CMP0082,2024-10-20,244822,612,0.0025,2350.29,9.6,174681,0.7135,153825,4.28
CMP0082,2024-10-21,154299,2962,0.0192,2805.16,18.18,109280,0.7082,101085,2.49
CMP0082,2024-10-22,239863,407,0.0017,4924.39,20.53,216901,0.9043,157165,3.67
CMP0082,2024-10-23,201751,2683,0.0133,2796.27,13.86,129076,0.6398,136797,1.53
CMP0082,2024-10-24,209821,6903,0.0329,4343.29,20.7,138174,0.6585,155022,2.44
CMP0082,2024-10-25,225118,3849,0.0171,1384.48,6.15,191072,0.8488,173054,2.66
CMP0082,2024-10-26,235063,6088,0.0259,1744.17,7.42,201463,0.8571,167475,2.23
CMP0082,2024-10-27,304002,3648,0.012,4122.27,13.56,221356,0.7281,192380,1.31
CMP0082,2024-10-28,211529,3003,0.0142,4977.28,23.53,174207,0.8236,119144,1.8
CMP0082,2024-10-29,259269,2307,0.0089,6546.54,25.25,190112,0.7333,157087,3.4
CMP0082,2024-10-30,202926,7447,0.0367,2804.44,13.82,134951,0.665,161790,1.12
CMP0082,2024-10-31,220478,1455,0.0066,5265.01,23.88,130620,0.5924,121264,3.15
CMP0082,2024-11-01,299976,5249,0.0175,2555.8,8.52,187661,0.6256,200514,3.93
CMP0083,2024-08-14,365790,10900,0.0298,2725.14,7.45,217670,0.5951,238180,4.44
CMP0083,2024-08-15,486931,35351,0.0726,13575.64,27.88,366311,0.7523,367838,3.42
CMP0083,2024-08-16,672717,8812,0.0131,14833.41,22.05,477609,0.71,476989,1.73
CMP0083,2024-08-17,416791,8627,0.0207,9623.7,23.09,255570,0.6132,306514,2.96
CMP0083,2024-08-18,572560,16203,0.0283,7752.46,13.54,456323,0.797,452192,2.78
CMP0083,2024-08-19,325224,2731,0.0084,5258.87,16.17,262823,0.8081,187600,2.52
CMP0083,2024-08-20,474718,20128,0.0424,3194.85,6.73,341379,0.7191,328054,1.14
CMP0083,2024-08-21,316551,3893,0.0123,7207.87,22.77,278720,0.8805,223158,1.24
CMP0083,2024-08-22,365542,17363,0.0475,11342.77,31.03,264332,0.7231,267125,2.04
CMP0083,2024-08-23,541172,20997,0.0388,8279.93,15.3,469012,0.8667,365724,2.29
CMP0083,2024-08-24,504946,7927,0.0157,8159.93,16.16,289446,0.5732,360521,2.3
CMP0083,2024-08-25,478920,6609,0.0138,7097.59,14.82,390136,0.8146,357597,2.05
CMP0083,2024-08-26,441811,2562,0.0058,6132.34,13.88,307391,0.6958,344188,3.29
CMP0083,2024-08-27,342338,6812,0.0199,6254.52,18.27,271754,0.7938,237585,4.25
CMP0083,2024-08-28,366369,10478,0.0286,7202.81,19.66,219046,0.5979,231185,4.35
CMP0083,2024-08-29,385814,14699,0.0381,8507.2,22.05,269836,0.6994,216531,4.0
CMP0083,2024-08-30,346924,13876,0.04,2952.32,8.51,204442,0.5893,271835,2.72
CMP0083,2024-08-31,409431,10440,0.0255,12901.17,31.51,347674,0.8492,300179,1.9
CMP0083,2024-09-01,561573,24372,0.0434,5907.75,10.52,494304,0.8802,414976,2.53
CMP0083,2024-09-02,312070,9237,0.0296,6837.45,21.91,184856,0.5924,237703,1.35
CMP0083,2024-09-03,357346,14829,0.0415,7779.42,21.77,307693,0.8611,279047,2.19
CMP0083,2024-09-04,401620,5221,0.013,6353.63,15.82,367836,0.9159,278501,1.78
CMP0083,2024-09-05,367508,3858,0.0105,6387.29,17.38,241031,0.6559,220614,1.65
CMP0083,2024-09-06,471185,23700,0.0503,12736.13,27.03,292676,0.6211,327721,3.24
CMP0083,2024-09-07,543117,11242,0.0207,6131.79,11.29,461488,0.8497,420004,2.32
CMP0083,2024-09-08,436534,15496,0.0355,8822.35,20.21,251717,0.5766,260316,3.58
CMP0083,2024-09-09,404087,7192,0.0178,9172.77,22.7,296432,0.7336,306338,3.04
CMP0083,2024-09-10,410348,3446,0.0084,6216.77,15.15,319594,0.7788,283006,1.57
CMP0084,2024-10-29,772712,24185,0.0313,13228.83,17.12,532525,0.6892,438681,1.37
CMP0084,2024-10-30,722647,52464,0.0726,9936.4,13.75,428987,0.5936,439111,3.15
CMP0084,2024-10-31,1042211,17926,0.0172,12318.93,11.82,935935,0.898,813516,1.95
CMP0084,2024-11-01,963394,26493,0.0275,7485.57,7.77,840508,0.8724,763035,1.35
CMP0084,2024-11-02,815959,11994,0.0147,22993.72,28.18,730095,0.8948,550781,2.46
CMP0084,2024-11-03,762671,24710,0.0324,18410.88,24.14,450756,0.591,509269,4.22
CMP0084,2024-11-04,783195,40726,0.052,5310.06,6.78,528716,0.6751,481837,2.24
CMP0084,2024-11-05,588703,4768,0.0081,5663.32,9.62,442953,0.7524,431794,4.24
CMP0084,2024-11-06,466877,1867,0.004,13464.73,28.84,297483,0.6372,265292,4.32
CMP0084,2024-11-07,758120,40711,0.0537,18407.15,24.28,631712,0.8333,423668,4.44
CMP0084,2024-11-08,949151,5505,0.0058,20454.2,21.55,737110,0.7766,541156,2.97
CMP0084,2024-11-09,783898,15991,0.0204,10214.19,13.03,443250,0.5654,438120,2.83
CMP0084,2024-11-10,853375,30038,0.0352,14695.12,17.22,565160,0.6623,650662,4.4
CMP0084,2024-11-11,651624,10360,0.0159,4848.08,7.44,544912,0.8362,490569,2.92
CMP0084,2024-11-12,750654,10133,0.0135,17813.02,23.73,617812,0.823,516543,1.28
CMP0084,2024-11-13,830628,6894,0.0083,20001.52,24.08,588911,0.709,545480,1.57
CMP0084,2024-11-14,962744,7894,0.0082,28237.28,29.33,879503,0.9135,618011,1.76
CMP0084,2024-11-15,812598,11538,0.0142,6102.61,7.51,516692,0.6359,566506,1.87
CMP0084,2024-11-16,877133,19910,0.0227,25524.57,29.1,739841,0.8435,606986,4.47
CMP0084,2024-11-17,970230,26681,0.0275,23984.09,24.72,825345,0.8507,552209,1.53
CMP0084,2024-11-18,793029,2775,0.0035,5662.23,7.14,538765,0.6794,566065,1.93
CMP0085,2024-10-11,40990,1082,0.0264,891.94,21.76,29804,0.7271,23798,1.36
CMP0085,2024-10-12,51673,738,0.0143,1040.18,20.13,37882,0.7331,37917,2.31
CMP0085,2024-10-13,52219,1216,0.0233,612.53,11.73,42498,0.8138,41010,3.75
CMP0085,2024-10-14,30011,222,0.0074,689.95,22.99,22356,0.7449,18513,3.47
CMP0085,2024-10-15,49926,579,0.0116,369.45,7.4,44092,0.8831,36265,3.21
CMP0085,2024-10-16,48893,743,0.0152,552.0,11.29,29371,0.6007,38820,1.88
CMP0085,2024-10-17,43400,1076,0.0248,498.23,11.48,29849,0.6878,32727,1.58
CMP0085,2024-10-18,43249,704,0.0163,1044.9,24.16,34186,0.7904,28693,1.49
CMP0085,2024-10-19,50328,392,0.0078,346.26,6.88,32856,0.6528,32514,3.91
CMP0085,2024-10-20,43259,635,0.0147,573.61,13.26,33551,0.7756,29149,4.03
CMP0085,2024-10-21,38406,1067,0.0278,274.6,7.15,24046,0.6261,22894,2.57
CMP0085,2024-10-22,34580,995,0.0288,481.7,13.93,25947,0.7503,22025,1.19
CMP0085,2024-10-23,46224,610,0.0132,1350.67,29.22,41204,0.8914,35909,3.85
CMP0085,2024-10-24,49727,1874,0.0377,1277.49,25.69,33622,0.6761,37658,2.58
CMP0085,2024-10-25,47373,464,0.0098,1182.43,24.96,38945,0.8221,26731,1.47
CMP0085,2024-10-26,25822,54,0.0021,639.09,24.75,20679,0.8008,19744,4.29
CMP0085,2024-10-27,39441,709,0.018,823.92,20.89,29985,0.7602,26809,1.65
CMP0085,2024-10-28,42805,449,0.0105,1086.82,25.39,38187,0.8921,24953,1.15
CMP0085,2024-10-29,49514,861,0.0174,1521.57,30.73,28799,0.5816,30326,2.95
CMP0085,2024-10-30,44418,888,0.02,722.24,16.26,34546,0.7777,28446,3.34
CMP0085,2024-10-31,49016,2043,0.0417,1326.86,27.07,37985,0.775,28482,3.03
CMP0085,2024-11-01,42733,700,0.0164,550.4,12.88,26329,0.6161,28446,2.6
CMP0085,2024-11-02,59182,1296,0.0219,1841.15,31.11,43065,0.7277,45042,1.84
CMP0085,2024-11-03,44249,469,0.0106,1345.61,30.41,28862,0.6523,31088,2.17
CMP0085,2024-11-04,48549,140,0.0029,518.02,10.67,40461,0.8334,30053,4.05
CMP0085,2024-11-05,41301,342,0.0083,924.73,22.39,24960,0.6043,29096,1.27
CMP0085,2024-11-06,41086,817,0.0199,287.6,7.0,33002,0.8032,31436,3.07
CMP0085,2024-11-07,46137,110,0.0024,1137.28,24.65,26413,0.5725,33617,1.98
CMP0085,2024-11-08,50608,561,0.0111,1196.37,23.64,43890,0.8673,32304,3.54
CMP0085,2024-11-09,46121,511,0.0111,695.97,15.09,26688,0.5787,30483,2.84
CMP0085,2024-11-10,44508,89,0.002,644.03,14.47,30594,0.6874,33633,2.51
CMP0085,2024-11-11,37481,1529,0.0408,1078.33,28.77,22598,0.6029,23674,3.78
CMP0085,2024-11-12,45885,903,0.0197,762.15,16.61,36305,0.7912,30636,4.41
CMP0085,2024-11-13,42670,887,0.0208,433.95,10.17,24172,0.5665,33392,4.2
CMP0085,2024-11-14,41735,196,0.0047,911.08,21.83,35431,0.849,28283,3.75
CMP0085,2024-11-15,40818,1559,0.0382,862.08,21.12,27646,0.6773,24642,3.92
CMP0085,2024-11-16,41006,1644,0.0401,1020.23,24.88,28335,0.691,32782,1.37
CMP0085,2024-11-17,40144,1124,0.028,1217.17,30.32,25414,0.6331,27132,3.05
CMP0085,2024-11-18,34616,1291,0.0373,583.97,16.87,28427,0.8212,26373,2.89
CMP0085,2024-11-19,37765,2024,0.0536,690.34,18.28,28098,0.744,24934,2.02
CMP0085,2024-11-20,38700,2085,0.0539,527.09,13.62,24779,0.6403,23636,3.71
CMP0085,2024-11-21,29736,190,0.0064,530.79,17.85,24586,0.8268,17212,1.92
CMP0086,2024-07-01,282633,621,0.0022,8165.27,28.89,193291,0.6839,180318,2.82
CMP0086,2024-07-02,306862,11476,0.0374,7054.76,22.99,237489,0.7739,203216,2.52
CMP0086,2024-07-03,303544,11109,0.0366,8347.46,27.5,181019,0.5964,207746,3.74
CMP0086,2024-07-04,381077,10936,0.0287,8078.83,21.2,229069,0.6011,234388,2.08
CMP0086,2024-07-05,245597,12893,0.0525,1994.25,8.12,173337,0.7058,195449,3.06
CMP0086,2024-07-06,272192,7022,0.0258,7101.49,26.09,240332,0.883,209343,1.15
CMP0086,2024-07-07,303521,8225,0.0271,3900.24,12.85,229217,0.7552,237514,3.63
CMP0086,2024-07-08,346897,659,0.0019,2390.12,6.89,246166,0.7096,250637,4.47
CMP0086,2024-07-09,315397,13719,0.0435,9001.43,28.54,280668,0.8899,244768,2.3
CMP0086,2024-07-10,350155,5532,0.0158,7171.17,20.48,284827,0.8134,203004,4.15
CMP0086,2024-07-11,302234,12240,0.0405,6461.76,21.38,235184,0.7782,241343,1.25
CMP0086,2024-07-12,369638,3770,0.0102,5629.59,15.23,264694,0.7161,241084,2.63
CMP0086,2024-07-13,319285,6098,0.0191,4316.73,13.52,231969,0.7265,186351,1.72
CMP0086,2024-07-14,324503,778,0.0024,9676.68,29.82,290933,0.8965,185274,4.15
CMP0086,2024-07-15,294681,8192,0.0278,4602.92,15.62,232880,0.7903,190023,2.59
CMP0086,2024-07-16,394477,9230,0.0234,8398.42,21.29,354857,0.8996,226518,2.11
CMP0086,2024-07-17,309655,2260,0.0073,6400.57,20.67,273116,0.882,215196,3.97
CMP0086,2024-07-18,260093,1378,0.0053,3742.74,14.39,173709,0.6679,154652,1.59
CMP0086,2024-07-19,338955,10270,0.0303,8507.77,25.1,310484,0.916,204278,2.87
CMP0086,2024-07-20,331639,9849,0.0297,7296.06,22.0,194606,0.5868,206013,1.5
CMP0086,2024-07-21,303682,3856,0.0127,5287.1,17.41,266505,0.8776,188926,4.22
CMP0086,2024-07-22,241669,5920,0.0245,6184.31,25.59,215585,0.8921,173182,1.58
CMP0086,2024-07-23,318097,1304,0.0041,8846.28,27.81,263797,0.8293,177128,4.17
CMP0086,2024-07-24,345891,10757,0.0311,6931.66,20.04,292494,0.8456,190816,3.93
CMP0086,2024-07-25,273086,6909,0.0253,3080.41,11.28,245359,0.8985,189191,3.59
CMP0086,2024-07-26,357695,7082,0.0198,9875.96,27.61,235766,0.6591,206534,3.5
CMP0086,2024-07-27,375670,563,0.0015,6593.01,17.55,266702,0.7099,231324,4.04
CMP0086,2024-07-28,431370,8152,0.0189,10792.88,25.02,255841,0.5931,275399,1.37
CMP0086,2024-07-29,285227,8071,0.0283,7105.0,24.91,191396,0.671,193031,2.04
CMP0086,2024-07-30,283418,6320,0.0223,5478.47,19.33,237364,0.8375,205960,2.17
CMP0086,2024-07-31,341054,7912,0.0232,5890.0,17.27,305235,0.895,255295,2.18
CMP0086,2024-08-01,390102,4486,0.0115,9046.47,23.19,341223,0.8747,218031,3.26
CMP0086,2024-08-02,298816,4422,0.0148,2856.68,9.56,205943,0.6892,234806,3.39
CMP0086,2024-08-03,304258,4563,0.015,3024.32,9.94,258963,0.8511,223139,2.06
CMP0086,2024-08-04,301234,1144,0.0038,8666.5,28.77,271655,0.9018,230229,3.65
CMP0086,2024-08-05,370802,2447,0.0066,2873.72,7.75,280460,0.7564,223273,1.71
CMP0086,2024-08-06,270822,2626,0.0097,3477.35,12.84,187058,0.6907,188485,3.27
CMP0086,2024-08-07,259740,9324,0.0359,5994.8,23.08,160161,0.6166,162344,1.89
CMP0086,2024-08-08,277160,471,0.0017,5157.95,18.61,234143,0.8448,179614,2.31
CMP0086,2024-08-09,376894,9196,0.0244,3207.37,8.51,222961,0.5916,290292,3.67
CMP0086,2024-08-10,308770,13956,0.0452,9633.62,31.2,206998,0.6704,220957,1.49
CMP0086,2024-08-11,292408,6959,0.0238,4178.51,14.29,173108,0.592,211774,3.5
CMP0087,2024-07-14,1216183,22499,0.0185,22596.68,18.58,1031015,0.8477,817632,2.5
CMP0087,2024-07-15,1679115,39459,0.0235,22768.8,13.56,1238801,0.7378,1297036,3.76
CMP0087,2024-07-16,1520648,7755,0.0051,39643.29,26.07,983545,0.6468,957102,2.43
CMP0087,2024-07-17,1137355,26500,0.0233,18618.5,16.37,1009489,0.8876,701838,3.58
CMP0087,2024-07-18,1758097,21800,0.0124,47960.89,27.28,1167638,0.6641,1147075,3.05
CMP0087,2024-07-19,1617323,53533,0.0331,18372.79,11.36,1263705,0.7814,1272783,3.19
CMP0087,2024-07-20,1278443,29276,0.0229,27780.57,21.73,712566,0.5574,933975,3.83
CMP0087,2024-07-21,1462155,8188,0.0056,35559.61,24.32,1297698,0.8875,1084495,2.98
CMP0087,2024-07-22,1233079,31690,0.0257,24020.38,19.48,843396,0.684,739366,1.63
CMP0087,2024-07-23,945195,13421,0.0142,26796.28,28.35,600060,0.6349,709199,4.2
CMP0087,2024-07-24,1108803,3880,0.0035,12873.2,11.61,910697,0.8213,870414,1.22
CMP0087,2024-07-25,1496230,27081,0.0181,45560.2,30.45,879682,0.5879,971777,2.75
CMP0087,2024-07-26,1216369,4865,0.004,16834.55,13.84,772518,0.6351,903887,1.94
CMP0087,2024-07-27,1137143,17398,0.0153,10473.09,9.21,955313,0.8401,811714,1.55
CMP0088,2024-12-09,1469858,16168,0.011,19137.55,13.02,854603,0.5814,835573,3.56
CMP0088,2024-12-10,1965424,25353,0.0129,33019.12,16.8,1091703,0.5555,1488932,3.16
CMP0088,2024-12-11,1725350,41235,0.0239,43358.05,25.13,1454934,0.8433,1032744,3.16
CMP0088,2024-12-12,2134664,2134,0.001,30781.85,14.42,1578736,0.7396,1186570,2.03
CMP0088,2024-12-13,1958606,5092,0.0026,25207.26,12.87,1552662,0.7927,1308055,2.09
CMP0088,2024-12-14,2398278,29498,0.0123,74682.38,31.14,1816860,0.7576,1608854,4.19
CMP0088,2024-12-15,1857186,42158,0.0227,22954.82,12.36,1033280,0.5564,1252223,2.44
CMP0088,2024-12-16,2332910,30794,0.0132,47148.11,20.21,1376586,0.5901,1413778,4.42
CMP0088,2024-12-17,1643181,23497,0.0143,19783.9,12.04,1128592,0.6868,1135090,3.29
CMP0088,2024-12-18,2525721,40158,0.0159,68320.75,27.05,2301064,0.9111,1449378,1.68
CMP0088,2024-12-19,1715697,79608,0.0464,32152.16,18.74,1102315,0.6425,1004253,3.2
CMP0088,2024-12-20,1750131,133885,0.0765,43403.25,24.8,1329498,0.7597,1064267,3.71
CMP0088,2024-12-21,2086971,88487,0.0424,29426.29,14.1,1408729,0.675,1226414,2.19
CMP0088,2024-12-22,2399512,54708,0.0228,39759.91,16.57,1324678,0.5521,1733885,3.67
CMP0088,2024-12-23,1832529,15026,0.0082,36998.76,20.19,1220127,0.6658,1306597,2.19
CMP0088,2024-12-24,1563900,15326,0.0098,30308.38,19.38,1356998,0.8677,1248287,1.38
CMP0088,2024-12-25,2117256,40651,0.0192,51195.25,24.18,1458797,0.689,1565121,1.65
CMP0088,2024-12-26,1686341,10455,0.0062,17403.04,10.32,1200527,0.7119,1337233,1.23
CMP0088,2024-12-27,2253140,95307,0.0423,23522.78,10.44,1908785,0.8472,1513655,3.65
CMP0088,2024-12-28,2127379,61481,0.0289,34846.47,16.38,1403640,0.6598,1401665,2.1
CMP0088,2024-12-29,2923669,35961,0.0123,68969.35,23.59,2173214,0.7433,2057605,2.36
CMP0088,2024-12-30,2068242,33919,0.0164,20020.58,9.68,1537950,0.7436,1243252,3.19
CMP0088,2024-12-31,1525982,24873,0.0163,29756.65,19.5,981143,0.643,1015876,4.28
CMP0089,2024-07-30,901462,36238,0.0402,22284.14,24.72,780113,0.8654,526304,2.88
CMP0089,2024-07-31,778811,47896,0.0615,4875.36,6.26,548307,0.704,457619,1.33
CMP0089,2024-08-01,607261,5708,0.0094,8568.45,14.11,376161,0.6194,439360,2.93
CMP0089,2024-08-02,1046967,34340,0.0328,7946.48,7.59,757393,0.7234,616782,2.29
CMP0089,2024-08-03,1026654,16015,0.0156,12196.65,11.88,803525,0.7827,802812,2.03
CMP0089,2024-08-04,771433,22602,0.0293,22039.84,28.57,591113,0.7663,483254,3.22
CMP0089,2024-08-05,781355,21409,0.0274,9860.7,12.62,586153,0.7502,558545,1.36
CMP0089,2024-08-06,922562,16144,0.0175,23064.05,25.0,602981,0.6536,568053,1.45
CMP0089,2024-08-07,789956,23856,0.0302,16802.36,21.27,658381,0.8334,499678,3.72
CMP0089,2024-08-08,750622,4503,0.006,9915.72,13.21,637053,0.8487,576353,3.37
CMP0089,2024-08-09,941836,49446,0.0525,9766.84,10.37,790996,0.8398,750899,1.41
CMP0089,2024-08-10,789950,25594,0.0324,7749.41,9.81,482645,0.611,607197,2.2
CMP0089,2024-08-11,1121267,28143,0.0251,8252.53,7.36,828987,0.7393,739949,3.36
CMP0089,2024-08-12,751506,8416,0.0112,14286.13,19.01,445943,0.5934,518566,2.38
CMP0089,2024-08-13,663351,17777,0.0268,12165.86,18.34,441361,0.6654,451407,2.9
CMP0089,2024-08-14,728844,18512,0.0254,20334.75,27.9,658498,0.9035,573142,3.93
CMP0089,2024-08-15,523615,14870,0.0284,14577.44,27.84,396575,0.7574,352143,3.78
CMP0089,2024-08-16,988984,2966,0.003,20284.06,20.51,703269,0.7111,630027,1.19
CMP0089,2024-08-17,909758,46215,0.0508,16484.81,18.12,725909,0.7979,666054,1.83
CMP0089,2024-08-18,970445,32412,0.0334,31005.72,31.95,871052,0.8976,626533,1.71
CMP0089,2024-08-19,780012,15522,0.0199,4898.48,6.28,556593,0.7136,531578,1.12
CMP0089,2024-08-20,865343,20335,0.0235,7312.15,8.45,594041,0.6865,530836,4.23
CMP0089,2024-08-21,818212,10309,0.0126,5621.12,6.87,533254,0.6517,547943,1.25
CMP0089,2024-08-22,875701,4466,0.0051,11016.32,12.58,684229,0.7814,694242,3.9
CMP0089,2024-08-23,752056,16018,0.0213,22651.93,30.12,691121,0.919,532500,2.77
CMP0089,2024-08-24,865063,23097,0.0267,24870.56,28.75,716027,0.8277,650404,1.23
CMP0089,2024-08-25,1014396,30431,0.03,29671.08,29.25,615414,0.6067,744616,4.06
CMP0089,2024-08-26,900023,4860,0.0054,15219.39,16.91,776672,0.8629,507623,3.27
CMP0090,2024-10-29,661346,16004,0.0242,5641.28,8.53,496876,0.7513,526332,1.76
CMP0090,2024-10-30,520203,8531,0.0164,3344.91,6.43,447265,0.8598,396424,2.18
CMP0090,2024-10-31,912657,11225,0.0123,26969.01,29.55,700129,0.7671,717417,2.86
CMP0090,2024-11-01,1095900,50082,0.0457,18060.43,16.48,942424,0.86,786209,1.32
CMP0090,2024-11-02,896252,31906,0.0356,17064.64,19.04,734670,0.8197,511752,2.61
CMP0090,2024-11-03,853272,13225,0.0155,9531.05,11.17,628880,0.737,506196,3.64
CMP0090,2024-11-04,772661,16844,0.0218,4697.78,6.08,503228,0.6513,492703,2.26
CMP0090,2024-11-05,731203,12576,0.0172,17621.99,24.1,555341,0.7595,486799,1.5
CMP0090,2024-11-06,860507,16005,0.0186,21486.86,24.97,532390,0.6187,600450,4.38
CMP0090,2024-11-07,638287,18957,0.0297,16920.99,26.51,402430,0.6305,410822,1.38
CMP0090,2024-11-08,987553,12541,0.0127,12265.41,12.42,849102,0.8598,701734,4.17
CMP0090,2024-11-09,889947,3648,0.0041,22827.14,25.65,533177,0.5991,501337,3.5
CMP0090,2024-11-10,979568,7640,0.0078,9452.83,9.65,653127,0.6668,594098,1.74
CMP0090,2024-11-11,811608,10063,0.0124,8603.04,10.6,534951,0.6591,587920,2.0
CMP0091,2024-09-09,224530,943,0.0042,4726.36,21.05,152473,0.6791,159518,2.63
CMP0091,2024-09-10,302284,5592,0.0185,8349.08,27.62,170364,0.5636,229337,2.41
CMP0091,2024-09-11,264758,4183,0.0158,3039.42,11.48,214403,0.8098,168579,3.86
CMP0091,2024-09-12,305367,2320,0.0076,3478.13,11.39,247002,0.8089,206410,3.92
CMP0091,2024-09-13,341759,1230,0.0036,2857.11,8.36,285765,0.8362,210029,2.69
CMP0091,2024-09-14,281012,1264,0.0045,2529.11,9.0,223006,0.7936,167653,1.58
CMP0091,2024-09-15,360947,14040,0.0389,5659.65,15.68,248990,0.6898,251615,1.22
CMP0091,2024-09-16,308040,5267,0.0171,6890.85,22.37,268503,0.8716,170030,2.53
CMP0091,2024-09-17,281830,2339,0.0083,6437.0,22.84,165455,0.5871,219344,2.14
CMP0091,2024-09-18,316464,7658,0.0242,3430.47,10.84,176601,0.558,238077,2.65
CMP0091,2024-09-19,272921,2183,0.008,4724.26,17.31,190431,0.6978,207017,1.96
CMP0091,2024-09-20,325424,1334,0.0041,4809.77,14.78,260685,0.8011,203404,4.4
CMP0091,2024-09-21,331521,6033,0.0182,8566.5,25.84,292839,0.8833,224353,2.53
CMP0091,2024-09-22,370665,4892,0.0132,11416.48,30.8,258827,0.6983,206511,2.84
CMP0091,2024-09-23,210155,1807,0.0086,6105.0,29.05,190639,0.9071,165121,1.77
CMP0091,2024-09-24,233725,4090,0.0175,5971.67,25.55,139781,0.5981,148014,4.36
CMP0091,2024-09-25,260141,6789,0.0261,3652.38,14.04,216789,0.8334,195202,2.66
CMP0091,2024-09-26,249677,13956,0.0559,1503.06,6.02,150947,0.6046,192435,2.12
CMP0091,2024-09-27,318283,3914,0.0123,3863.96,12.14,198999,0.6252,182230,1.93
CMP0091,2024-09-28,284391,7138,0.0251,7960.1,27.99,195796,0.6885,190353,2.27
CMP0091,2024-09-29,315762,2652,0.0084,7534.08,23.86,255308,0.8085,245728,3.37
CMP0091,2024-09-30,242008,4089,0.0169,5895.31,24.36,201430,0.8323,138901,1.54
CMP0091,2024-10-01,332990,8691,0.0261,3153.42,9.47,278415,0.8361,257902,3.89
CMP0091,2024-10-02,322476,1451,0.0045,5494.99,17.04,224354,0.6957,183138,2.76
CMP0091,2024-10-03,303238,4002,0.0132,6443.81,21.25,191654,0.632,212912,3.71
CMP0091,2024-10-04,329089,2369,0.0072,4883.68,14.84,281238,0.8546,231231,3.66
CMP0091,2024-10-05,265114,5116,0.0193,6041.95,22.79,159357,0.6011,158271,1.82
CMP0091,2024-10-06,263316,2659,0.0101,3904.98,14.83,208545,0.792,172847,2.07
CMP0092,2024-10-23,416004,7696,0.0185,11377.71,27.35,234162,0.5629,328488,2.53
CMP0092,2024-10-24,341761,5297,0.0155,8113.41,23.74,293458,0.8587,227691,1.38
CMP0092,2024-10-25,290098,3075,0.0106,2506.45,8.64,252127,0.8691,217830,1.14
CMP0092,2024-10-26,368394,699,0.0019,7714.17,20.94,254956,0.6921,244493,2.75
CMP0092,2024-10-27,336235,8674,0.0258,5527.7,16.44,280891,0.8354,210395,1.98
CMP0092,2024-10-28,213150,5072,0.0238,4623.22,21.69,180515,0.8469,141226,2.37
CMP0092,2024-10-29,335429,1174,0.0035,4934.16,14.71,250887,0.748,215082,3.77
CMP0092,2024-10-30,352453,20019,0.0568,6985.62,19.82,243856,0.6919,253300,1.61
CMP0092,2024-10-31,348690,7775,0.0223,10561.82,30.29,267918,0.7684,209005,3.86
CMP0092,2024-11-01,367905,2281,0.0062,6559.75,17.83,208955,0.568,228258,1.51
CMP0092,2024-11-02,335087,10488,0.0313,5207.25,15.54,294538,0.879,241797,1.96
CMP0092,2024-11-03,363489,981,0.0027,4979.8,13.7,310089,0.8531,249239,1.71
CMP0092,2024-11-04,197634,2648,0.0134,1276.72,6.46,132437,0.6701,140121,3.13
CMP0092,2024-11-05,364468,2186,0.006,2533.05,6.95,300070,0.8233,223111,1.39
CMP0092,2024-11-06,340946,886,0.0026,8489.56,24.9,267363,0.7842,224265,2.03
CMP0092,2024-11-07,333318,6266,0.0188,7969.63,23.91,213429,0.6403,252119,3.94
CMP0092,2024-11-08,281613,8476,0.0301,5522.43,19.61,202653,0.7196,160275,2.37
CMP0092,2024-11-09,296658,7268,0.0245,9315.06,31.4,233170,0.786,228577,2.4
CMP0092,2024-11-10,400964,1643,0.0041,3227.76,8.05,358122,0.8932,295637,2.54
CMP0092,2024-11-11,325491,1334,0.0041,9995.83,30.71,209953,0.645,232147,4.1
CMP0092,2024-11-12,314911,5983,0.019,5438.51,17.27,186766,0.5931,188288,1.99
CMP0092,2024-11-13,447408,28499,0.0637,8666.29,19.37,387486,0.8661,273338,3.82
CMP0092,2024-11-14,308196,8906,0.0289,5639.99,18.3,256254,0.8315,203174,3.64
CMP0092,2024-11-15,405296,10132,0.025,5349.91,13.2,323601,0.7984,284175,4.19
CMP0092,2024-11-16,293023,6768,0.0231,3835.67,13.09,205308,0.7007,162533,2.51
CMP0092,2024-11-17,380450,13049,0.0343,4923.02,12.94,293577,0.7717,302067,2.18
CMP0092,2024-11-18,304540,12090,0.0397,1970.37,6.47,204073,0.6701,172348,2.08
CMP0092,2024-11-19,437772,13614,0.0311,12038.73,27.5,336002,0.7675,310246,2.22
CMP0092,2024-11-20,293204,4691,0.016,8848.9,30.18,162625,0.5546,186228,2.28
CMP0092,2024-11-21,338478,14249,0.0421,6095.99,18.01,279160,0.8248,203986,3.47
CMP0092,2024-11-22,202963,6251,0.0308,2567.48,12.65,114052,0.5619,154875,4.39
CMP0092,2024-11-23,372085,12948,0.0348,7661.23,20.59,252184,0.6778,223953,4.45
CMP0092,2024-11-24,352874,1446,0.0041,4795.56,13.59,235252,0.6667,253584,1.2
CMP0092,2024-11-25,311341,11675,0.0375,3219.27,10.34,211743,0.6801,204825,4.49
CMP0092,2024-11-26,342202,3935,0.0115,10714.34,31.31,258664,0.7559,230195,1.9
CMP0092,2024-11-27,316226,9455,0.0299,2978.85,9.42,244959,0.7746,241096,1.43
CMP0092,2024-11-28,371918,4797,0.0129,11826.99,31.8,283094,0.7612,221163,1.64
CMP0092,2024-11-29,414622,19860,0.0479,10407.01,25.1,289577,0.6984,270387,3.65
CMP0092,2024-11-30,445290,2716,0.0061,9609.36,21.58,297533,0.6682,285339,1.46
CMP0092,2024-12-01,286268,7442,0.026,8865.72,30.97,238131,0.8318,180189,2.92
CMP0092,2024-12-02,423347,17611,0.0416,11997.65,28.34,310350,0.7331,281939,3.91
CMP0092,2024-12-03,337863,4763,0.0141,10142.65,30.02,208029,0.6157,210185,2.91
CMP0093,2024-08-29,60333,892,0.0148,1089.61,18.06,37028,0.6137,46867,2.4
CMP0093,2024-08-30,49737,1646,0.0331,1558.26,31.33,34905,0.7018,35268,3.2
CMP0093,2024-08-31,64913,1434,0.0221,1435.88,22.12,59693,0.9196,45432,3.59
CMP0093,2024-09-01,82310,4609,0.056,1189.38,14.45,52882,0.6425,56985,2.7
CMP0093,2024-09-02,66535,2827,0.0425,1039.94,15.63,54884,0.8249,51290,3.32
CMP0093,2024-09-03,55639,200,0.0036,1582.93,28.45,48106,0.8646,32846,2.35
CMP0093,2024-09-04,78049,1912,0.0245,824.2,10.56,69989,0.8967,60905,2.2
CMP0093,2024-09-05,52325,361,0.0069,1531.03,29.26,32786,0.6266,34811,1.93
CMP0093,2024-09-06,73429,3084,0.042,2329.9,31.73,62032,0.8448,58243,2.8
CMP0093,2024-09-07,57854,647,0.0112,1255.43,21.7,38910,0.6726,45128,1.64
CMP0093,2024-09-08,56531,237,0.0042,1753.59,31.02,31236,0.5525,31548,3.4
CMP0093,2024-09-09,49146,1184,0.0241,1566.77,31.88,42707,0.869,27894,2.52
CMP0093,2024-09-10,66314,2632,0.0397,1632.65,24.62,39441,0.5948,49347,3.3
CMP0093,2024-09-11,58474,397,0.0068,387.1,6.62,42563,0.7279,42774,2.1
CMP0093,2024-09-12,66773,1696,0.0254,1828.24,27.38,55718,0.8344,42791,3.54
CMP0093,2024-09-13,80227,264,0.0033,1836.4,22.89,56847,0.7086,46613,1.6
CMP0093,2024-09-14,59739,770,0.0129,1640.43,27.46,49513,0.8288,34525,1.67
CMP0093,2024-09-15,58499,386,0.0066,868.13,14.84,51935,0.8878,43809,1.81
CMP0093,2024-09-16,78154,125,0.0016,1773.31,22.69,45126,0.5774,60553,2.77
CMP0093,2024-09-17,57523,1921,0.0334,733.99,12.76,37922,0.6592,38032,3.78
CMP0093,2024-09-18,53861,2531,0.047,1118.69,20.77,41469,0.7699,39874,1.6
CMP0093,2024-09-19,60349,138,0.0023,709.1,11.75,41472,0.6872,38664,2.09
CMP0093,2024-09-20,56774,584,0.0103,574.55,10.12,44541,0.7845,37971,2.6
CMP0093,2024-09-21,71183,1288,0.0181,1803.78,25.34,57457,0.8072,41758,2.09
CMP0093,2024-09-22,67812,244,0.0036,1529.84,22.56,37999,0.5604,40884,2.13
CMP0093,2024-09-23,59262,675,0.0114,755.0,12.74,48406,0.8168,43638,4.49
CMP0093,2024-09-24,63017,1373,0.0218,1391.42,22.08,38632,0.613,40082,1.63
CMP0093,2024-09-25,76869,3774,0.0491,1089.23,14.17,52925,0.6885,58908,2.75
CMP0094,2024-08-02,1783229,55815,0.0313,35058.28,19.66,1096495,0.6149,1380724,1.15
CMP0094,2024-08-03,1821748,19857,0.0109,27144.05,14.9,1210449,0.6644,1104120,2.05
CMP0094,2024-08-04,1576558,24278,0.0154,41810.32,26.52,1246267,0.7905,1007618,2.66
CMP0094,2024-08-05,1091381,30558,0.028,32261.22,29.56,939451,0.8608,831017,3.76
CMP0094,2024-08-06,1345938,64201,0.0477,16070.5,11.94,841125,0.6249,963773,2.45
CMP0094,2024-08-07,1500043,18750,0.0125,21855.63,14.57,862319,0.5749,1032511,2.92
CMP0094,2024-08-08,1273657,27256,0.0214,36541.22,28.69,1157832,0.9091,718334,3.03
CMP0094,2024-08-09,1685505,33710,0.02,21338.49,12.66,1388167,0.8236,1217650,3.31
CMP0094,2024-08-10,1928300,48593,0.0252,46144.22,23.93,1385954,0.7187,1079960,3.17
CMP0094,2024-08-11,1670743,32078,0.0192,14000.83,8.38,1036370,0.6203,1265877,1.32
CMP0094,2024-08-12,1272972,20240,0.0159,24937.52,19.59,728802,0.5725,772562,3.09
CMP0094,2024-08-13,1691190,6933,0.0041,30559.8,18.07,1266135,0.7487,1260533,2.18
CMP0094,2024-08-14,1792641,16492,0.0092,19916.24,11.11,1063162,0.5931,1023322,1.77
CMP0094,2024-08-15,1383106,21576,0.0156,16030.2,11.59,1010048,0.7303,957568,3.08
CMP0094,2024-08-16,1736920,16500,0.0095,15458.59,8.9,1525035,0.878,1292874,1.76
CMP0094,2024-08-17,1658151,26862,0.0162,36429.58,21.97,1191902,0.7188,912188,3.67
CMP0094,2024-08-18,2233840,24572,0.011,42018.53,18.81,1374519,0.6153,1511914,2.85
CMP0094,2024-08-19,1710071,11286,0.0066,23581.88,13.79,1489277,0.8709,1047000,2.04
CMP0094,2024-08-20,1464155,33821,0.0231,20542.09,14.03,1043673,0.7128,1162988,4.32
CMP0094,2024-08-21,1311317,24521,0.0187,18751.83,14.3,1193968,0.9105,875470,1.65
CMP0094,2024-08-22,1230116,21404,0.0174,21194.9,17.23,815218,0.6627,961118,2.61
CMP0094,2024-08-23,1304373,12652,0.0097,26087.46,20.0,805558,0.6176,971363,3.69
CMP0094,2024-08-24,1806090,20950,0.0116,34406.01,19.05,1207201,0.6684,1232836,1.45
CMP0094,2024-08-25,1694661,48297,0.0285,37028.34,21.85,1290099,0.7613,997561,1.63
CMP0094,2024-08-26,1396681,50420,0.0361,36914.28,26.43,1208648,0.8654,981211,1.63
CMP0094,2024-08-27,1265524,59099,0.0467,39876.66,31.51,1002031,0.7918,945583,3.75
CMP0094,2024-08-28,1316331,21719,0.0165,39819.01,30.25,953857,0.7246,1005755,2.13
CMP0094,2024-08-29,1096741,12941,0.0118,16100.16,14.68,746831,0.681,807534,2.63
CMP0094,2024-08-30,1248719,17107,0.0137,20266.71,16.23,879517,0.7043,924745,2.47
CMP0094,2024-08-31,1897913,8540,0.0045,28829.3,15.19,1609405,0.848,1506461,3.71
CMP0094,2024-09-01,1960476,24898,0.0127,47659.17,24.31,1229581,0.6272,1429516,2.1
CMP0094,2024-09-02,1441600,24074,0.0167,20715.79,14.37,1214750,0.8426,910256,3.0
CMP0094,2024-09-03,1362641,43331,0.0318,15793.01,11.59,1003025,0.7361,1041195,1.46
CMP0094,2024-09-04,1447664,15779,0.0109,20933.22,14.46,1053150,0.7275,1057252,2.7
CMP0094,2024-09-05,1319167,34826,0.0264,9498.0,7.2,1047398,0.794,952372,4.19
CMP0094,2024-09-06,1004812,16981,0.0169,13343.9,13.28,778207,0.7745,646852,1.44
CMP0094,2024-09-07,1531948,130981,0.0855,20191.07,13.18,1051982,0.6867,1196300,1.48
CMP0094,2024-09-08,1887888,55503,0.0294,48141.14,25.5,1265039,0.6701,1404231,2.51
CMP0094,2024-09-09,1432776,53299,0.0372,14198.81,9.91,946458,0.6606,859663,1.4
CMP0094,2024-09-10,1664278,79718,0.0479,34766.77,20.89,1385064,0.8322,1023830,2.91
CMP0094,2024-09-11,1289317,9798,0.0076,8470.81,6.57,1077452,0.8357,731043,3.77
CMP0094,2024-09-12,1545540,76967,0.0498,21884.85,14.16,1338082,0.8658,1199765,2.62
CMP0095,2024-08-06,895957,17829,0.0199,9667.38,10.79,648028,0.7233,595991,2.23
CMP0095,2024-08-07,944820,10204,0.0108,22968.57,24.31,608919,0.6445,696249,1.18
CMP0095,2024-08-08,578629,16780,0.029,9651.53,16.68,403092,0.6966,388601,1.26
CMP0095,2024-08-09,1050582,39606,0.0377,31244.31,29.74,776944,0.7395,582075,2.59
CMP0095,2024-08-10,644952,13737,0.0213,12325.03,19.11,545218,0.8454,482123,2.77
CMP0095,2024-08-11,675879,17167,0.0254,15200.52,22.49,555397,0.8217,467253,4.41
CMP0095,2024-08-12,893151,10717,0.012,17711.18,19.83,755140,0.8455,680201,1.4
CMP0095,2024-08-13,764866,12314,0.0161,16719.97,21.86,701681,0.9174,564453,3.71
CMP0095,2024-08-14,704372,20356,0.0289,9297.71,13.2,505018,0.717,542461,3.61
CMP0095,2024-08-15,807064,7828,0.0097,6375.81,7.9,637339,0.7897,512447,2.89
CMP0095,2024-08-16,799914,21757,0.0272,21861.65,27.33,567928,0.71,444248,3.05
CMP0095,2024-08-17,1070398,6957,0.0065,29468.06,27.53,596192,0.557,648990,2.55
CMP0095,2024-08-18,973287,8175,0.0084,11484.79,11.8,778220,0.7996,614781,2.66
CMP0095,2024-08-19,835335,17709,0.0212,21735.42,26.02,636978,0.7625,533496,4.09
CMP0095,2024-08-20,767817,3531,0.0046,7655.14,9.97,641900,0.836,461869,1.72
CMP0095,2024-08-21,718249,9121,0.0127,15550.09,21.65,619517,0.8625,534999,2.94
CMP0095,2024-08-22,919777,67971,0.0739,13345.96,14.51,613191,0.6667,558788,1.81
CMP0095,2024-08-23,628326,11309,0.018,10700.39,17.03,408599,0.6503,492655,1.84
CMP0095,2024-08-24,802626,15811,0.0197,7681.13,9.57,708386,0.8826,529661,3.94
CMP0095,2024-08-25,817944,14068,0.0172,14346.74,17.54,675015,0.8253,601171,2.39
CMP0095,2024-08-26,945878,45685,0.0483,15493.48,16.38,592199,0.6261,610210,3.87
CMP0095,2024-08-27,876162,2102,0.0024,9243.51,10.55,777957,0.8879,640587,1.51
CMP0095,2024-08-28,760615,7149,0.0094,6944.41,9.13,555986,0.731,533352,3.65
CMP0095,2024-08-29,742640,1708,0.0023,8146.76,10.97,679148,0.9145,556941,2.32
CMP0095,2024-08-30,854540,14954,0.0175,7613.95,8.91,614476,0.7191,471547,3.83
CMP0095,2024-08-31,1074305,10420,0.0097,30392.09,28.29,731850,0.6812,844868,3.94
CMP0095,2024-09-01,1007259,17929,0.0178,28243.54,28.04,666057,0.6613,805733,1.39
CMP0095,2024-09-02,792877,30446,0.0384,12789.11,16.13,574363,0.7244,624650,2.03
CMP0096,2024-09-23,399610,9830,0.0246,5758.38,14.41,240594,0.6021,244661,3.02
CMP0096,2024-09-24,476801,9822,0.0206,4791.85,10.05,384862,0.8072,353105,1.31
CMP0096,2024-09-25,418300,16648,0.0398,11929.92,28.52,332361,0.7946,268935,2.51
CMP0096,2024-09-26,404860,7327,0.0181,4242.93,10.48,362927,0.8964,320375,3.62
CMP0096,2024-09-27,391476,8025,0.0205,4196.62,10.72,342642,0.8753,226017,1.65
CMP0096,2024-09-28,562307,11920,0.0212,7849.81,13.96,439367,0.7814,437050,2.0
CMP0096,2024-09-29,510490,2909,0.0057,13456.52,26.36,343399,0.6727,394202,1.22
CMP0096,2024-09-30,383708,2110,0.0055,11415.31,29.75,217641,0.5672,247207,3.13
CMP0096,2024-10-01,454747,1818,0.004,4597.49,10.11,252624,0.5555,352109,1.41
CMP0096,2024-10-02,389568,4363,0.0112,3474.95,8.92,282828,0.726,310034,4.01
CMP0096,2024-10-03,300636,11424,0.038,2853.04,9.49,232454,0.7732,213215,2.16
CMP0096,2024-10-04,435381,11711,0.0269,12830.68,29.47,260111,0.5974,310902,2.34
CMP0096,2024-10-05,620107,4898,0.0079,15267.03,24.62,450682,0.7268,457130,4.0
CMP0096,2024-10-06,530594,7428,0.014,6207.95,11.7,317310,0.598,416819,1.87
CMP0096,2024-10-07,327220,6380,0.0195,2768.28,8.46,228864,0.6994,252525,1.46
CMP0096,2024-10-08,422591,10395,0.0246,4563.98,10.8,335523,0.794,267143,4.41
CMP0096,2024-10-09,400605,10415,0.026,7819.81,19.52,305882,0.7636,308824,3.68
CMP0096,2024-10-10,323877,7125,0.022,5496.19,16.97,257367,0.7946,225043,4.28
CMP0096,2024-10-11,382317,17433,0.0456,11301.29,29.56,264739,0.6925,214863,1.77
CMP0096,2024-10-12,520457,13167,0.0253,5058.84,9.72,292820,0.5626,389662,1.65
CMP0096,2024-10-13,577071,1038,0.0018,12043.47,20.87,420697,0.729,367002,3.24
CMP0096,2024-10-14,447883,25977,0.058,9410.02,21.01,321256,0.7173,270391,3.21
CMP0096,2024-10-15,416043,5283,0.0127,3769.35,9.06,271818,0.6533,308757,4.24
CMP0096,2024-10-16,472106,1746,0.0037,13790.22,29.21,304251,0.6445,354904,2.76
CMP0096,2024-10-17,422171,22881,0.0542,9811.25,23.24,336539,0.7972,268329,2.86
CMP0096,2024-10-18,299474,59,0.0002,4641.85,15.5,235880,0.7876,236940,1.53
CMP0096,2024-10-19,585502,8431,0.0144,10474.63,17.89,346102,0.5911,402600,2.11
CMP0096,2024-10-20,561006,13576,0.0242,7842.86,13.98,399088,0.7114,446604,1.38
CMP0096,2024-10-21,415689,2992,0.0072,7947.97,19.12,289775,0.6971,326445,4.5
CMP0096,2024-10-22,510650,6127,0.012,14216.5,27.84,322775,0.6321,282991,3.59
CMP0096,2024-10-23,495382,11096,0.0224,10710.16,21.62,300278,0.6062,378958,2.89
CMP0096,2024-10-24,431015,31722,0.0736,6650.56,15.43,273805,0.6353,339118,2.9
CMP0096,2024-10-25,313704,8219,0.0262,2697.85,8.6,191762,0.6113,222283,3.2
CMP0096,2024-10-26,610623,12395,0.0203,15589.21,25.53,370195,0.6063,479673,3.17
CMP0096,2024-10-27,591499,8695,0.0147,7831.45,13.24,535218,0.9049,465642,2.11
CMP0096,2024-10-28,420617,9716,0.0231,13152.69,31.27,370431,0.8807,280551,1.56
CMP0096,2024-10-29,452736,8330,0.0184,2720.94,6.01,291105,0.643,311907,2.16
CMP0096,2024-10-30,379933,455,0.0012,8335.73,21.94,343813,0.9049,214588,2.5
CMP0096,2024-10-31,363841,10987,0.0302,9961.97,27.38,303042,0.8329,273516,4.33
CMP0096,2024-11-01,386382,15262,0.0395,10215.94,26.44,304875,0.7891,250278,1.76
CMP0096,2024-11-02,625631,5130,0.0082,4898.69,7.83,567098,0.9064,387299,4.13
CMP0096,2024-11-03,474264,4790,0.0101,11965.68,25.23,426555,0.8994,278848,2.61
CMP0097,2024-09-12,1076956,5923,0.0055,27763.93,25.78,596616,0.554,623905,2.16
CMP0097,2024-09-13,1049325,10178,0.0097,23441.92,22.34,760037,0.7243,750377,2.12
CMP0097,2024-09-14,1432130,23916,0.0167,36261.53,25.32,1028435,0.7181,812877,4.43
CMP0097,2024-09-15,974195,14612,0.015,14496.02,14.88,633887,0.6507,776423,2.4
CMP0097,2024-09-16,1415118,32689,0.0231,12637.0,8.93,1022584,0.7226,985268,4.08
CMP0097,2024-09-17,1157465,14352,0.0124,30858.02,26.66,961425,0.8306,701607,1.45
CMP0097,2024-09-18,1121300,28705,0.0256,24321.0,21.69,865248,0.7716,718346,4.06
CMP0097,2024-09-19,1239082,16975,0.0137,34384.53,27.75,1123104,0.9064,812117,3.27
CMP0097,2024-09-20,1476104,62291,0.0422,19617.42,13.29,1207304,0.8179,913658,1.96
CMP0097,2024-09-21,1123416,32691,0.0291,18996.96,16.91,965496,0.8594,893982,1.38
CMP0097,2024-09-22,1200094,7560,0.0063,32354.53,26.96,767838,0.6398,808556,3.11
CMP0097,2024-09-23,1225537,18995,0.0155,10662.17,8.7,1028153,0.8389,891127,3.01
CMP0097,2024-09-24,1503025,41032,0.0273,23702.7,15.77,1115271,0.742,1174329,2.4
CMP0097,2024-09-25,1329690,50528,0.038,28388.88,21.35,1121769,0.8436,1048484,3.06
CMP0098,2024-07-12,1249868,37246,0.0298,32321.59,25.86,854233,0.6835,897595,4.17
CMP0098,2024-07-13,1165811,19585,0.0168,18932.77,16.24,962254,0.8254,742418,3.78
CMP0098,2024-07-14,1082471,24247,0.0224,22634.47,20.91,804734,0.7434,849793,3.86
CMP0098,2024-07-15,1087762,23604,0.0217,28521.12,26.22,867550,0.7976,605241,3.03
CMP0098,2024-07-16,986742,7597,0.0077,30184.44,30.59,578780,0.5866,769823,3.83
CMP0098,2024-07-17,1148362,6201,0.0054,32257.49,28.09,739315,0.6438,866544,2.27
CMP0098,2024-07-18,1422841,3557,0.0025,17742.83,12.47,1017363,0.715,799565,2.66
CMP0098,2024-07-19,826051,43698,0.0529,10606.49,12.84,696895,0.8436,497567,3.72
CMP0098,2024-07-20,1073573,32636,0.0304,15427.24,14.37,749878,0.6985,684010,3.87
CMP0098,2024-07-21,964951,12061,0.0125,27279.16,28.27,649887,0.6735,679422,3.62
CMP0098,2024-07-22,1360285,56043,0.0412,16214.6,11.92,1165237,0.8566,782605,3.55
CMP0098,2024-07-23,994793,20393,0.0205,14066.37,14.14,730139,0.734,593441,2.4
CMP0098,2024-07-24,1427682,26412,0.0185,34821.16,24.39,970423,0.6797,1072866,4.15
CMP0098,2024-07-25,1229542,13893,0.0113,38042.03,30.94,823081,0.6694,710515,3.08
CMP0098,2024-07-26,929113,15516,0.0167,22493.83,24.21,703691,0.7574,686793,2.93
CMP0098,2024-07-27,1168679,13907,0.0119,28153.48,24.09,728658,0.6235,669227,3.13
CMP0098,2024-07-28,1258190,11449,0.0091,20785.3,16.52,814611,0.6474,917185,2.91
CMP0098,2024-07-29,1159810,51379,0.0443,34736.31,29.95,682364,0.5883,915111,3.87
CMP0098,2024-07-30,1296785,21396,0.0165,17688.15,13.64,986774,0.7609,739884,4.5
CMP0098,2024-07-31,1075769,23882,0.0222,7594.93,7.06,809790,0.7528,771197,2.03
CMP0098,2024-08-01,988072,39127,0.0396,27330.07,27.66,902907,0.9138,604045,1.87
CMP0099,2024-11-22,360448,3784,0.0105,4188.41,11.62,199902,0.5546,220204,1.17
CMP0099,2024-11-23,331476,11038,0.0333,9211.72,27.79,233151,0.7034,227991,3.03
CMP0099,2024-11-24,407443,6559,0.0161,11428.78,28.05,311665,0.7649,287986,4.12
CMP0099,2024-11-25,270314,9623,0.0356,6871.38,25.42,219358,0.8115,215029,3.83
CMP0099,2024-11-26,317026,2694,0.0085,4955.12,15.63,279940,0.883,248621,2.19
CMP0099,2024-11-27,311181,13505,0.0434,9618.6,30.91,186634,0.5998,238049,4.45
CMP0099,2024-11-28,305960,1927,0.0063,6119.2,20.0,182854,0.5976,243315,3.77
CMP0099,2024-11-29,362796,14294,0.0394,6664.56,18.37,241618,0.666,272754,3.15
CMP0099,2024-11-30,326817,7810,0.0239,8059.31,24.66,257740,0.7886,225019,4.45
CMP0099,2024-12-01,333639,14479,0.0434,6983.06,20.93,190068,0.5697,235115,2.79
CMP0099,2024-12-02,268259,3299,0.0123,8257.01,30.78,164549,0.6134,185095,3.0
CMP0099,2024-12-03,356966,5140,0.0144,5368.77,15.04,310918,0.871,209528,3.42
CMP0099,2024-12-04,406825,4434,0.0109,10044.51,24.69,309516,0.7608,320105,3.57
CMP0099,2024-12-05,307040,5403,0.0176,5760.07,18.76,248874,0.8106,241237,4.45
CMP0100,2024-08-06,798825,9506,0.0119,14179.14,17.75,598484,0.7492,574089,2.22
CMP0100,2024-08-07,609175,35453,0.0582,17532.06,28.78,548330,0.9001,357012,2.93
CMP0100,2024-08-08,922995,15783,0.0171,13088.07,14.18,509961,0.5525,648310,3.52
CMP0100,2024-08-09,615872,18106,0.0294,5610.59,9.11,561441,0.9116,433242,2.9
CMP0100,2024-08-10,637401,13640,0.0214,15966.9,25.05,409247,0.6421,446423,3.68
CMP0100,2024-08-11,778526,2958,0.0038,8338.01,10.71,615253,0.7903,524527,1.51
CMP0100,2024-08-12,671842,14444,0.0215,20558.37,30.6,512199,0.7624,528912,2.42
CMP0100,2024-08-13,975685,15415,0.0158,23523.77,24.11,586629,0.6012,620363,1.43
CMP0100,2024-08-14,757347,7800,0.0103,18471.69,24.39,662870,0.8753,511148,1.73
CMP0100,2024-08-15,569288,16850,0.0296,6768.83,11.89,520719,0.9147,403199,2.26
CMP0100,2024-08-16,733088,17154,0.0234,14383.19,19.62,408731,0.5575,514290,4.44
CMP0100,2024-08-17,615349,8614,0.014,9660.98,15.7,376808,0.6123,486679,2.9
CMP0100,2024-08-18,631173,14012,0.0222,10098.77,16.0,353603,0.5602,489970,3.02
CMP0100,2024-08-19,713331,8987,0.0126,22006.26,30.85,442078,0.6197,503053,1.72
CMP0101,2024-11-17,139132,3297,0.0237,2084.2,14.98,121417,0.8727,108266,3.14
CMP0101,2024-11-18,211833,3177,0.015,6181.29,29.18,171871,0.8114,163094,1.7
CMP0101,2024-11-19,187578,3207,0.0171,5119.0,27.29,105273,0.5612,104986,2.93
CMP0101,2024-11-20,147529,3629,0.0246,4493.73,30.46,125202,0.8487,92635,2.09
CMP0101,2024-11-21,222289,6112,0.0275,2376.27,10.69,164903,0.7418,172286,2.79
CMP0101,2024-11-22,172954,1591,0.0092,5522.42,31.93,153998,0.8904,135674,4.26
CMP0101,2024-11-23,206324,2001,0.0097,3323.88,16.11,147673,0.7157,119481,2.99
CMP0101,2024-11-24,227663,7854,0.0345,3531.05,15.51,145384,0.6386,171748,1.74
CMP0101,2024-11-25,186127,12061,0.0648,2851.47,15.32,165494,0.8891,145231,3.86
CMP0101,2024-11-26,210698,2675,0.0127,5141.03,24.4,181295,0.8604,121087,2.87
CMP0101,2024-11-27,275783,4881,0.0177,3951.97,14.33,205490,0.7451,191330,2.91
CMP0101,2024-11-28,210419,8458,0.0402,4252.57,20.21,131374,0.6243,132580,2.62
CMP0101,2024-11-29,184249,6024,0.0327,5628.81,30.55,130400,0.7077,121380,1.38
CMP0101,2024-11-30,195673,5146,0.0263,1704.31,8.71,148254,0.7577,137443,2.14
CMP0102,2024-08-20,728672,10492,0.0144,18974.62,26.04,608595,0.8352,528087,2.89
CMP0102,2024-08-21,584378,2571,0.0044,17893.65,30.62,387813,0.6636,407234,4.16
CMP0102,2024-08-22,528355,36826,0.0697,11972.52,22.66,435113,0.8235,361169,1.26
CMP0102,2024-08-23,785340,27172,0.0346,8552.35,10.89,712106,0.9067,442231,3.91
CMP0102,2024-08-24,857922,8665,0.0101,21619.63,25.2,638186,0.7439,510096,2.36
CMP0102,2024-08-25,696502,30367,0.0436,20672.18,29.68,408498,0.5865,548489,4.13
CMP0102,2024-08-26,631352,12942,0.0205,4987.68,7.9,394806,0.6253,379874,3.28
CMP0102,2024-08-27,558294,1451,0.0026,16732.07,29.97,349621,0.6262,403282,4.24
CMP0102,2024-08-28,665569,7454,0.0112,8153.22,12.25,566429,0.851,504385,4.45
CMP0102,2024-08-29,619639,3098,0.005,17033.88,27.49,426038,0.6876,470582,1.25
CMP0102,2024-08-30,864377,9853,0.0114,10718.27,12.4,689217,0.7974,665990,2.54
CMP0102,2024-08-31,697196,18894,0.0271,19842.2,28.46,544991,0.7817,419167,4.09
CMP0102,2024-09-01,747929,15706,0.021,9790.39,13.09,602385,0.8054,489124,2.51
CMP0102,2024-09-02,543384,8531,0.0157,15991.79,29.43,463065,0.8522,365183,3.14
CMP0102,2024-09-03,603290,8265,0.0137,9821.56,16.28,487169,0.8075,399548,3.35
CMP0102,2024-09-04,642246,3275,0.0051,14501.91,22.58,380629,0.5927,498096,2.76
CMP0102,2024-09-05,670692,19315,0.0288,9731.74,14.51,603016,0.8991,411888,3.42
CMP0102,2024-09-06,777863,22635,0.0291,12718.06,16.35,582165,0.7484,483189,3.04
CMP0102,2024-09-07,801330,7853,0.0098,7292.1,9.1,684708,0.8545,617830,4.33
CMP0102,2024-09-08,674787,1821,0.0027,12787.21,18.95,402869,0.597,539080,2.69
CMP0102,2024-09-09,592643,32061,0.0541,7076.16,11.94,508632,0.8582,353286,3.69
CMP0102,2024-09-10,657848,13091,0.0199,8084.95,12.29,511587,0.7777,433868,1.59
CMP0102,2024-09-11,528340,13155,0.0249,3735.36,7.07,473095,0.8954,391868,1.74
CMP0102,2024-09-12,568250,10001,0.0176,8108.93,14.27,432129,0.7605,447296,2.26
CMP0102,2024-09-13,847375,9490,0.0112,25395.83,29.97,575828,0.6795,508562,3.29
CMP0102,2024-09-14,921934,40380,0.0438,9200.9,9.98,606603,0.658,521733,1.73
CMP0102,2024-09-15,827746,10181,0.0123,19129.21,23.11,589671,0.7124,635571,1.34
CMP0102,2024-09-16,724453,17241,0.0238,14300.7,19.74,547712,0.756,424414,4.38
CMP0103,2024-09-14,3692710,19940,0.0054,87886.5,23.8,2591070,0.7017,2524220,3.2
CMP0103,2024-09-15,3348674,38174,0.0114,101297.39,30.25,2300665,0.687,1961893,1.45
CMP0103,2024-09-16,2208300,15899,0.0072,35134.05,15.91,1674340,0.7582,1663791,3.71
CMP0103,2024-09-17,2535281,98622,0.0389,30017.73,11.84,1983771,0.7825,1751650,1.35
CMP0103,2024-09-18,2433971,187172,0.0769,72240.26,29.68,2182707,0.8968,1731034,2.06
CMP0103,2024-09-19,3425382,72618,0.0212,60595.01,17.69,2832056,0.8268,2468742,3.18
CMP0103,2024-09-20,4002821,29220,0.0073,126849.4,31.69,2875403,0.7183,3121626,1.62
CMP0104,2024-09-12,1514385,46945,0.031,23260.95,15.36,913826,0.6034,1074112,1.69
CMP0104,2024-09-13,1594701,16265,0.0102,50998.54,31.98,1397463,0.8763,1023829,1.17
CMP0104,2024-09-14,1233163,35761,0.029,12011.01,9.74,888092,0.7202,897337,2.94
CMP0104,2024-09-15,1670630,51288,0.0307,27498.57,16.46,1438161,0.8608,1066255,4.3
CMP0104,2024-09-16,1069237,16787,0.0157,18027.34,16.86,878245,0.8214,706737,2.42
CMP0104,2024-09-17,1620628,54128,0.0334,23466.69,14.48,1130528,0.6976,1184398,1.8
CMP0104,2024-09-18,1081220,5622,0.0052,11860.98,10.97,672521,0.622,830811,3.34
CMP0104,2024-09-19,750566,34225,0.0456,22074.15,29.41,565053,0.7528,556165,2.49
CMP0104,2024-09-20,1595363,18665,0.0117,18426.44,11.55,960875,0.6023,920783,3.32
CMP0104,2024-09-21,1486576,24082,0.0162,41118.69,27.66,1243660,0.8366,1049372,1.27
CMP0104,2024-09-22,1602306,16023,0.01,32590.9,20.34,974179,0.608,1035206,2.86
CMP0104,2024-09-23,1405980,30931,0.022,24632.77,17.52,1134300,0.8068,908955,3.37
CMP0104,2024-09-24,1218838,20110,0.0165,30958.49,25.4,924421,0.7584,717851,2.47
CMP0104,2024-09-25,1352037,29609,0.0219,15061.69,11.14,949369,0.7022,902004,4.05
CMP0105,2024-12-08,1077296,6571,0.0061,32545.11,30.21,718555,0.667,843797,3.18
CMP0105,2024-12-09,1039080,13092,0.0126,29894.33,28.77,831461,0.8002,775923,1.39
CMP0105,2024-12-10,1118022,19118,0.0171,31774.19,28.42,636734,0.5695,853218,2.17
CMP0105,2024-12-11,807560,14616,0.0181,9109.28,11.28,489157,0.6057,487162,3.96
CMP0105,2024-12-12,1096529,18531,0.0169,32501.12,29.64,839805,0.7659,830142,2.72
CMP0105,2024-12-13,1121709,24004,0.0214,15176.72,13.53,659065,0.5876,774508,4.16
CMP0105,2024-12-14,1193417,7876,0.0066,20037.47,16.79,891426,0.747,840848,1.64
CMP0106,2024-09-22,371074,22041,0.0594,6757.26,18.21,339095,0.9138,268097,4.17
CMP0106,2024-09-23,280998,5676,0.0202,6536.01,23.26,169795,0.6043,185803,3.67
CMP0106,2024-09-24,274538,8236,0.03,4365.15,15.9,189531,0.6904,162695,1.17
CMP0106,2024-09-25,390160,5813,0.0149,10639.66,27.27,348978,0.8944,271638,1.72
CMP0106,2024-09-26,266341,13743,0.0516,8317.83,31.23,239771,0.9002,184226,4.11
CMP0106,2024-09-27,472906,2932,0.0062,13737.92,29.05,272152,0.5755,276052,2.12
CMP0106,2024-09-28,379879,12422,0.0327,3757.0,9.89,348490,0.9174,284051,3.37
CMP0106,2024-09-29,317561,2953,0.0093,4553.82,14.34,258247,0.8132,249980,1.38
CMP0106,2024-09-30,279871,4365,0.0156,7494.95,26.78,155581,0.5559,216273,2.52
CMP0106,2024-10-01,244007,8637,0.0354,6863.92,28.13,151540,0.621,151299,2.87
CMP0106,2024-10-02,314063,13787,0.0439,5882.4,18.73,277993,0.8852,176818,1.91
CMP0106,2024-10-03,304874,2164,0.0071,5387.12,17.67,216518,0.7102,170764,3.65
CMP0106,2024-10-04,399029,14883,0.0373,7146.61,17.91,231313,0.5797,274459,1.54
CMP0106,2024-10-05,303574,5008,0.0165,6748.45,22.23,249482,0.8218,168423,2.39
CMP0106,2024-10-06,401986,8401,0.0209,6383.54,15.88,226444,0.5633,288616,3.47
CMP0106,2024-10-07,220518,10342,0.0469,5927.52,26.88,190933,0.8658,164513,2.48
CMP0106,2024-10-08,236806,1326,0.0056,7227.32,30.52,193251,0.8161,162945,2.76
CMP0106,2024-10-09,303730,607,0.002,9035.97,29.75,270303,0.8899,173490,3.37
CMP0106,2024-10-10,316250,8380,0.0265,6081.49,19.23,187221,0.592,238037,3.84
CMP0106,2024-10-11,342459,2671,0.0078,2715.7,7.93,235664,0.6882,201537,3.82
CMP0106,2024-10-12,322611,2451,0.0076,9181.51,28.46,178587,0.5536,178520,3.84
CMP0106,2024-10-13,446426,9285,0.0208,9843.69,22.05,271342,0.6078,315414,4.06
CMP0106,2024-10-14,305869,10063,0.0329,8781.5,28.71,257195,0.8409,176320,1.51
CMP0106,2024-10-15,303518,7193,0.0237,3396.37,11.19,250719,0.826,173092,1.41
CMP0106,2024-10-16,389505,19241,0.0494,2375.98,6.1,328309,0.8429,236923,1.27
CMP0106,2024-10-17,259565,2258,0.0087,3719.57,14.33,193597,0.7459,173651,1.77
CMP0106,2024-10-18,522786,3502,0.0067,11365.37,21.74,323522,0.6188,325181,3.4
CMP0106,2024-10-19,451006,2751,0.0061,3423.14,7.59,278912,0.6184,248765,1.7
CMP0107,2024-11-01,754690,5886,0.0078,7350.68,9.74,566424,0.7505,598605,3.48
CMP0107,2024-11-02,1145996,15585,0.0136,9133.59,7.97,709609,0.6192,722380,4.47
CMP0107,2024-11-03,1121713,8300,0.0074,25260.98,22.52,862770,0.7692,785634,2.82
CMP0107,2024-11-04,779545,15512,0.0199,13322.42,17.09,666552,0.8551,572077,2.9
CMP0107,2024-11-05,785952,21692,0.0276,24498.12,31.17,505459,0.6431,580483,1.32
CMP0107,2024-11-06,838929,13171,0.0157,12541.99,14.95,688910,0.8212,591412,3.88
CMP0107,2024-11-07,767568,23564,0.0307,19864.66,25.88,625537,0.815,424464,3.63
CMP0107,2024-11-08,905976,13589,0.015,19288.23,21.29,805451,0.889,580159,3.42
CMP0107,2024-11-09,1044479,15980,0.0153,8052.93,7.71,675884,0.6471,793732,2.63
CMP0107,2024-11-10,1188524,107204,0.0902,21975.81,18.49,873430,0.7349,880521,2.17
CMP0107,2024-11-11,615829,3263,0.0053,6743.33,10.95,472510,0.7673,345279,2.3
CMP0107,2024-11-12,716936,42370,0.0591,12904.85,18.0,639273,0.8917,546033,4.41
CMP0107,2024-11-13,826162,14788,0.0179,24272.64,29.38,592610,0.7173,483734,3.65
CMP0107,2024-11-14,933497,14655,0.0157,6198.42,6.64,561582,0.6016,587338,4.47
CMP0107,2024-11-15,599433,19121,0.0319,9818.71,16.38,332782,0.5552,448282,3.35
CMP0107,2024-11-16,962407,21269,0.0221,20614.76,21.42,594812,0.618,552144,2.43
CMP0107,2024-11-17,1108096,11524,0.0104,16366.58,14.77,618341,0.558,718110,2.13
CMP0107,2024-11-18,605571,7206,0.0119,12280.98,20.28,384091,0.6343,406721,3.56
CMP0107,2024-11-19,931204,18158,0.0195,28522.78,30.63,567227,0.6091,737769,1.3
CMP0107,2024-11-20,588700,10949,0.0186,4556.54,7.74,394202,0.6696,393943,2.08
CMP0107,2024-11-21,602686,7413,0.0123,18400.0,30.53,510680,0.8473,394208,1.14
CMP0108,2024-10-10,353395,12015,0.034,3576.36,10.12,276803,0.7833,254802,2.56
CMP0108,2024-10-11,448591,2242,0.005,4203.3,9.37,293513,0.6543,328004,3.84
CMP0108,2024-10-12,422728,16782,0.0397,6598.78,15.61,384284,0.9091,239171,2.62
CMP0108,2024-10-13,393565,16372,0.0416,4506.32,11.45,263961,0.6707,239429,4.06
CMP0108,2024-10-14,341164,5185,0.0152,10170.1,29.81,310403,0.9098,254747,2.99
CMP0108,2024-10-15,260432,598,0.0023,3804.91,14.61,161967,0.6219,151514,2.19
CMP0108,2024-10-16,328679,6244,0.019,10271.22,31.25,208613,0.6347,229486,1.91
CMP0108,2024-10-17,322017,3026,0.0094,6021.72,18.7,233078,0.7238,178670,2.84
CMP0108,2024-10-18,376374,11065,0.0294,9601.3,25.51,293848,0.7807,214656,2.77
CMP0108,2024-10-19,341010,5490,0.0161,9943.85,29.16,308464,0.9046,210233,2.63
CMP0108,2024-10-20,408125,1958,0.0048,10843.88,26.57,266178,0.6522,239067,3.98
CMP0108,2024-10-21,281868,12824,0.0455,3497.98,12.41,221050,0.7842,178085,3.9
CMP0108,2024-10-22,330003,2244,0.0068,3234.03,9.8,214805,0.6509,207904,4.45
CMP0108,2024-10-23,284797,5781,0.0203,5678.85,19.94,243481,0.8549,202621,4.36
CMP0108,2024-10-24,281609,21571,0.0766,2571.09,9.13,231303,0.8214,206665,1.76
CMP0108,2024-10-25,414358,17900,0.0432,5527.54,13.34,349122,0.8426,271714,3.88
CMP0108,2024-10-26,521965,4175,0.008,6675.93,12.79,314902,0.6033,290380,3.32
CMP0108,2024-10-27,493074,32444,0.0658,3969.25,8.05,356013,0.722,383341,1.6
CMP0108,2024-10-28,346819,29444,0.0849,7088.98,20.44,266954,0.7697,256512,1.47
CMP0108,2024-10-29,316331,14013,0.0443,4166.08,13.17,256648,0.8113,209832,1.65
CMP0108,2024-10-30,309112,2225,0.0072,9539.2,30.86,184183,0.5958,237068,2.98
CMP0108,2024-10-31,384225,5840,0.0152,5455.99,14.2,313752,0.8166,264166,3.24
CMP0108,2024-11-01,399225,6826,0.0171,6499.38,16.28,267818,0.6708,303019,1.22
CMP0108,2024-11-02,456963,5757,0.0126,9463.7,20.71,347454,0.7604,352233,1.29
CMP0108,2024-11-03,406445,7681,0.0189,3832.78,9.43,233151,0.5736,230443,1.62
CMP0108,2024-11-04,346055,6713,0.0194,10533.91,30.44,220421,0.637,255618,4.41
CMP0108,2024-11-05,403968,3797,0.0094,6758.38,16.73,334410,0.8278,271916,2.95
CMP0108,2024-11-06,326642,6500,0.0199,7411.51,22.69,227511,0.6965,192309,3.9
CMP0108,2024-11-07,375227,3414,0.0091,6626.51,17.66,222375,0.5926,291872,1.99
CMP0108,2024-11-08,359055,4631,0.0129,8172.09,22.76,271568,0.7563,202191,3.97
CMP0108,2024-11-09,403196,15442,0.0383,2862.69,7.1,254428,0.631,245210,1.62
CMP0108,2024-11-10,496377,9629,0.0194,9441.09,19.02,332320,0.6695,366818,3.38
CMP0108,2024-11-11,357039,1642,0.0046,9247.31,25.9,261396,0.7321,256143,3.47
CMP0108,2024-11-12,290371,8653,0.0298,2044.21,7.04,223056,0.7682,174864,3.08
CMP0108,2024-11-13,348982,3524,0.0101,8462.81,24.25,267036,0.7652,224056,4.16
CMP0108,2024-11-14,317591,2508,0.0079,3661.82,11.53,237686,0.7484,247339,3.63
CMP0108,2024-11-15,459365,6614,0.0144,9398.61,20.46,339482,0.739,271009,1.79
CMP0108,2024-11-16,430452,2582,0.006,6327.64,14.7,288838,0.671,264764,1.51
CMP0108,2024-11-17,437516,7306,0.0167,2953.23,6.75,338307,0.7732,311884,2.84
CMP0108,2024-11-18,329134,12836,0.039,3557.94,10.81,186097,0.5654,247231,3.63
CMP0108,2024-11-19,357522,17983,0.0503,4004.25,11.2,272065,0.761,263428,3.93
CMP0108,2024-11-20,402214,1126,0.0028,11684.32,29.05,342930,0.8526,257511,1.28
CMP0109,2024-09-06,180231,2343,0.013,3737.99,20.74,158102,0.8772,110496,2.84
CMP0109,2024-09-07,182023,1383,0.0076,2116.93,11.63,112297,0.6169,115308,2.8
CMP0109,2024-09-08,218657,4591,0.021,5405.2,24.72,157305,0.7194,141621,3.66
CMP0109,2024-09-09,207256,7025,0.0339,3830.09,18.48,159751,0.7708,155183,3.37
CMP0109,2024-09-10,177746,2381,0.0134,1425.52,8.02,104814,0.5897,97772,1.21
CMP0109,2024-09-11,179254,1756,0.0098,1127.51,6.29,116777,0.6515,98590,2.61
CMP0109,2024-09-12,180939,1773,0.0098,5607.3,30.99,106025,0.586,116165,3.3
CMP0109,2024-09-13,205858,6175,0.03,5206.15,25.29,141618,0.6879,127630,3.32
CMP0109,2024-09-14,157513,2646,0.0168,1088.41,6.91,93630,0.5944,92217,2.65
CMP0109,2024-09-15,258943,1657,0.0064,8174.83,31.57,230042,0.8884,150207,3.26
CMP0109,2024-09-16,247689,6538,0.0264,6591.0,26.61,216903,0.8757,193943,1.69
CMP0109,2024-09-17,175532,1825,0.0104,4361.97,24.85,126109,0.7184,135442,3.46
CMP0109,2024-09-18,132183,2855,0.0216,871.09,6.59,100246,0.7584,74791,3.45
CMP0109,2024-09-19,229635,2571,0.0112,3752.24,16.34,158367,0.6896,128432,2.57
CMP0109,2024-09-20,241357,1761,0.0073,2546.32,10.55,133931,0.5549,186895,3.33
CMP0109,2024-09-21,236847,11321,0.0478,6818.83,28.79,192476,0.8127,172831,1.79
CMP0109,2024-09-22,164099,1329,0.0081,3848.12,23.45,148736,0.9064,97969,3.44
CMP0109,2024-09-23,187247,3164,0.0169,5971.31,31.89,106042,0.5663,129350,4.01
CMP0109,2024-09-24,171606,978,0.0057,4166.59,24.28,144668,0.843,125082,3.62
CMP0109,2024-09-25,202871,6370,0.0314,1683.83,8.3,139149,0.6859,153203,2.95
CMP0109,2024-09-26,211046,6690,0.0317,6215.3,29.45,172781,0.8187,144606,2.19
CMP0109,2024-09-27,215941,3411,0.0158,3580.3,16.58,165125,0.7647,138855,4.44
CMP0109,2024-09-28,210000,10458,0.0498,2066.4,9.84,167765,0.7989,162195,3.4
CMP0109,2024-09-29,224962,5241,0.0233,6973.82,31.0,130924,0.582,137969,1.57
CMP0109,2024-09-30,232144,8241,0.0355,5288.24,22.78,166397,0.7168,158972,3.41
CMP0109,2024-10-01,232507,6672,0.0287,3471.33,14.93,206877,0.8898,185000,1.59
CMP0109,2024-10-02,153483,6154,0.0401,3445.69,22.45,126711,0.8256,117072,3.05
CMP0109,2024-10-03,221704,3214,0.0145,5897.33,26.6,189586,0.8551,143905,3.9
CMP0109,2024-10-04,192927,3414,0.0177,6125.43,31.75,144941,0.7513,131169,3.06
CMP0109,2024-10-05,204149,7124,0.0349,4146.27,20.31,183457,0.8986,150034,3.43
CMP0109,2024-10-06,215226,1162,0.0054,4029.03,18.72,144294,0.6704,163381,2.37
CMP0109,2024-10-07,232018,11461,0.0494,4547.55,19.6,197949,0.8532,140317,2.29
CMP0109,2024-10-08,211296,4711,0.0223,5396.5,25.54,124533,0.5894,150044,2.64
CMP0109,2024-10-09,156109,6790,0.0435,4570.87,29.28,96738,0.6197,85883,3.8
CMP0109,2024-10-10,202574,1924,0.0095,1782.65,8.8,122235,0.6034,115072,4.33
CMP0109,2024-10-11,213306,1642,0.0077,3532.35,16.56,182448,0.8553,146219,1.43
CMP0109,2024-10-12,196913,3898,0.0198,1301.59,6.61,110567,0.5615,114262,1.73
CMP0109,2024-10-13,202361,15905,0.0786,1588.53,7.85,130274,0.6438,159410,2.53
CMP0109,2024-10-14,231437,5207,0.0225,3814.08,16.48,187045,0.8082,144660,2.42
CMP0109,2024-10-15,233996,1871,0.008,4010.69,17.14,179752,0.7682,156686,3.19
CMP0109,2024-10-16,197602,988,0.005,3708.99,18.77,110985,0.5617,124471,1.21
CMP0109,2024-10-17,247879,3742,0.0151,7037.28,28.39,171529,0.692,169736,1.43
CMP0110,2024-08-26,1494508,20026,0.0134,33073.46,22.13,1016101,0.6799,1184906,2.77
CMP0110,2024-08-27,1747727,29361,0.0168,12251.57,7.01,1276462,0.7304,1357055,2.71
CMP0110,2024-08-28,1872163,10296,0.0055,15276.85,8.16,1531397,0.818,1364623,4.24
CMP0110,2024-08-29,2095241,27657,0.0132,53386.74,25.48,1339508,0.6393,1667811,1.22
CMP0110,2024-08-30,2290287,104666,0.0457,60028.42,26.21,1983886,0.8662,1383651,2.5
CMP0110,2024-08-31,2664161,49286,0.0185,24883.26,9.34,2315702,0.8692,1985356,4.28
CMP0110,2024-09-01,2971566,146498,0.0493,56608.33,19.05,2143618,0.7214,2152254,2.42
CMP0111,2024-09-16,114472,1671,0.0146,2632.86,23.0,65022,0.568,79720,3.47
CMP0111,2024-09-17,173276,3170,0.0183,5104.71,29.46,114111,0.6586,102351,2.09
CMP0111,2024-09-18,157469,3180,0.0202,1393.6,8.85,95626,0.6073,119573,1.78
CMP0111,2024-09-19,166786,5253,0.0315,1025.73,6.15,139603,0.837,125373,4.18
CMP0111,2024-09-20,133318,4986,0.0374,951.89,7.14,82335,0.6176,84659,3.42
CMP0111,2024-09-21,129946,4197,0.0323,1552.85,11.95,92849,0.7145,94236,4.2
CMP0111,2024-09-22,131024,2017,0.0154,1260.45,9.62,107954,0.8239,103072,3.01
CMP0111,2024-09-23,192110,1306,0.0068,2983.47,15.53,155340,0.8086,106646,2.89
CMP0111,2024-09-24,167442,954,0.0057,3769.12,22.51,98680,0.5893,111920,2.05
CMP0111,2024-09-25,132871,837,0.0063,2256.15,16.98,76283,0.5741,81807,4.33
CMP0111,2024-09-26,202397,3683,0.0182,3325.38,16.43,180159,0.8901,157192,4.08
CMP0111,2024-09-27,193111,6314,0.0327,1971.66,10.21,146968,0.7611,138298,2.62
CMP0111,2024-09-28,156562,2755,0.0176,2459.59,15.71,101344,0.6473,88724,3.79
CMP0111,2024-09-29,183694,3637,0.0198,3075.04,16.74,139070,0.7571,111697,1.6
CMP0111,2024-09-30,163529,310,0.0019,3963.94,24.24,90618,0.5541,92393,3.78
CMP0111,2024-10-01,188219,1430,0.0076,4387.38,23.31,144300,0.7667,103937,4.09
CMP0111,2024-10-02,172363,1758,0.0102,5160.55,29.94,149682,0.8684,129325,1.74
CMP0111,2024-10-03,149508,2332,0.0156,2758.42,18.45,87708,0.5866,96726,3.25
CMP0111,2024-10-04,179558,251,0.0014,4830.11,26.9,108464,0.6041,104455,2.83
CMP0111,2024-10-05,203620,10914,0.0536,1582.13,7.77,150669,0.74,162252,3.02
CMP0111,2024-10-06,170013,1887,0.0111,4350.63,25.59,146332,0.8607,108881,1.87
CMP0111,2024-10-07,218941,5320,0.0243,1653.0,7.55,155402,0.7098,168073,3.75
CMP0111,2024-10-08,185646,2376,0.0128,4355.26,23.46,166039,0.8944,120241,3.16
CMP0111,2024-10-09,182135,4516,0.0248,4637.16,25.46,108754,0.5971,128172,3.79
CMP0111,2024-10-10,179814,7120,0.0396,4099.76,22.8,149157,0.8295,105968,3.14
CMP0111,2024-10-11,136696,3567,0.0261,3567.77,26.1,97069,0.7101,76239,1.33
CMP0111,2024-10-12,163596,3419,0.0209,4773.73,29.18,98788,0.6039,116210,2.36
CMP0111,2024-10-13,195895,2174,0.0111,3541.78,18.08,166220,0.8485,152656,2.13
CMP0112,2024-08-09,763355,11297,0.0148,11068.65,14.5,506877,0.664,600855,2.84
CMP0112,2024-08-10,1027710,7913,0.0077,29443.89,28.65,827026,0.8047,743869,4.24
CMP0112,2024-08-11,1030944,24536,0.0238,23907.59,23.19,785966,0.7624,687981,1.41
CMP0112,2024-08-12,641019,7692,0.012,9551.18,14.9,475180,0.7413,453739,1.96
CMP0112,2024-08-13,614104,18361,0.0299,8014.06,13.05,403411,0.6569,416595,2.16
CMP0112,2024-08-14,704007,55898,0.0794,20831.57,29.59,534640,0.7594,448542,2.14
CMP0112,2024-08-15,863344,29094,0.0337,16800.67,19.46,606300,0.7023,531800,2.54
CMP0112,2024-08-16,678908,15682,0.0231,17638.03,25.98,597102,0.8795,397038,3.72
CMP0112,2024-08-17,1003948,11344,0.0113,23954.2,23.86,686449,0.6837,688401,2.19
CMP0112,2024-08-18,1233305,8879,0.0072,26059.73,21.13,757451,0.6142,901728,4.08
CMP0112,2024-08-19,879850,18564,0.0211,9986.3,11.35,741079,0.8423,666571,1.72
CMP0112,2024-08-20,747570,30426,0.0407,14144.02,18.92,479106,0.6409,501683,2.02
CMP0112,2024-08-21,718120,7827,0.0109,14340.86,19.97,433849,0.6041,503758,1.96
CMP0112,2024-08-22,545130,8776,0.0161,14794.83,27.14,498265,0.914,300266,1.74
CMP0112,2024-08-23,641644,6865,0.0107,19326.32,30.12,460868,0.7183,511848,3.08
CMP0112,2024-08-24,959624,11611,0.0121,19912.2,20.75,598517,0.6237,540026,2.55
CMP0112,2024-08-25,1089979,31173,0.0286,23412.75,21.48,791604,0.7263,704912,1.51
CMP0112,2024-08-26,820571,15426,0.0188,12628.59,15.39,694597,0.8465,462494,3.98
CMP0112,2024-08-27,958396,19263,0.0201,19417.1,20.26,622299,0.6493,714932,4.25
CMP0112,2024-08-28,579111,18705,0.0323,6561.33,11.33,509493,0.8798,400537,1.13
CMP0112,2024-08-29,812197,3492,0.0043,18055.14,22.23,530002,0.6526,533979,1.88
CMP0112,2024-08-30,780913,59974,0.0768,16274.23,20.84,506572,0.6487,537388,3.96
CMP0112,2024-08-31,983214,14256,0.0145,20057.57,20.4,655986,0.6672,594813,3.84
CMP0112,2024-09-01,1185097,31168,0.0263,13367.89,11.28,922040,0.778,934589,1.41
CMP0112,2024-09-02,801760,28221,0.0352,25215.35,31.45,520983,0.6498,538433,1.43
CMP0112,2024-09-03,812303,18926,0.0233,9544.56,11.75,584872,0.72,480404,1.69
CMP0112,2024-09-04,845340,11834,0.014,7430.54,8.79,539618,0.6383,530132,3.07
CMP0112,2024-09-05,779103,9816,0.0126,12504.6,16.05,490019,0.629,448055,1.38
CMP0113,2024-08-30,154249,11244,0.0729,2700.9,17.51,127022,0.8235,99663,3.19
CMP0113,2024-08-31,117164,1874,0.016,2351.48,20.07,76219,0.6505,90269,2.77
CMP0113,2024-09-01,105111,1881,0.0179,2062.28,19.62,70337,0.6692,70924,3.19
CMP0113,2024-09-02,113629,727,0.0064,2473.7,21.77,78176,0.688,82479,3.14
CMP0113,2024-09-03,158505,5896,0.0372,2507.55,15.82,133395,0.8416,95385,2.17
CMP0113,2024-09-04,157053,4334,0.0276,1958.45,12.47,103270,0.6575,95444,3.14
CMP0113,2024-09-05,151635,2198,0.0145,1005.34,6.63,135872,0.896,92651,3.47
CMP0113,2024-09-06,130241,2305,0.0177,3490.46,26.8,90371,0.6939,82871,2.4
CMP0113,2024-09-07,117785,1001,0.0085,2924.6,24.83,104404,0.8864,67416,1.97
CMP0113,2024-09-08,169565,1780,0.0105,2633.34,15.53,155817,0.9189,113546,1.67
CMP0113,2024-09-09,97833,1408,0.0144,2227.66,22.77,75494,0.7717,73622,3.98
CMP0113,2024-09-10,153030,3137,0.0205,2368.9,15.48,127238,0.8315,87608,4.21
CMP0113,2024-09-11,133351,2146,0.0161,3211.09,24.08,75813,0.5685,75985,4.27
CMP0113,2024-09-12,170571,2422,0.0142,2323.18,13.62,147995,0.8676,105690,4.21
CMP0113,2024-09-13,147893,1020,0.0069,2085.29,14.1,109823,0.7426,89912,1.41
CMP0113,2024-09-14,168543,2494,0.0148,3879.86,23.02,141606,0.8402,132889,4.3
CMP0113,2024-09-15,111353,2895,0.026,2254.9,20.25,100055,0.8985,86157,1.9
CMP0113,2024-09-16,115099,1668,0.0145,1275.3,11.08,93648,0.8136,65243,1.45
CMP0113,2024-09-17,192035,7297,0.038,2045.17,10.65,114439,0.5959,127825,3.69
CMP0113,2024-09-18,162752,4898,0.0301,1622.64,9.97,145646,0.8949,99508,1.13
CMP0113,2024-09-19,209883,4155,0.0198,5442.27,25.93,155292,0.7399,116522,2.82
CMP0114,2024-10-25,5784216,28342,0.0049,55007.89,9.51,3284783,0.5679,3406772,1.55
CMP0114,2024-10-26,4926850,269991,0.0548,136424.48,27.69,3755884,0.7623,3053756,1.94
CMP0114,2024-10-27,5849080,29830,0.0051,51822.85,8.86,3754170,0.6418,4153045,3.67
CMP0114,2024-10-28,5973476,86018,0.0144,94440.66,15.81,3286679,0.5502,3973515,3.82
CMP0114,2024-10-29,6633623,42455,0.0064,107929.05,16.27,4977495,0.7503,4318320,2.89
CMP0114,2024-10-30,7385922,131469,0.0178,225492.2,30.53,5029488,0.681,5180332,3.54
CMP0114,2024-10-31,6675249,168216,0.0252,170485.86,25.54,4964276,0.7437,4351725,2.81
CMP0115,2024-11-19,977472,23166,0.0237,26323.32,26.93,612435,0.6265,684181,2.35
CMP0115,2024-11-20,913461,21466,0.0235,19831.24,21.71,641791,0.7026,588256,2.37
CMP0115,2024-11-21,1180175,7317,0.0062,13182.55,11.17,656101,0.5559,777598,3.27
CMP0115,2024-11-22,900187,16923,0.0188,25655.33,28.5,758402,0.8425,663713,3.31
CMP0115,2024-11-23,1247810,11479,0.0092,15422.93,12.36,693857,0.5561,757131,2.59
CMP0115,2024-11-24,1115020,9254,0.0083,20215.31,18.13,805184,0.7221,859229,2.68
CMP0115,2024-11-25,1160326,31908,0.0275,8516.79,7.34,1045057,0.9007,898393,4.24
CMP0115,2024-11-26,1072956,13090,0.0122,7918.42,7.38,774763,0.7221,693815,3.32
CMP0115,2024-11-27,1146099,1604,0.0014,24698.43,21.55,780798,0.6813,777216,2.72
CMP0115,2024-11-28,1030002,42230,0.041,29437.46,28.58,749223,0.7274,657265,1.76
CMP0115,2024-11-29,1272605,10435,0.0082,13120.56,10.31,1167076,0.9171,746363,3.52
CMP0115,2024-11-30,1490508,35772,0.024,9896.97,6.64,940386,0.6309,1013951,1.18
CMP0115,2024-12-01,1198816,12827,0.0107,32080.32,26.76,863516,0.7203,845696,2.07
CMP0115,2024-12-02,886002,32161,0.0363,17223.88,19.44,527720,0.5956,584406,2.76
CMP0116,2024-08-07,1129395,28573,0.0253,7838.0,6.94,946821,0.8383,826904,3.03
CMP0116,2024-08-08,1280733,12038,0.0094,39920.45,31.17,1146500,0.8952,825408,3.35
CMP0116,2024-08-09,1278853,12660,0.0099,31702.77,24.79,829757,0.6488,748835,4.21
CMP0116,2024-08-10,942009,10738,0.0114,15053.3,15.98,655570,0.6959,527970,2.13
CMP0116,2024-08-11,1060737,4242,0.004,11731.75,11.06,806838,0.7606,694143,3.91
CMP0116,2024-08-12,1136561,11138,0.0098,22981.26,20.22,732405,0.6444,885401,1.1
CMP0116,2024-08-13,1140650,40150,0.0352,32314.61,28.33,739412,0.6482,764995,1.32
CMP0116,2024-08-14,1169409,17190,0.0147,36848.08,31.51,1043328,0.8922,787445,1.37
CMP0116,2024-08-15,1492747,31049,0.0208,43856.91,29.38,1161678,0.7782,1186531,3.99
CMP0116,2024-08-16,1239569,23303,0.0188,15754.92,12.71,937945,0.7567,957309,3.87
CMP0116,2024-08-17,1125235,5738,0.0051,26206.72,23.29,838167,0.7449,806723,3.94
CMP0116,2024-08-18,956286,4112,0.0043,22711.79,23.75,811207,0.8483,712025,1.93
CMP0116,2024-08-19,1079784,56472,0.0523,18658.67,17.28,702625,0.6507,847614,2.12
CMP0116,2024-08-20,1227511,24304,0.0198,38998.02,31.77,698424,0.569,856708,3.83
CMP0117,2024-08-30,246101,3322,0.0135,6750.55,27.43,185893,0.7554,187312,1.84
CMP0117,2024-08-31,178447,6798,0.0381,3224.54,18.07,108264,0.6067,102544,2.94
CMP0117,2024-09-01,203891,693,0.0034,5160.48,25.31,143771,0.7051,129022,1.38
CMP0117,2024-09-02,220426,4386,0.0199,4080.09,18.51,196953,0.8935,124888,2.17
CMP0117,2024-09-03,225763,1806,0.008,3912.47,17.33,192253,0.8516,132864,2.71
CMP0117,2024-09-04,235551,1012,0.0043,7156.04,30.38,139856,0.5937,143431,4.09
CMP0117,2024-09-05,223795,5371,0.024,6919.74,30.92,171811,0.7677,145764,3.99
CMP0117,2024-09-06,257199,977,0.0038,5624.94,21.87,157151,0.611,151695,2.21
CMP0117,2024-09-07,206410,2848,0.0138,1682.24,8.15,119795,0.5804,154611,1.13
CMP0117,2024-09-08,158978,9729,0.0612,2990.38,18.81,92868,0.5842,125992,3.85
CMP0117,2024-09-09,281474,17479,0.0621,8948.06,31.79,155028,0.5508,167306,1.55
CMP0117,2024-09-10,226452,8220,0.0363,3519.06,15.54,181998,0.8037,171353,2.31
CMP0117,2024-09-11,209006,9238,0.0442,1473.49,7.05,184001,0.8804,132203,1.23
CMP0117,2024-09-12,247866,5031,0.0203,7854.87,31.69,192669,0.7773,187227,1.75
CMP0117,2024-09-13,270227,4215,0.0156,4366.87,16.16,247957,0.9176,155889,3.12
CMP0117,2024-09-14,231212,12439,0.0538,4550.25,19.68,198325,0.8578,143608,1.32
CMP0117,2024-09-15,154276,5754,0.0373,1968.56,12.76,121582,0.7881,111847,1.43
CMP0117,2024-09-16,216349,3677,0.017,5172.9,23.91,121556,0.5619,165082,3.36
CMP0117,2024-09-17,206910,7055,0.0341,5601.05,27.07,141265,0.6827,140123,2.1
CMP0117,2024-09-18,253216,7596,0.03,4160.34,16.43,214873,0.8486,154153,4.45
CMP0117,2024-09-19,263504,1712,0.0065,3818.17,14.49,168392,0.639,154724,1.63
CMP0117,2024-09-20,263577,1186,0.0045,5608.92,21.28,156447,0.5936,152062,2.63
CMP0117,2024-09-21,202540,2592,0.0128,1602.09,7.91,169128,0.835,146219,3.07
CMP0117,2024-09-22,177945,6815,0.0383,3082.01,17.32,105942,0.5954,126532,4.3
CMP0117,2024-09-23,256332,1076,0.0042,5454.74,21.28,229891,0.8968,154425,2.71
CMP0117,2024-09-24,294277,2177,0.0074,2963.37,10.07,182702,0.6209,166711,1.21
CMP0117,2024-09-25,259852,6210,0.0239,3263.74,12.56,160855,0.619,175245,3.34
CMP0117,2024-09-26,341810,5263,0.0154,8353.84,24.44,228918,0.6697,199352,2.21
CMP0117,2024-09-27,247300,2299,0.0093,4199.15,16.98,164818,0.6665,192615,3.03
CMP0117,2024-09-28,199417,5862,0.0294,1234.39,6.19,167467,0.8398,157254,2.51
CMP0117,2024-09-29,161695,3072,0.019,5125.73,31.7,97796,0.6048,124675,1.92
CMP0117,2024-09-30,235233,4587,0.0195,7264.0,30.88,208346,0.8857,171766,2.52
CMP0117,2024-10-01,211977,4854,0.0229,4752.52,22.42,172380,0.8132,158993,2.37
CMP0117,2024-10-02,193847,484,0.0025,3595.86,18.55,165739,0.855,130898,1.82
CMP0117,2024-10-03,287931,3368,0.0117,6659.84,23.13,236829,0.8225,194711,2.9
CMP0117,2024-10-04,193322,4311,0.0223,6153.44,31.83,150136,0.7766,135916,2.58
CMP0117,2024-10-05,208126,2809,0.0135,5579.86,26.81,149503,0.7183,151885,2.96
CMP0117,2024-10-06,175589,1878,0.0107,4503.86,25.65,99465,0.5665,111174,2.48
CMP0117,2024-10-07,238296,11819,0.0496,6336.29,26.59,172900,0.7256,183382,4.26
CMP0117,2024-10-08,282450,6552,0.0232,6165.88,21.83,179482,0.6354,177603,3.11
CMP0117,2024-10-09,269402,10722,0.0398,3720.44,13.81,213167,0.7913,150778,1.88
CMP0117,2024-10-10,236965,15236,0.0643,2988.13,12.61,153597,0.6482,161772,1.24
CMP0118,2024-10-30,773340,10440,0.0135,13672.65,17.68,538927,0.6969,508473,4.36
CMP0118,2024-10-31,1125927,22968,0.0204,14760.9,13.11,958543,0.8513,773102,2.52
CMP0118,2024-11-01,1025162,22963,0.0224,31544.23,30.77,865250,0.844,727870,2.14
CMP0118,2024-11-02,788093,16392,0.0208,5776.72,7.33,721799,0.9159,475498,3.35
CMP0118,2024-11-03,799311,3357,0.0042,7201.79,9.01,509071,0.6369,637306,3.01
CMP0118,2024-11-04,695092,25023,0.036,14020.01,20.17,433803,0.6241,501349,1.37
CMP0118,2024-11-05,805856,28124,0.0349,24667.25,30.61,449390,0.5577,469386,3.65
CMP0118,2024-11-06,922522,14483,0.0157,21301.03,23.09,736698,0.7986,603231,4.18
CMP0118,2024-11-07,865466,18694,0.0216,8879.68,10.26,507261,0.5861,677603,2.15
CMP0118,2024-11-08,933005,25750,0.0276,18912.01,20.27,536830,0.5754,742395,4.07
CMP0118,2024-11-09,671855,12832,0.0191,4091.6,6.09,429069,0.6386,500307,3.8
CMP0118,2024-11-10,726257,12709,0.0175,22579.33,31.09,429905,0.5919,481379,1.51
CMP0118,2024-11-11,817968,11124,0.0136,21488.02,26.27,590703,0.7222,474850,3.37
CMP0118,2024-11-12,724795,5435,0.0075,5914.33,8.16,610226,0.8419,462643,2.42
CMP0118,2024-11-13,796106,16877,0.0212,24336.96,30.57,651506,0.8184,619155,3.21
CMP0118,2024-11-14,760472,1368,0.0018,19719.04,25.93,697417,0.9171,449114,2.26
CMP0118,2024-11-15,886888,2571,0.0029,21223.23,23.93,551505,0.6218,707540,3.67
CMP0118,2024-11-16,644731,15086,0.0234,9567.81,14.84,447464,0.694,476578,1.45
CMP0118,2024-11-17,678063,6577,0.0097,18382.29,27.11,426212,0.6286,405166,3.27
CMP0118,2024-11-18,772015,25862,0.0335,19640.06,25.44,443718,0.5748,616265,1.87
CMP0118,2024-11-19,844397,10132,0.012,25103.92,29.73,618874,0.7329,627141,2.42
CMP0118,2024-11-20,774190,10064,0.013,8655.44,11.18,437825,0.5655,513463,1.11
CMP0118,2024-11-21,789045,27300,0.0346,24996.95,31.68,706629,0.8955,561941,2.51
CMP0118,2024-11-22,734419,8519,0.0116,22921.22,31.21,638167,0.8689,419578,3.97
CMP0118,2024-11-23,774158,20592,0.0266,15947.65,20.6,459155,0.5931,452063,2.78
CMP0118,2024-11-24,694166,3679,0.0053,17263.91,24.87,469298,0.6761,490245,1.21
CMP0118,2024-11-25,679870,10266,0.0151,9681.35,14.24,452427,0.6655,513669,2.1
CMP0118,2024-11-26,632688,11641,0.0184,4700.87,7.43,418254,0.6611,500468,1.57
CMP0119,2024-12-16,682267,14191,0.0208,10827.58,15.87,413879,0.6066,433229,2.5
CMP0119,2024-12-17,550220,18652,0.0339,10899.86,19.81,317912,0.5778,345040,2.12
CMP0119,2024-12-18,648444,13617,0.021,20432.47,31.51,435280,0.6713,472034,4.06
CMP0119,2024-12-19,567362,38353,0.0676,12300.41,21.68,490814,0.8651,363470,1.42
CMP0119,2024-12-20,503894,7256,0.0144,7397.16,14.68,442777,0.8787,300146,1.82
CMP0119,2024-12-21,755864,11111,0.0147,9085.49,12.02,493058,0.6523,574733,2.97
CMP0119,2024-12-22,507682,253,0.0005,14387.71,28.34,431673,0.8503,348896,3.06
CMP0119,2024-12-23,769938,10933,0.0142,10571.25,13.73,580822,0.7544,480738,4.14
CMP0119,2024-12-24,729853,16932,0.0232,5152.76,7.06,649547,0.89,478084,3.34
CMP0119,2024-12-25,622179,7901,0.0127,4573.02,7.35,358024,0.5754,489807,3.1
CMP0119,2024-12-26,552483,12983,0.0235,10165.69,18.4,399783,0.7236,353744,2.94
CMP0119,2024-12-27,432358,3804,0.0088,9235.17,21.36,327571,0.7576,323631,1.38
CMP0119,2024-12-28,639932,40315,0.063,14628.85,22.86,486691,0.7605,490618,3.24
CMP0119,2024-12-29,593837,4335,0.0073,6936.02,11.68,482207,0.812,351754,4.35
CMP0119,2024-12-30,703690,8022,0.0114,13546.03,19.25,644699,0.9162,387959,2.88
CMP0119,2024-12-31,592825,17547,0.0296,15804.71,26.66,496323,0.8372,353849,2.96
CMP0120,2024-10-22,4415703,134678,0.0305,50736.43,11.49,3518195,0.7967,2641111,2.89
CMP0120,2024-10-23,5751068,243270,0.0423,95007.64,16.52,4420184,0.7686,4472528,2.08
CMP0120,2024-10-24,6516573,33886,0.0052,184158.35,28.26,3884659,0.5961,4268720,3.3
CMP0120,2024-10-25,3786145,106769,0.0282,118960.68,31.42,2650497,0.7001,2263324,1.96
CMP0120,2024-10-26,5143899,58126,0.0113,55502.67,10.79,4048781,0.7871,2983432,3.38
CMP0120,2024-10-27,5266377,66356,0.0126,37127.96,7.05,4841452,0.9193,3877212,3.59
CMP0120,2024-10-28,5347083,114962,0.0215,50583.41,9.46,3372459,0.6307,4223393,3.05
CMP0121,2024-11-30,277052,8727,0.0315,6829.33,24.65,237458,0.8571,153331,1.46
CMP0121,2024-12-01,354492,3899,0.011,3456.3,9.75,289973,0.818,264592,4.05
CMP0121,2024-12-02,297160,7488,0.0252,4959.6,16.69,235951,0.794,213978,2.61
CMP0121,2024-12-03,351828,1372,0.0039,7919.65,22.51,220423,0.6265,224569,4.06
CMP0121,2024-12-04,336022,19690,0.0586,7802.43,23.22,245722,0.7313,264545,2.59
CMP0121,2024-12-05,296166,5271,0.0178,5114.79,17.27,180271,0.6087,220746,3.93
CMP0121,2024-12-06,301407,10338,0.0343,5916.62,19.63,188506,0.6254,174093,2.08
CMP0121,2024-12-07,366695,1393,0.0038,3886.97,10.6,306025,0.8345,245065,3.69
CMP0121,2024-12-08,328129,11714,0.0357,5847.26,17.82,217281,0.6622,198872,1.78
CMP0121,2024-12-09,254311,2543,0.01,7077.48,27.83,230532,0.9065,157014,2.73
CMP0121,2024-12-10,336401,9419,0.028,3185.72,9.47,282231,0.839,239283,2.41
CMP0121,2024-12-11,342589,5686,0.0166,6971.69,20.35,269788,0.7875,200816,2.01
CMP0121,2024-12-12,363965,4476,0.0123,4596.88,12.63,213490,0.5866,278615,2.86
CMP0121,2024-12-13,345544,8258,0.0239,5701.48,16.5,198099,0.5733,272733,1.46
CMP0121,2024-12-14,253674,7255,0.0286,3183.61,12.55,162450,0.6404,200255,4.27
CMP0121,2024-12-15,330113,12346,0.0374,6909.27,20.93,294473,0.892,257638,3.23
CMP0121,2024-12-16,408019,3590,0.0088,2484.84,6.09,369130,0.9047,257804,3.44
CMP0121,2024-12-17,334801,7432,0.0222,6953.82,20.77,184321,0.5505,200329,1.47
CMP0121,2024-12-18,278583,5153,0.0185,7206.94,25.87,179109,0.6429,209257,3.09
CMP0121,2024-12-19,391219,14123,0.0361,9162.35,23.42,354226,0.9054,270451,2.31
CMP0121,2024-12-20,210940,8838,0.0419,4691.31,22.24,185499,0.8794,133140,4.02
CMP0121,2024-12-21,342329,8832,0.0258,8808.13,25.73,255726,0.747,230485,2.56
CMP0121,2024-12-22,261389,12546,0.048,6255.04,23.93,153744,0.5882,202310,1.89
CMP0121,2024-12-23,333131,8661,0.026,3774.37,11.33,234048,0.7026,266168,1.35
CMP0121,2024-12-24,452328,1221,0.0027,14189.53,31.37,322633,0.7133,264128,3.61
CMP0121,2024-12-25,260102,6190,0.0238,2216.07,8.52,167736,0.6449,202762,2.49
CMP0121,2024-12-26,337169,9474,0.0281,7660.48,22.72,296447,0.8792,260724,1.42
CMP0121,2024-12-27,264785,2515,0.0095,5801.44,21.91,154792,0.5846,162201,3.13
CMP0121,2024-12-28,350676,11432,0.0326,10660.55,30.4,224168,0.6392,234603,2.04
CMP0121,2024-12-29,303684,5132,0.0169,7801.64,25.69,248901,0.8196,237346,2.76
CMP0121,2024-12-30,319003,2073,0.0065,8514.19,26.69,280200,0.8784,183434,2.81
CMP0121,2024-12-31,379068,9249,0.0244,7949.06,20.97,208500,0.55,274481,4.28
CMP0122,2024-08-28,396052,2217,0.0056,8103.22,20.46,241904,0.6108,290989,4.43
CMP0122,2024-08-29,515189,7727,0.015,12029.66,23.35,320056,0.6212,389265,1.9
CMP0122,2024-08-30,528320,13313,0.0252,5631.89,10.66,452290,0.8561,316680,2.1
CMP0122,2024-08-31,346735,4403,0.0127,6133.74,17.69,270071,0.7789,193433,3.57
CMP0122,2024-09-01,449775,4452,0.0099,6985.01,15.53,373285,0.8299,332956,3.94
CMP0122,2024-09-02,585796,5389,0.0092,13994.67,23.89,502870,0.8584,345483,2.39
CMP0122,2024-09-03,513130,11186,0.0218,3545.73,6.91,315464,0.6148,390351,2.53
CMP0122,2024-09-04,451817,3795,0.0084,4563.35,10.1,260738,0.5771,295381,2.58
CMP0122,2024-09-05,407607,17812,0.0437,4206.5,10.32,331819,0.8141,296913,4.11
CMP0122,2024-09-06,325458,3091,0.0095,9574.97,29.42,250252,0.7689,257265,3.09
CMP0122,2024-09-07,491132,2357,0.0048,8732.33,17.78,420726,0.8566,343088,3.35
CMP0122,2024-09-08,308257,4562,0.0148,5449.98,17.68,189174,0.6137,234020,2.61
CMP0122,2024-09-09,401056,1524,0.0038,8726.98,21.76,358022,0.8927,300621,3.94
CMP0122,2024-09-10,377626,3285,0.0087,5165.92,13.68,315637,0.8358,251580,1.41
CMP0122,2024-09-11,405485,8150,0.0201,10830.5,26.71,242037,0.5969,228469,3.61
CMP0122,2024-09-12,453306,2538,0.0056,12824.03,28.29,343254,0.7572,294037,3.31
CMP0122,2024-09-13,474889,8263,0.0174,12931.23,27.23,270471,0.5695,282534,4.08
CMP0122,2024-09-14,413751,5833,0.0141,5068.45,12.25,235333,0.5688,316343,2.95
CMP0122,2024-09-15,419794,10788,0.0257,8400.08,20.01,243866,0.5809,285992,1.42
CMP0122,2024-09-16,412943,3716,0.009,8370.35,20.27,353644,0.8564,231662,2.77
CMP0122,2024-09-17,478933,12500,0.0261,4612.12,9.63,403410,0.8423,347079,1.4
CMP0122,2024-09-18,380675,2855,0.0075,6661.81,17.5,268827,0.7062,269694,1.37
CMP0122,2024-09-19,511271,28784,0.0563,9192.65,17.98,410088,0.8021,408090,2.25
CMP0122,2024-09-20,410151,11525,0.0281,2583.95,6.3,229729,0.5601,293758,1.18
CMP0122,2024-09-21,323457,9994,0.0309,2196.27,6.79,216497,0.6693,239160,3.85
CMP0122,2024-09-22,497487,11939,0.024,4054.52,8.15,308668,0.6205,392155,1.43
CMP0122,2024-09-23,374076,5985,0.016,7485.26,20.01,257165,0.6875,279384,3.64
CMP0122,2024-09-24,468531,13353,0.0285,11572.72,24.7,429038,0.9157,294336,3.39
CMP0123,2024-12-18,921199,26714,0.029,17594.9,19.1,605456,0.6572,573938,1.64
CMP0123,2024-12-19,841040,28763,0.0342,8284.24,9.85,670488,0.7972,576115,2.08
CMP0123,2024-12-20,738898,9162,0.0124,19189.18,25.97,447560,0.6057,558672,2.08
CMP0123,2024-12-21,939138,15589,0.0166,6667.88,7.1,648375,0.6904,526007,2.58
CMP0123,2024-12-22,1461645,12423,0.0085,31542.3,21.58,805416,0.551,899381,1.94
CMP0123,2024-12-23,1017952,12215,0.012,15147.13,14.88,696017,0.6837,691161,2.9
CMP0123,2024-12-24,1076864,14537,0.0135,22226.47,20.64,686227,0.6372,632461,2.02
CMP0123,2024-12-25,1049057,27170,0.0259,15064.46,14.36,833674,0.7947,673025,3.89
CMP0123,2024-12-26,883332,30386,0.0344,13921.31,15.76,499518,0.5655,643570,3.23
CMP0123,2024-12-27,968722,1840,0.0019,11053.12,11.41,679817,0.7018,740109,3.0
CMP0123,2024-12-28,1483510,17060,0.0115,39238.84,26.45,825258,0.5563,1047505,3.26
CMP0123,2024-12-29,1228103,7245,0.0059,36892.21,30.04,759414,0.6184,695264,2.01
CMP0123,2024-12-30,868557,30920,0.0356,7973.35,9.18,603577,0.6949,658995,1.52
CMP0123,2024-12-31,1196938,18672,0.0156,23651.49,19.76,660517,0.5518,845510,1.98
CMP0124,2024-10-04,748498,13173,0.0176,7941.56,10.61,674340,0.9009,504945,4.27
CMP0124,2024-10-05,953779,10586,0.0111,15098.32,15.83,794140,0.8326,650553,1.32
CMP0124,2024-10-06,663808,12014,0.0181,6657.99,10.03,381189,0.5742,480703,3.2
CMP0124,2024-10-07,776373,14518,0.0187,8105.33,10.44,591150,0.7614,556949,3.58
CMP0124,2024-10-08,775847,6905,0.0089,7851.57,10.12,496390,0.6398,508140,3.54
CMP0124,2024-10-09,689974,20423,0.0296,17152.75,24.86,514360,0.7455,416377,2.15
CMP0124,2024-10-10,618085,11187,0.0181,5031.21,8.14,539695,0.8732,466968,2.09
CMP0124,2024-10-11,640720,19285,0.0301,10341.22,16.14,436477,0.6812,472577,3.68
CMP0124,2024-10-12,811112,19953,0.0246,5758.9,7.1,567140,0.6992,492563,3.4
CMP0124,2024-10-13,882048,7409,0.0084,20957.46,23.76,581021,0.6587,696645,4.2
CMP0124,2024-10-14,692977,5405,0.0078,5682.41,8.2,477870,0.6896,452373,2.05
CMP0124,2024-10-15,819940,34519,0.0421,17194.14,20.97,698135,0.8514,554528,4.22
CMP0124,2024-10-16,892018,35413,0.0397,22300.45,25.0,612189,0.6863,614620,2.8
CMP0124,2024-10-17,617515,11300,0.0183,19476.42,31.54,415386,0.6727,489762,2.68
CMP0125,2024-12-01,310002,8401,0.0271,2356.02,7.6,249444,0.8047,173410,3.44
CMP0125,2024-12-02,583984,12438,0.0213,16456.67,28.18,372793,0.6384,454994,1.81
CMP0125,2024-12-03,550880,13166,0.0239,8389.9,15.23,471858,0.8566,338476,2.17
CMP0125,2024-12-04,523157,1674,0.0032,8506.53,16.26,330685,0.6321,306232,1.45
CMP0125,2024-12-05,471855,2642,0.0056,10192.07,21.6,351389,0.7447,344601,3.78
CMP0125,2024-12-06,489776,17142,0.035,10662.42,21.77,305369,0.6235,342024,3.24
CMP0125,2024-12-07,465766,3120,0.0067,5421.52,11.64,325965,0.6998,293784,1.87
CMP0125,2024-12-08,465039,19764,0.0425,13128.05,28.23,380236,0.8176,366940,4.22
CMP0125,2024-12-09,476863,5388,0.0113,9122.39,19.13,396085,0.8306,301310,2.42
CMP0125,2024-12-10,490114,6175,0.0126,9321.97,19.02,343404,0.7007,337265,4.04
CMP0125,2024-12-11,504457,5750,0.0114,3167.99,6.28,311949,0.6184,380909,4.49
CMP0125,2024-12-12,468708,11295,0.0241,4115.26,8.78,392821,0.8381,270914,1.53
CMP0125,2024-12-13,472990,16980,0.0359,14203.89,30.03,302913,0.6404,304758,2.71
CMP0125,2024-12-14,408882,5151,0.0126,5258.22,12.86,267797,0.6549,324959,1.51
CMP0125,2024-12-15,364560,2551,0.007,6124.61,16.8,200922,0.5511,257111,1.83
CMP0125,2024-12-16,490442,6228,0.0127,13040.85,26.59,294045,0.5996,276847,2.16
CMP0125,2024-12-17,528967,11795,0.0223,4866.5,9.2,393871,0.7446,393004,2.08
CMP0125,2024-12-18,421751,4554,0.0108,5006.18,11.87,293914,0.6969,282293,3.95
CMP0125,2024-12-19,454108,5494,0.0121,11656.95,25.67,318190,0.7007,269127,3.56
CMP0125,2024-12-20,476398,14434,0.0303,10371.18,21.77,351184,0.7372,270772,2.63
CMP0125,2024-12-21,372297,8562,0.023,6280.65,16.87,217467,0.5841,291674,3.46
CMP0126,2024-10-03,2817385,15213,0.0054,38429.13,13.64,2091293,0.7423,1836405,3.64
CMP0126,2024-10-04,4154272,86408,0.0208,93014.15,22.39,3480726,0.8379,2635357,2.77
CMP0126,2024-10-05,3578763,61554,0.0172,61984.18,17.32,3015361,0.8426,2009796,3.46
CMP0126,2024-10-06,3447347,9652,0.0028,32232.69,9.35,2891336,0.8387,1911527,1.24
CMP0126,2024-10-07,3158066,9158,0.0029,100268.6,31.75,2344847,0.7425,1897352,2.43
CMP0126,2024-10-08,3928472,31034,0.0079,32606.32,8.3,3427030,0.8724,2187441,1.62
CMP0126,2024-10-09,2970227,146135,0.0492,42563.35,14.33,2452545,0.8257,1707840,1.7
CMP0127,2024-12-16,95494,286,0.003,2800.84,29.33,65092,0.6816,72035,2.83
CMP0127,2024-12-17,93282,6902,0.074,1946.8,20.87,68057,0.7296,71067,2.54
CMP0127,2024-12-18,111975,2015,0.018,3298.78,29.46,87322,0.7798,89129,3.93
CMP0127,2024-12-19,126404,1794,0.0142,3923.58,31.04,74939,0.5929,79129,2.99
CMP0127,2024-12-20,90905,2227,0.0245,2873.51,31.61,76241,0.8387,57783,1.91
CMP0127,2024-12-21,109906,6616,0.0602,3267.51,29.73,90404,0.8226,74972,2.49
CMP0127,2024-12-22,104865,4404,0.042,2387.78,22.77,81518,0.7774,60930,1.45
CMP0127,2024-12-23,98699,1677,0.017,2365.82,23.97,54943,0.5567,74573,2.83
CMP0127,2024-12-24,82170,115,0.0014,1733.79,21.1,47164,0.574,51137,3.05
CMP0127,2024-12-25,109925,2363,0.0215,2701.96,24.58,78887,0.7176,67473,3.84
CMP0127,2024-12-26,127765,1648,0.0129,2752.06,21.54,97348,0.7619,100378,2.53
CMP0127,2024-12-27,120056,1956,0.0163,3242.71,27.01,104658,0.8717,85743,3.92
CMP0127,2024-12-28,130696,1542,0.0118,3365.42,25.75,107958,0.826,93967,3.69
CMP0127,2024-12-29,99130,1040,0.0105,825.75,8.33,73675,0.7432,58119,3.76
CMP0127,2024-12-30,100669,3161,0.0314,2271.09,22.56,76552,0.7604,59065,3.02
CMP0127,2024-12-31,112516,6762,0.0601,2934.42,26.08,98824,0.8783,77902,3.79
CMP0128,2024-11-22,144676,2329,0.0161,4454.57,30.79,127242,0.8795,83490,3.95
CMP0128,2024-11-23,124801,1659,0.0133,1472.65,11.8,104682,0.8388,92860,2.56
CMP0128,2024-11-24,136328,4389,0.0322,4223.44,30.98,77743,0.5703,96186,1.18
CMP0128,2024-11-25,156232,3249,0.0208,1567.01,10.03,122937,0.7869,103784,2.52
CMP0128,2024-11-26,143687,4827,0.0336,3260.26,22.69,88273,0.6143,86783,3.01
CMP0128,2024-11-27,167960,3762,0.0224,2003.76,11.93,130083,0.7745,106057,3.35
CMP0128,2024-11-28,174894,192,0.0011,4005.07,22.9,154335,0.8824,118937,3.33
CMP0128,2024-11-29,150454,3264,0.0217,970.43,6.45,128329,0.8529,93458,1.11
CMP0128,2024-11-30,91885,441,0.0048,1524.37,16.59,73096,0.7955,73085,4.17
CMP0128,2024-12-01,128420,3313,0.0258,2220.38,17.29,72053,0.5611,96462,3.77
CMP0128,2024-12-02,148378,1780,0.012,3834.09,25.84,111500,0.7515,87046,3.35
CMP0128,2024-12-03,153188,3416,0.0223,3112.78,20.32,116725,0.762,97455,3.24
CMP0128,2024-12-04,150912,3636,0.0241,1755.11,11.63,114370,0.7579,113513,1.43
CMP0128,2024-12-05,131536,2433,0.0185,3806.65,28.94,109648,0.8336,98889,2.17
CMP0128,2024-12-06,169128,4177,0.0247,5077.22,30.02,100541,0.5945,128677,3.74
CMP0128,2024-12-07,133047,2913,0.0219,1313.17,9.87,102102,0.7674,98892,3.99
CMP0128,2024-12-08,98881,1176,0.0119,2904.13,29.37,85652,0.8662,74964,1.66
CMP0128,2024-12-09,203526,9219,0.0453,1227.26,6.03,162221,0.7971,138087,3.14
CMP0128,2024-12-10,121601,3441,0.0283,1960.21,16.12,111802,0.9194,70430,4.43
CMP0128,2024-12-11,161370,1871,0.0116,1815.41,11.25,93602,0.58,96553,3.18
CMP0128,2024-12-12,125529,903,0.0072,3440.75,27.41,70224,0.5594,98707,2.38
CMP0128,2024-12-13,123994,1413,0.0114,2834.5,22.86,71871,0.5796,87721,1.35
CMP0128,2024-12-14,154294,6079,0.0394,1143.32,7.41,108141,0.7009,91696,3.24
CMP0128,2024-12-15,135698,2713,0.02,2868.66,21.14,96891,0.714,88581,1.59
CMP0128,2024-12-16,164877,7485,0.0454,1934.01,11.73,107751,0.6535,91375,2.78
CMP0128,2024-12-17,155430,3435,0.0221,2070.33,13.32,94820,0.61,113243,2.63
CMP0128,2024-12-18,157175,47,0.0003,2590.24,16.48,136634,0.8693,112827,3.13
CMP0128,2024-12-19,166397,1530,0.0092,3401.15,20.44,97186,0.5841,127811,3.56
CMP0129,2024-08-10,443242,13740,0.031,13292.83,29.99,395169,0.8915,352597,3.02
CMP0129,2024-08-11,361378,17526,0.0485,2797.07,7.74,302749,0.8378,200811,4.28
CMP0129,2024-08-12,516664,30844,0.0597,6628.8,12.83,469652,0.909,309796,2.64
CMP0129,2024-08-13,446930,4692,0.0105,4223.49,9.45,399829,0.8946,285798,4.26
CMP0129,2024-08-14,436619,5588,0.0128,13015.61,29.81,304972,0.6985,291136,4.25
CMP0129,2024-08-15,494708,7272,0.0147,5605.04,11.33,454419,0.9186,384343,3.41
CMP0129,2024-08-16,616663,9249,0.015,6320.8,10.25,425828,0.6905,372907,2.53
CMP0129,2024-08-17,429510,15419,0.0359,13516.68,31.47,286727,0.6676,286453,2.96
CMP0129,2024-08-18,325438,8201,0.0252,5135.41,15.78,201915,0.6204,215398,4.13
CMP0129,2024-08-19,518435,2747,0.0053,7247.72,13.98,398803,0.7692,379233,1.67
CMP0129,2024-08-20,565859,8431,0.0149,4096.82,7.24,492141,0.8697,352815,1.25
CMP0129,2024-08-21,443612,6121,0.0138,7634.56,17.21,290726,0.6554,249853,2.64
CMP0129,2024-08-22,551249,14001,0.0254,15231.01,27.63,384437,0.6974,376803,4.25
CMP0129,2024-08-23,623288,4300,0.0069,15744.25,25.26,458037,0.7349,422805,4.21
CMP0129,2024-08-24,332566,2527,0.0076,9205.43,27.68,261547,0.7865,255924,4.14
CMP0129,2024-08-25,469015,11490,0.0245,12902.6,27.51,275717,0.5879,280633,2.87
CMP0129,2024-08-26,469429,32015,0.0682,4910.23,10.46,353041,0.7521,344390,2.77
CMP0129,2024-08-27,495967,11208,0.0226,10797.2,21.77,315697,0.6365,325604,3.91
CMP0129,2024-08-28,554761,14534,0.0262,11106.32,20.02,485059,0.8744,422738,1.7
CMP0129,2024-08-29,367443,11978,0.0326,5247.09,14.28,206057,0.5608,223121,3.65
CMP0129,2024-08-30,561055,20197,0.036,3702.96,6.6,471664,0.8407,391141,3.55
CMP0130,2024-09-08,739450,14862,0.0201,17524.97,23.7,678780,0.918,490546,3.48
CMP0130,2024-09-09,950462,19389,0.0204,28884.54,30.39,605730,0.6373,619008,3.75
CMP0130,2024-09-10,699600,5456,0.0078,18609.36,26.6,479283,0.6851,385173,2.94
CMP0130,2024-09-11,871363,3659,0.0042,24276.17,27.86,537427,0.6168,616309,2.21
CMP0130,2024-09-12,1068126,25100,0.0235,33966.41,31.8,855714,0.8011,763591,1.15
CMP0130,2024-09-13,853146,15441,0.0181,27053.26,31.71,765026,0.8967,615704,2.48
CMP0130,2024-09-14,895744,6628,0.0074,7067.42,7.89,708517,0.791,702502,1.35
CMP0130,2024-09-15,880215,18660,0.0212,12771.92,14.51,613716,0.6972,584622,3.12
CMP0130,2024-09-16,764969,4130,0.0054,16339.74,21.36,639400,0.8359,472084,2.56
CMP0130,2024-09-17,715931,19330,0.027,9672.23,13.51,538586,0.7523,396655,1.64
CMP0130,2024-09-18,1050622,27946,0.0266,7333.34,6.98,706465,0.6724,586749,3.16
CMP0130,2024-09-19,857636,10291,0.012,19914.31,23.22,643779,0.7506,680750,3.13
CMP0130,2024-09-20,1022698,5829,0.0057,19625.57,19.19,672926,0.658,595718,4.1
CMP0130,2024-09-21,1065136,18533,0.0174,26756.22,25.12,787685,0.7395,753454,3.3
CMP0130,2024-09-22,718585,20335,0.0283,12754.88,17.75,540308,0.7519,477479,3.85
CMP0130,2024-09-23,1113250,46422,0.0417,26807.06,24.08,794103,0.7133,711627,1.71
CMP0130,2024-09-24,1008433,10286,0.0102,16578.64,16.44,700340,0.6945,604048,3.71
CMP0130,2024-09-25,735564,27510,0.0374,4913.57,6.68,572096,0.7778,455111,3.75
CMP0130,2024-09-26,683053,9972,0.0146,5225.36,7.65,534347,0.7823,541892,2.78
CMP0130,2024-09-27,910443,20302,0.0223,14567.09,16.0,551245,0.6055,642691,4.21
CMP0130,2024-09-28,844121,20090,0.0238,20832.91,24.68,512338,0.6069,640284,2.19
CMP0130,2024-09-29,980642,29909,0.0305,18475.3,18.84,811395,0.8274,733159,2.91
CMP0130,2024-09-30,706056,14544,0.0206,4250.46,6.02,556452,0.7881,508773,3.79
CMP0130,2024-10-01,716562,7022,0.0098,17254.81,24.08,628222,0.8767,512981,4.05
CMP0130,2024-10-02,842295,13645,0.0162,13594.64,16.14,690045,0.8192,533146,2.65
CMP0130,2024-10-03,969342,13279,0.0137,22779.54,23.5,593363,0.6121,751183,1.7
CMP0130,2024-10-04,875600,27668,0.0316,24656.9,28.16,568508,0.6493,521541,2.88
CMP0130,2024-10-05,724876,12757,0.0176,11779.23,16.25,436325,0.6019,548453,3.18
CMP0131,2024-07-29,2638273,28493,0.0108,32740.97,12.41,2380003,0.9021,1901881,3.61
CMP0131,2024-07-30,2901129,42066,0.0145,76966.95,26.53,2486888,0.8572,1756776,4.3
CMP0131,2024-07-31,2336036,29667,0.0127,68772.9,29.44,1779732,0.7619,1345032,2.48
CMP0131,2024-08-01,2142890,34286,0.016,51000.78,23.8,1904855,0.8889,1278556,3.69
CMP0131,2024-08-02,2261103,56527,0.025,68375.75,30.24,1392438,0.6158,1777806,2.42
CMP0131,2024-08-03,2172829,160789,0.074,22749.52,10.47,1955641,0.9,1315458,3.46
CMP0131,2024-08-04,2247536,93047,0.0414,49018.76,21.81,1806978,0.804,1293580,4.03
CMP0131,2024-08-05,2089526,11701,0.0056,18304.25,8.76,1698633,0.8129,1342118,1.19
CMP0131,2024-08-06,2426197,27658,0.0114,47286.58,19.49,2192835,0.9038,1910373,3.0
CMP0131,2024-08-07,2630761,16310,0.0062,37698.81,14.33,1921703,0.7305,1894215,3.9
CMP0131,2024-08-08,2393446,44518,0.0186,26447.58,11.05,1872649,0.7824,1388185,3.4
CMP0131,2024-08-09,2483876,41232,0.0166,52161.4,21.0,2217450,0.8927,1436423,2.74
CMP0131,2024-08-10,2765019,81844,0.0296,19963.44,7.22,2054328,0.743,2007878,3.08
CMP0131,2024-08-11,1669119,31713,0.019,11650.45,6.98,1435890,0.8603,1005721,2.15
CMP0131,2024-08-12,2653172,51206,0.0193,47226.46,17.8,1780023,0.6709,1676649,1.46
CMP0131,2024-08-13,2454775,95981,0.0391,38098.11,15.52,2154940,0.8779,1851844,2.72
CMP0131,2024-08-14,2285110,30391,0.0133,44879.56,19.64,1458163,0.6381,1500317,4.0
CMP0131,2024-08-15,1979971,11483,0.0058,61280.1,30.95,1283672,0.6483,1508047,3.47
CMP0131,2024-08-16,2577801,19333,0.0075,22787.76,8.84,2324256,0.9016,1928487,1.22
CMP0131,2024-08-17,2456840,44714,0.0182,43903.73,17.87,1910969,0.7778,1933517,1.51
CMP0131,2024-08-18,2067257,11990,0.0058,37830.8,18.3,1182993,0.5723,1515558,1.55
CMP0132,2024-09-16,1374613,3299,0.0024,17952.45,13.06,822042,0.598,1046321,2.89
CMP0132,2024-09-17,1600297,44968,0.0281,24100.47,15.06,976552,0.6102,934913,2.23
CMP0132,2024-09-18,1530468,97949,0.064,41383.85,27.04,1084208,0.7084,864090,2.2
CMP0132,2024-09-19,1407539,11964,0.0085,26982.52,19.17,1186765,0.8431,932417,2.6
CMP0132,2024-09-20,1178065,41114,0.0349,12204.75,10.36,862700,0.7323,747450,2.25
CMP0132,2024-09-21,1809745,92116,0.0509,42348.03,23.4,1357850,0.7503,1148978,3.1
CMP0132,2024-09-22,1739480,62795,0.0361,46461.51,26.71,1160948,0.6674,1266635,3.19
CMP0132,2024-09-23,1321120,22987,0.0174,12352.47,9.35,1194902,0.9045,1027331,4.39
CMP0132,2024-09-24,1476249,53735,0.0364,25288.15,17.13,993440,0.6729,862175,3.99
CMP0132,2024-09-25,1001651,30750,0.0307,7121.74,7.11,847997,0.8466,644187,1.88
CMP0132,2024-09-26,1314653,24846,0.0189,15815.28,12.03,1189275,0.9046,766156,4.08
CMP0132,2024-09-27,1471478,23690,0.0161,40465.65,27.5,1244495,0.8457,1128802,1.34
CMP0132,2024-09-28,2079715,117087,0.0563,30862.97,14.84,1169843,0.5625,1249956,3.25
CMP0132,2024-09-29,2045918,59331,0.029,21973.16,10.74,1201233,0.5871,1280367,3.99
CMP0133,2024-08-14,2315140,35190,0.0152,36949.63,15.96,1775666,0.767,1849276,2.77
CMP0133,2024-08-15,1468296,27750,0.0189,41273.8,28.11,1345651,0.9165,889084,2.63
CMP0133,2024-08-16,1743939,17613,0.0101,30466.61,17.47,1571810,0.9013,1239568,1.61
CMP0133,2024-08-17,1499677,4499,0.003,23274.99,15.52,1110760,0.7407,1101793,1.67
CMP0133,2024-08-18,1998266,33570,0.0168,22860.16,11.44,1807862,0.9047,1361732,3.84
CMP0133,2024-08-19,1963234,8638,0.0044,39519.9,20.13,1672776,0.8521,1441527,1.75
CMP0133,2024-08-20,1991077,27476,0.0138,22300.06,11.2,1200596,0.603,1513799,1.12
CMP0133,2024-08-21,1799865,6839,0.0038,15136.86,8.41,1241093,0.6895,993577,1.41
CMP0133,2024-08-22,1699295,32966,0.0194,21784.96,12.82,1035305,0.6093,1239442,2.67
CMP0133,2024-08-23,2045239,69742,0.0341,21045.51,10.29,1481805,0.7245,1390088,1.4
CMP0133,2024-08-24,2015534,45147,0.0224,53331.03,26.46,1779605,0.8829,1350447,2.19
CMP0133,2024-08-25,1340436,28551,0.0213,20696.33,15.44,1048571,0.7823,899376,2.39
CMP0133,2024-08-26,1818998,86766,0.0477,55479.44,30.5,1219475,0.6704,1281762,2.84
CMP0133,2024-08-27,1952233,55052,0.0282,45701.77,23.41,1401356,0.7178,1512810,2.98
CMP0134,2024-07-20,648749,14596,0.0225,10509.73,16.2,488682,0.7533,386273,2.59
CMP0134,2024-07-21,898562,2785,0.0031,16344.84,18.19,515261,0.5734,648645,1.77
CMP0134,2024-07-22,629504,6357,0.0101,15699.83,24.94,561860,0.8925,449370,4.39
CMP0134,2024-07-23,743884,21870,0.0294,22376.03,30.08,498814,0.6706,441224,3.06
CMP0134,2024-07-24,602760,17901,0.0297,13254.69,21.99,496775,0.8242,464360,4.35
CMP0134,2024-07-25,682926,26702,0.0391,18288.76,26.78,541684,0.7932,475517,3.28
CMP0134,2024-07-26,423912,4620,0.0109,8613.89,20.32,270238,0.6375,250803,3.32
CMP0134,2024-07-27,797437,4066,0.0051,9856.32,12.36,609013,0.7637,616921,1.79
CMP0134,2024-07-28,693976,9229,0.0133,9722.6,14.01,488985,0.7046,466543,3.29
CMP0134,2024-07-29,547143,11490,0.021,15839.79,28.95,345236,0.631,411484,2.09
CMP0134,2024-07-30,648941,39455,0.0608,13530.42,20.85,419594,0.6466,398108,3.86
CMP0134,2024-07-31,629741,20025,0.0318,13785.03,21.89,515292,0.8183,374768,2.62
CMP0134,2024-08-01,633477,6081,0.0096,17978.08,28.38,451260,0.7124,377994,1.69
CMP0134,2024-08-02,595660,9232,0.0155,4431.71,7.44,381937,0.6412,461796,2.69
CMP0134,2024-08-03,633038,9432,0.0149,11989.74,18.94,374524,0.5916,425769,4.14
CMP0134,2024-08-04,734271,20192,0.0275,15471.09,21.07,555531,0.7566,571810,1.93
CMP0134,2024-08-05,687087,38614,0.0562,18633.8,27.12,569263,0.8285,394827,3.8
CMP0134,2024-08-06,516980,4187,0.0081,13730.99,26.56,449411,0.8693,355162,1.69
CMP0134,2024-08-07,648306,36110,0.0557,8363.15,12.9,489508,0.7551,454880,4.3
CMP0134,2024-08-08,516030,9546,0.0185,10052.26,19.48,380411,0.7372,357211,2.29
CMP0134,2024-08-09,535109,10434,0.0195,13506.15,25.24,433883,0.8108,344100,2.85
CMP0135,2024-08-13,298320,12290,0.0412,6733.08,22.57,207603,0.6959,168616,3.95
CMP0135,2024-08-14,343876,8184,0.0238,10983.4,31.94,286919,0.8344,206497,2.05
CMP0135,2024-08-15,293821,6082,0.0207,8811.69,29.99,231766,0.7888,221443,4.01
CMP0135,2024-08-16,346361,3325,0.0096,3065.29,8.85,199009,0.5746,262817,1.65
CMP0135,2024-08-17,428113,5822,0.0136,10672.86,24.93,377792,0.8825,328319,1.18
CMP0135,2024-08-18,391043,3949,0.0101,8215.81,21.01,327815,0.8383,286416,3.1
CMP0135,2024-08-19,261717,6856,0.0262,1732.57,6.62,173265,0.662,175217,3.32
CMP0135,2024-08-20,316958,5071,0.016,3489.71,11.01,246108,0.7765,189884,1.12
CMP0135,2024-08-21,314354,7261,0.0231,5727.53,18.22,197368,0.6279,219535,1.42
CMP0135,2024-08-22,261795,4895,0.0187,2557.74,9.77,148677,0.5679,153865,1.62
CMP0135,2024-08-23,348904,10118,0.029,3164.56,9.07,280557,0.8041,252990,2.67
CMP0135,2024-08-24,472397,3779,0.008,10940.71,23.16,269170,0.5698,331367,3.64
CMP0135,2024-08-25,404119,1697,0.0042,3608.78,8.93,282478,0.699,235349,1.71
CMP0135,2024-08-26,376684,9417,0.025,9326.7,24.76,269405,0.7152,275261,3.35
CMP0135,2024-08-27,274686,30957,0.1127,7075.91,25.76,245840,0.895,164670,3.22
CMP0135,2024-08-28,340446,953,0.0028,2369.5,6.96,259282,0.7616,223966,2.25
CMP0135,2024-08-29,342089,10262,0.03,7926.2,23.17,245783,0.7185,263141,3.86
CMP0135,2024-08-30,313134,13433,0.0429,2721.13,8.69,260782,0.8328,194303,1.44
CMP0135,2024-08-31,450476,9054,0.0201,11955.63,26.54,361608,0.8027,318187,1.58
CMP0135,2024-09-01,447780,5373,0.012,2789.67,6.23,356442,0.796,356207,1.61
CMP0135,2024-09-02,270847,8233,0.0304,2532.42,9.35,233144,0.8608,189010,3.48
CMP0135,2024-09-03,331053,562,0.0017,10315.61,31.16,270464,0.817,251570,1.32
CMP0135,2024-09-04,301018,6080,0.0202,6932.44,23.03,255258,0.848,181710,3.37
CMP0135,2024-09-05,300387,6398,0.0213,2802.61,9.33,242408,0.807,202502,1.16
CMP0135,2024-09-06,328678,6179,0.0188,10251.47,31.19,195202,0.5939,203407,2.54
CMP0135,2024-09-07,435251,4570,0.0105,6306.79,14.49,298440,0.6857,272787,4.24
CMP0135,2024-09-08,431998,10627,0.0246,2894.39,6.7,388089,0.8984,333513,3.75
CMP0135,2024-09-09,400822,8216,0.0205,12722.09,31.74,358402,0.8942,262784,2.33
CMP0135,2024-09-10,246888,7727,0.0313,2962.66,12.0,180992,0.7331,139510,3.14
CMP0135,2024-09-11,301998,5375,0.0178,7456.33,24.69,273814,0.9067,198655,4.03
CMP0135,2024-09-12,391431,6771,0.0173,4669.77,11.93,233605,0.5968,242824,3.31
CMP0135,2024-09-13,240973,6988,0.029,3590.5,14.9,155811,0.6466,184588,3.91
CMP0135,2024-09-14,394687,13064,0.0331,8955.45,22.69,249473,0.6321,287167,2.07
CMP0135,2024-09-15,483219,8601,0.0178,4464.94,9.24,375930,0.778,375458,2.48
CMP0135,2024-09-16,358933,10803,0.0301,10685.44,29.77,282387,0.7867,230485,4.14
CMP0135,2024-09-17,414468,2113,0.0051,3187.26,7.69,295864,0.7138,298113,4.49
CMP0135,2024-09-18,238039,5950,0.025,4058.56,17.05,146112,0.6138,145566,2.73
CMP0135,2024-09-19,327018,22858,0.0699,9078.02,27.76,210242,0.6429,215356,1.48
CMP0135,2024-09-20,383598,5101,0.0133,9973.55,26.0,324134,0.845,260288,1.23
CMP0135,2024-09-21,370994,14468,0.039,11018.52,29.7,312835,0.8432,255414,1.44
CMP0135,2024-09-22,517112,17788,0.0344,13367.35,25.85,301627,0.5833,305338,2.86
CMP0135,2024-09-23,364121,2912,0.008,7078.51,19.44,309708,0.8506,261274,2.62
CMP0136,2024-11-12,1648243,44502,0.027,11191.57,6.79,1345499,0.8163,1307963,3.49
CMP0136,2024-11-13,2069012,122692,0.0593,22924.65,11.08,1170454,0.5657,1372253,1.94
CMP0136,2024-11-14,1680865,54291,0.0323,20103.15,11.96,974047,0.5795,944561,4.06
CMP0136,2024-11-15,2278579,58103,0.0255,45115.86,19.8,1485525,0.652,1424246,3.82
CMP0136,2024-11-16,1308350,15438,0.0118,31805.99,24.31,731593,0.5592,904439,1.72
CMP0136,2024-11-17,1452806,45327,0.0312,28663.86,19.73,990048,0.6815,953733,2.56
CMP0136,2024-11-18,1743958,11510,0.0066,11806.6,6.77,1036928,0.5946,961560,1.78
CMP0137,2024-07-30,623951,34130,0.0547,17894.91,28.68,389429,0.6241,405970,3.9
CMP0137,2024-07-31,622353,5290,0.0085,10847.61,17.43,400833,0.6441,410360,2.44
CMP0137,2024-08-01,600812,7570,0.0126,4836.54,8.05,460525,0.7665,409245,3.92
CMP0137,2024-08-02,546962,28442,0.052,10036.75,18.35,307322,0.5619,434810,2.47
CMP0137,2024-08-03,592440,11374,0.0192,8341.56,14.08,398251,0.6722,413125,3.67
CMP0137,2024-08-04,620669,16447,0.0265,4543.3,7.32,476518,0.7677,444792,1.52
CMP0137,2024-08-05,553671,15170,0.0274,3604.4,6.51,438722,0.7924,385571,2.95
CMP0137,2024-08-06,582808,4545,0.0078,4528.42,7.77,474705,0.8145,430882,4.02
CMP0137,2024-08-07,646332,52805,0.0817,8408.78,13.01,356206,0.5511,395763,4.49
CMP0137,2024-08-08,646049,2713,0.0042,17055.69,26.4,365437,0.5656,453939,2.81
CMP0137,2024-08-09,472044,14444,0.0306,6485.88,13.74,404611,0.8571,356595,4.26
CMP0137,2024-08-10,466181,21164,0.0454,10144.1,21.76,427109,0.9162,330858,3.3
CMP0137,2024-08-11,448241,4392,0.0098,9569.95,21.35,360165,0.8035,337712,2.4
CMP0137,2024-08-12,445923,10657,0.0239,6069.01,13.61,313050,0.702,287843,1.44
CMP0137,2024-08-13,420386,5422,0.0129,5654.19,13.45,238850,0.5682,281647,2.0
CMP0137,2024-08-14,717361,6097,0.0085,7553.81,10.53,480099,0.6693,427370,3.61
CMP0137,2024-08-15,620883,15956,0.0257,14534.87,23.41,478200,0.7702,431958,4.2
CMP0137,2024-08-16,654628,10866,0.0166,11521.45,17.6,363596,0.5554,476485,4.2
CMP0137,2024-08-17,536530,19315,0.036,9228.32,17.2,491234,0.9156,383662,1.19
CMP0137,2024-08-18,550708,6167,0.0112,10683.74,19.4,469936,0.8533,377310,1.68
CMP0137,2024-08-19,492222,6201,0.0126,3657.21,7.43,299562,0.6086,352598,1.19
CMP0137,2024-08-20,809071,20145,0.0249,18058.46,22.32,473451,0.5852,633277,4.28
CMP0137,2024-08-21,508104,8688,0.0171,13607.03,26.78,323676,0.637,366386,3.65
CMP0137,2024-08-22,487129,11155,0.0229,10463.53,21.48,427422,0.8774,362915,2.63
CMP0137,2024-08-23,547467,13631,0.0249,4877.93,8.91,498810,0.9111,432843,3.59
CMP0137,2024-08-24,667157,6404,0.0096,14857.59,22.27,605041,0.9069,521683,2.83
CMP0137,2024-08-25,625061,20376,0.0326,17589.22,28.14,568235,0.9091,488809,4.14
CMP0137,2024-08-26,565121,2034,0.0036,5419.51,9.59,469275,0.8304,374575,4.09
CMP0137,2024-08-27,572020,2288,0.004,11062.87,19.34,510829,0.893,396279,2.6
CMP0137,2024-08-28,527174,17027,0.0323,9162.28,17.38,292195,0.5543,312689,3.86
CMP0137,2024-08-29,687606,10795,0.0157,4964.52,7.22,498853,0.7255,459540,1.42
CMP0137,2024-08-30,691219,33247,0.0481,19285.01,27.9,477419,0.6907,394880,3.13
CMP0137,2024-08-31,516201,4077,0.0079,11795.19,22.85,299960,0.5811,304278,4.13
CMP0137,2024-09-01,558500,15638,0.028,11923.98,21.35,470726,0.8428,390936,2.54
CMP0137,2024-09-02,723754,48491,0.067,7172.4,9.91,592534,0.8187,469011,4.31
CMP0137,2024-09-03,697006,23001,0.033,19551.02,28.05,554744,0.7959,392070,1.25
CMP0137,2024-09-04,673949,12939,0.0192,16545.45,24.55,435169,0.6457,503856,3.79
CMP0137,2024-09-05,561543,3144,0.0056,8546.68,15.22,317994,0.5663,435137,3.28
CMP0137,2024-09-06,681999,16231,0.0238,9131.97,13.39,600631,0.8807,492902,3.0
CMP0137,2024-09-07,510843,11493,0.0225,8076.43,15.81,301189,0.5896,399863,3.08
CMP0137,2024-09-08,320049,4384,0.0137,7399.53,23.12,251953,0.7872,190567,3.28
CMP0137,2024-09-09,610269,20627,0.0338,18356.89,30.08,494161,0.8097,378830,3.17
CMP0138,2024-08-14,82714,1745,0.0211,1031.44,12.47,53597,0.648,58143,1.19
CMP0138,2024-08-15,120359,3430,0.0285,1699.47,14.12,69081,0.574,66546,3.01
CMP0138,2024-08-16,100180,1192,0.0119,971.75,9.7,91469,0.913,64004,3.68
CMP0138,2024-08-17,121781,633,0.0052,2017.91,16.57,91429,0.7508,70786,2.81
CMP0138,2024-08-18,141008,2115,0.015,3739.53,26.52,89136,0.6321,96400,2.91
CMP0138,2024-08-19,109232,1988,0.0182,2399.83,21.97,95657,0.8757,63831,1.98
CMP0138,2024-08-20,123636,927,0.0075,3926.68,31.76,102441,0.8286,81759,3.06
CMP0138,2024-08-21,126809,1927,0.0152,2815.16,22.2,72720,0.5735,79252,1.83
CMP0138,2024-08-22,69322,4873,0.0703,1473.09,21.25,57535,0.83,50687,2.32
CMP0138,2024-08-23,118058,3329,0.0282,2548.87,21.59,100526,0.8515,94404,4.07
CMP0138,2024-08-24,119778,8085,0.0675,1055.24,8.81,75332,0.6289,87429,4.14
CMP0138,2024-08-25,113930,1059,0.0093,3589.93,31.51,64507,0.5662,69910,2.99
CMP0138,2024-08-26,131962,1636,0.0124,1931.92,14.64,113107,0.8571,73302,1.66
CMP0138,2024-08-27,141949,2256,0.0159,1879.4,13.24,93937,0.6618,83204,1.52
CMP0138,2024-08-28,158402,2312,0.0146,2258.81,14.26,88971,0.5617,94773,2.08
CMP0138,2024-08-29,117429,2524,0.0215,2436.65,20.75,82055,0.6988,66440,3.67
CMP0138,2024-08-30,118383,2497,0.0211,3515.98,29.7,97853,0.8266,87970,1.53
CMP0138,2024-08-31,144740,159,0.0011,2893.35,19.99,119933,0.8286,102421,2.96
CMP0138,2024-09-01,124667,3652,0.0293,3112.93,24.97,108526,0.8705,82957,2.97
CMP0138,2024-09-02,111320,1680,0.0151,898.35,8.07,72382,0.6502,75613,4.48
CMP0138,2024-09-03,122910,1733,0.0141,3420.59,27.83,95911,0.7803,95842,3.23
CMP0138,2024-09-04,123866,2861,0.0231,2500.85,20.19,96379,0.7781,84798,3.84
CMP0138,2024-09-05,118845,5454,0.0459,3726.98,31.36,82770,0.6965,83742,2.6
CMP0138,2024-09-06,109563,5017,0.0458,1743.15,15.91,72921,0.6656,84706,1.41
CMP0138,2024-09-07,94844,2987,0.0315,1213.05,12.79,63167,0.666,67811,1.48
CMP0138,2024-09-08,110462,949,0.0086,2737.25,24.78,88526,0.8014,62372,3.44
CMP0138,2024-09-09,106357,4041,0.038,1636.83,15.39,85924,0.8079,68639,3.46
CMP0138,2024-09-10,99673,956,0.0096,780.44,7.83,57719,0.5791,71833,1.31
CMP0138,2024-09-11,108225,2391,0.0221,2162.34,19.98,90408,0.8354,81371,1.8
CMP0138,2024-09-12,142232,1052,0.0074,2372.43,16.68,115558,0.8125,82699,2.85
CMP0138,2024-09-13,128435,3082,0.024,2013.86,15.68,73291,0.5706,86228,1.27
CMP0138,2024-09-14,92968,5717,0.0615,2131.76,22.93,61490,0.6614,54290,2.9
CMP0138,2024-09-15,61795,1192,0.0193,658.12,10.65,40693,0.6585,39801,2.38
CMP0138,2024-09-16,81333,1984,0.0244,2148.82,26.42,67018,0.824,56053,2.58
CMP0138,2024-09-17,80734,1832,0.0227,589.36,7.3,67977,0.842,49694,1.15
CMP0138,2024-09-18,111591,3704,0.0332,1571.2,14.08,78864,0.7067,71535,3.67
CMP0138,2024-09-19,113275,2888,0.0255,3307.63,29.2,86241,0.7613,84461,2.15
CMP0138,2024-09-20,109374,2056,0.0188,1284.05,11.74,91772,0.8391,82174,1.2
CMP0138,2024-09-21,112806,1838,0.0163,3190.15,28.28,77466,0.6867,84574,4.08
CMP0138,2024-09-22,124881,7630,0.0611,3522.89,28.21,77201,0.6182,81757,3.48
CMP0138,2024-09-23,119719,275,0.0023,1952.62,16.31,80640,0.6736,84049,1.88
CMP0138,2024-09-24,125098,2239,0.0179,3009.86,24.06,100059,0.7998,73816,1.73
CMP0139,2024-11-22,256950,3083,0.012,3507.37,13.65,232902,0.9064,192596,2.56
CMP0139,2024-11-23,298601,8838,0.0296,7178.37,24.04,216593,0.7254,194182,3.7
CMP0139,2024-11-24,312005,2745,0.0088,5035.76,16.14,183569,0.5884,185399,3.51
CMP0139,2024-11-25,235691,5090,0.0216,3697.99,15.69,214429,0.9098,159289,4.35
CMP0139,2024-11-26,190697,1048,0.0055,3707.15,19.44,132277,0.6937,107742,3.69
CMP0139,2024-11-27,187975,2030,0.0108,1201.16,6.39,136394,0.7256,127647,2.45
CMP0139,2024-11-28,242983,1385,0.0057,7722.0,31.78,145135,0.5973,186770,1.69
CMP0139,2024-11-29,220451,15585,0.0707,6721.55,30.49,157470,0.7143,164544,1.15
CMP0139,2024-11-30,251016,3464,0.0138,4417.88,17.6,230397,0.9179,163696,1.99
CMP0139,2024-12-01,319304,3129,0.0098,8656.33,27.11,184612,0.5782,233925,4.23
CMP0139,2024-12-02,216980,2451,0.0113,4285.35,19.75,137708,0.6347,160550,2.73
CMP0139,2024-12-03,274936,1897,0.0069,4121.29,14.99,211105,0.7678,177737,3.66
CMP0139,2024-12-04,205173,3118,0.0152,4187.58,20.41,186762,0.9103,145444,2.35
CMP0139,2024-12-05,256140,1357,0.0053,4961.43,19.37,170233,0.6646,148779,3.0
CMP0139,2024-12-06,219716,10480,0.0477,4194.38,19.09,192273,0.8751,140729,3.66
CMP0139,2024-12-07,340729,12913,0.0379,2463.47,7.23,272601,0.8001,223964,2.14
CMP0139,2024-12-08,311484,6198,0.0199,7151.67,22.96,210332,0.6753,182657,1.77
CMP0139,2024-12-09,236559,3311,0.014,2105.38,8.9,212773,0.8995,139224,3.52
CMP0139,2024-12-10,257118,3136,0.0122,6687.64,26.01,199900,0.7775,188755,4.42
CMP0139,2024-12-11,212270,4330,0.0204,4699.66,22.14,180805,0.8518,121252,2.59
CMP0139,2024-12-12,186751,3735,0.02,4831.25,25.87,119496,0.6399,116414,3.28
CMP0139,2024-12-13,205456,8074,0.0393,3846.14,18.72,115334,0.5614,157564,2.99
CMP0139,2024-12-14,358209,8561,0.0239,3728.96,10.41,206660,0.5769,239528,3.53
CMP0139,2024-12-15,345485,2971,0.0086,2618.78,7.58,298262,0.8633,242421,2.42
CMP0139,2024-12-16,221291,1416,0.0064,1566.74,7.08,148643,0.6717,156858,1.21
CMP0139,2024-12-17,218140,196,0.0009,5804.71,26.61,138503,0.6349,159197,2.81
CMP0139,2024-12-18,288336,3287,0.0114,6409.71,22.23,183062,0.6349,219695,4.1
CMP0139,2024-12-19,246446,3400,0.0138,6974.42,28.3,214258,0.8694,184085,3.62
CMP0139,2024-12-20,255433,8173,0.032,6281.1,24.59,177946,0.6966,170767,2.07
CMP0139,2024-12-21,402967,9066,0.0225,11246.81,27.91,273121,0.6778,238984,1.96
CMP0139,2024-12-22,345803,8956,0.0259,10664.56,30.84,223669,0.6468,227149,3.91
CMP0139,2024-12-23,221416,4627,0.0209,4408.39,19.91,151405,0.6838,125429,3.15
CMP0139,2024-12-24,272790,2073,0.0076,6634.25,24.32,205796,0.7544,151096,3.43
CMP0139,2024-12-25,207116,869,0.0042,5552.78,26.81,165220,0.7977,126388,3.13
CMP0139,2024-12-26,199578,4231,0.0212,3566.46,17.87,146862,0.7359,142751,4.07
CMP0139,2024-12-27,167485,1758,0.0105,4505.35,26.9,127309,0.7601,109936,3.09
CMP0139,2024-12-28,285217,8841,0.031,2860.73,10.03,250445,0.8781,206112,1.31
CMP0139,2024-12-29,333979,13860,0.0415,4735.82,14.18,255208,0.7641,194780,2.73
CMP0139,2024-12-30,232361,6738,0.029,4108.14,17.68,139622,0.6009,149689,1.22
CMP0139,2024-12-31,323714,4920,0.0152,8076.66,24.95,249693,0.7713,238552,2.4
CMP0140,2024-09-09,79110,379,0.0048,1025.27,12.96,69987,0.8847,59958,3.31
CMP0140,2024-09-10,81761,1594,0.0195,836.42,10.23,52091,0.6371,56578,1.45
CMP0140,2024-09-11,78999,2330,0.0295,2497.95,31.62,62727,0.794,53323,2.43
CMP0140,2024-09-12,82225,7655,0.0931,2511.15,30.54,62460,0.7596,65438,2.86
CMP0140,2024-09-13,94348,4255,0.0451,686.85,7.28,72071,0.7639,73688,1.67
CMP0140,2024-09-14,105149,178,0.0017,2862.16,27.22,58411,0.5555,63878,4.12
CMP0140,2024-09-15,63598,2575,0.0405,1525.08,23.98,44060,0.6928,41878,1.49
CMP0140,2024-09-16,106874,4467,0.0418,2053.05,19.21,83747,0.7836,76721,3.0
CMP0140,2024-09-17,85936,1383,0.0161,1589.82,18.5,59545,0.6929,47505,1.38
CMP0140,2024-09-18,88691,478,0.0054,1391.56,15.69,74929,0.8448,55182,4.22
CMP0140,2024-09-19,78967,1650,0.0209,1609.35,20.38,70562,0.8936,56261,3.28
CMP0140,2024-09-20,88618,1187,0.0134,1707.67,19.27,50292,0.5675,59431,2.53
CMP0140,2024-09-21,92213,1069,0.0116,2605.94,28.26,72604,0.7874,55212,2.15
CMP0140,2024-09-22,108395,3089,0.0285,2309.9,21.31,92987,0.8579,81028,1.22
CMP0140,2024-09-23,108497,1985,0.0183,2831.77,26.1,60351,0.5562,82330,2.47
CMP0140,2024-09-24,98200,1914,0.0195,1533.88,15.62,83643,0.8518,77171,4.34
CMP0140,2024-09-25,94691,2282,0.0241,1645.73,17.38,54691,0.5776,52542,3.44
CMP0140,2024-09-26,83657,2392,0.0286,2616.79,31.28,66701,0.7973,54838,1.41
CMP0140,2024-09-27,75977,1496,0.0197,1734.55,22.83,67541,0.889,47468,1.39
CMP0140,2024-09-28,87122,1306,0.015,2427.22,27.86,79930,0.9174,52813,2.06
CMP0140,2024-09-29,87229,1849,0.0212,1751.56,20.08,51221,0.5872,61368,4.24
CMP0140,2024-09-30,82867,1417,0.0171,2161.17,26.08,59970,0.7237,56407,1.15
CMP0140,2024-10-01,96041,1027,0.0107,2474.98,25.77,68098,0.7091,65985,2.1
CMP0140,2024-10-02,82096,1518,0.0185,1632.89,19.89,62389,0.76,57915,1.64
CMP0140,2024-10-03,97806,2542,0.026,2583.06,26.41,72899,0.7453,66995,3.0
CMP0140,2024-10-04,81354,805,0.0099,1832.09,22.52,48306,0.5938,55506,3.42
CMP0140,2024-10-05,62432,224,0.0036,1643.21,26.32,36015,0.5769,34815,3.83
CMP0140,2024-10-06,92888,3176,0.0342,1434.19,15.44,80091,0.8622,64309,4.15
CMP0140,2024-10-07,90628,2510,0.0277,1944.88,21.46,54087,0.5968,71217,1.55
CMP0140,2024-10-08,81144,6158,0.0759,2098.38,25.86,55392,0.6826,61857,3.25
CMP0140,2024-10-09,58187,529,0.0091,1606.54,27.61,36023,0.6191,32216,4.42
CMP0140,2024-10-10,82662,611,0.0074,508.37,6.15,74324,0.8991,64007,2.35
CMP0140,2024-10-11,79383,1190,0.015,626.33,7.89,57200,0.7206,50321,2.17
CMP0140,2024-10-12,76477,1682,0.022,1374.29,17.97,54991,0.7191,55561,3.38
CMP0140,2024-10-13,76390,213,0.0028,1048.07,13.72,59033,0.7728,56988,1.43
CMP0140,2024-10-14,86434,328,0.0038,2394.22,27.7,65173,0.754,53596,3.17
CMP0140,2024-10-15,89232,2221,0.0249,2716.22,30.44,63464,0.7112,53026,1.58
CMP0140,2024-10-16,104229,3898,0.0374,1531.12,14.69,79987,0.7674,69032,3.86
CMP0140,2024-10-17,85761,5703,0.0665,2551.39,29.75,55556,0.6478,62850,2.01
CMP0140,2024-10-18,52403,1095,0.0209,1436.37,27.41,35542,0.6782,32668,2.75
CMP0140,2024-10-19,82434,3297,0.04,1177.98,14.29,69113,0.8384,47944,3.97
CMP0140,2024-10-20,100319,4022,0.0401,2804.92,27.96,68804,0.6859,76004,3.52
CMP0141,2024-09-12,3588252,98676,0.0275,90029.24,25.09,2057671,0.5734,2331734,4.25
CMP0141,2024-09-13,3668680,251304,0.0685,61120.21,16.66,3308182,0.9017,2439083,1.82
CMP0141,2024-09-14,4087293,119757,0.0293,114607.7,28.04,2958795,0.7239,2429512,1.65
CMP0141,2024-09-15,4058207,97802,0.0241,58965.75,14.53,3314801,0.8168,3031021,1.12
CMP0141,2024-09-16,3490629,20245,0.0058,68137.08,19.52,3140757,0.8998,2632656,1.72
CMP0141,2024-09-17,2371648,86327,0.0364,58437.41,24.64,1515333,0.6389,1385190,2.53
CMP0141,2024-09-18,2718576,18214,0.0067,82318.48,30.28,2424840,0.892,2035425,2.37
CMP0142,2024-11-24,427373,12436,0.0291,3218.12,7.53,290626,0.68,295150,3.47
CMP0142,2024-11-25,572868,27554,0.0481,4800.63,8.38,436819,0.7625,454674,3.18
CMP0142,2024-11-26,579627,25271,0.0436,16826.57,29.03,342215,0.5904,437079,1.39
CMP0142,2024-11-27,460269,12979,0.0282,3728.18,8.1,403030,0.8756,338742,1.87
CMP0142,2024-11-28,465578,23465,0.0504,12403.0,26.64,265239,0.5697,322355,1.78
CMP0142,2024-11-29,441804,14800,0.0335,3463.74,7.84,313313,0.7092,277663,1.15
CMP0142,2024-11-30,532840,36499,0.0685,6751.08,12.67,431197,0.8092,424670,1.39
CMP0142,2024-12-01,462545,5735,0.0124,12220.44,26.42,350542,0.7579,292239,2.1
CMP0142,2024-12-02,601608,4873,0.0081,5811.53,9.66,457204,0.76,401321,3.12
CMP0142,2024-12-03,578687,1851,0.0032,16492.58,28.5,406519,0.7025,337302,1.97
CMP0142,2024-12-04,415726,3866,0.0093,10775.62,25.92,292240,0.703,304800,4.36
CMP0142,2024-12-05,529053,7882,0.0149,10253.05,19.38,318628,0.6023,353689,3.84
CMP0142,2024-12-06,451567,5915,0.0131,3680.27,8.15,399017,0.8836,330248,1.34
CMP0142,2024-12-07,519806,13307,0.0256,3732.21,7.18,353553,0.6802,358858,3.18
CMP0143,2024-07-22,735199,4558,0.0062,7910.74,10.76,531740,0.7233,458905,4.4
CMP0143,2024-07-23,614493,27529,0.0448,15325.46,24.94,437521,0.712,418472,4.1
CMP0143,2024-07-24,478104,5641,0.0118,13702.46,28.66,289736,0.606,326298,2.48
CMP0143,2024-07-25,506771,8767,0.0173,10231.71,20.19,286021,0.5644,333109,1.76
CMP0143,2024-07-26,569577,1082,0.0019,18072.68,31.73,523263,0.9187,440140,4.27
CMP0143,2024-07-27,517101,10393,0.0201,10460.95,20.23,469547,0.908,325504,1.87
CMP0143,2024-07-28,503548,8258,0.0164,13464.87,26.74,394444,0.7833,383931,2.48
CMP0143,2024-07-29,561810,36012,0.0641,4061.89,7.23,378422,0.6736,371569,2.61
CMP0143,2024-07-30,542070,7263,0.0134,3957.11,7.3,370363,0.6832,382142,2.3
CMP0143,2024-07-31,517189,5689,0.011,8440.52,16.32,323872,0.6262,308085,3.9
CMP0143,2024-08-01,620267,25058,0.0404,12442.56,20.06,417640,0.6733,459875,1.46
CMP0143,2024-08-02,647245,21229,0.0328,15663.33,24.2,530954,0.8203,463764,3.14
CMP0143,2024-08-03,393963,6657,0.0169,3384.14,8.59,228827,0.5808,226540,3.75
CMP0143,2024-08-04,671303,12284,0.0183,5679.22,8.46,614191,0.9149,372421,2.22
CMP0143,2024-08-05,558470,4523,0.0081,17033.33,30.5,448078,0.8023,314695,3.49
CMP0143,2024-08-06,473730,10043,0.0212,3136.09,6.62,386242,0.8153,304483,1.89
CMP0143,2024-08-07,533455,4641,0.0087,16131.68,30.24,431295,0.8085,304490,1.7
CMP0143,2024-08-08,632557,20241,0.032,5155.34,8.15,379557,0.6,417129,2.17
CMP0143,2024-08-09,656230,9187,0.014,13590.52,20.71,572633,0.8726,370691,1.64
CMP0143,2024-08-10,368459,10501,0.0285,9992.61,27.12,327935,0.89,209923,1.48
CMP0143,2024-08-11,558384,4411,0.0079,13797.67,24.71,344938,0.6177,429747,4.39
CMP0143,2024-08-12,473208,10126,0.0214,11286.01,23.85,305722,0.6461,335234,3.2
CMP0143,2024-08-13,451439,7493,0.0166,6026.71,13.35,407951,0.9037,303853,3.7
CMP0143,2024-08-14,520047,19657,0.0378,14540.51,27.96,375248,0.7216,357629,4.26
CMP0143,2024-08-15,556076,10621,0.0191,11866.66,21.34,381178,0.6855,309741,1.88
CMP0143,2024-08-16,563559,14483,0.0257,4345.04,7.71,311984,0.5536,365280,4.36
CMP0143,2024-08-17,628979,38179,0.0607,19636.72,31.22,525800,0.836,347857,3.45
CMP0143,2024-08-18,621812,18965,0.0305,3780.62,6.08,422109,0.6788,487762,4.09
CMP0143,2024-08-19,422192,4770,0.0113,8093.42,19.17,341354,0.8085,312455,1.32
CMP0143,2024-08-20,624603,5434,0.0087,13928.65,22.3,553802,0.8866,492719,4.47
CMP0143,2024-08-21,397314,2264,0.0057,8740.91,22.0,349638,0.88,313862,2.32
CMP0143,2024-08-22,510492,6330,0.0124,6294.37,12.33,351374,0.6883,353143,1.6
CMP0143,2024-08-23,278842,5911,0.0212,2186.12,7.84,159483,0.5719,220546,3.04
CMP0143,2024-08-24,581234,29991,0.0516,13223.07,22.75,405224,0.6972,381939,4.21
CMP0143,2024-08-25,501865,8180,0.0163,3779.04,7.53,377549,0.7523,366001,2.72
CMP0143,2024-08-26,695692,27271,0.0392,16752.26,24.08,444829,0.6394,465936,2.01
CMP0143,2024-08-27,714787,14796,0.0207,17605.2,24.63,646077,0.9039,511468,3.04
CMP0143,2024-08-28,643040,4565,0.0071,13574.57,21.11,582836,0.9064,413951,1.87
CMP0143,2024-08-29,567523,10953,0.0193,10646.73,18.76,391296,0.6895,432461,1.63
CMP0143,2024-08-30,700854,3013,0.0043,8178.97,11.67,549586,0.7842,530623,1.35
CMP0143,2024-08-31,743571,31229,0.042,11800.47,15.87,479148,0.6444,576052,1.72
CMP0143,2024-09-01,677529,5149,0.0076,13530.25,19.97,418709,0.618,382998,1.74
CMP0144,2024-09-11,367687,7096,0.0193,8920.09,24.26,222559,0.6053,274779,2.15
CMP0144,2024-09-12,434743,9738,0.0224,3395.34,7.81,357695,0.8228,242580,1.24
CMP0144,2024-09-13,462843,10043,0.0217,7854.45,16.97,370461,0.8004,295776,1.12
CMP0144,2024-09-14,520999,10263,0.0197,10456.45,20.07,462649,0.888,353033,1.93
CMP0144,2024-09-15,542522,7649,0.0141,15988.12,29.47,316129,0.5827,351633,1.85
CMP0144,2024-09-16,420533,28428,0.0676,12666.45,30.12,275107,0.6542,302609,4.36
CMP0144,2024-09-17,589565,35668,0.0605,10535.53,17.87,488789,0.8291,471065,2.99
CMP0144,2024-09-18,391461,10608,0.0271,6940.6,17.73,339462,0.8672,299536,1.4
CMP0144,2024-09-19,501604,3260,0.0065,10749.37,21.43,354480,0.7067,296885,1.26
CMP0144,2024-09-20,397054,13579,0.0342,4863.91,12.25,316961,0.7983,305960,3.81
CMP0144,2024-09-21,731408,6582,0.009,7080.03,9.68,502416,0.6869,497478,1.36
CMP0144,2024-09-22,639272,16684,0.0261,11538.86,18.05,357433,0.5591,446825,1.1
CMP0144,2024-09-23,529686,7044,0.0133,4428.17,8.36,358795,0.6774,312793,3.53
CMP0144,2024-09-24,492450,18269,0.0371,5269.21,10.7,349460,0.7096,388719,1.44
CMP0144,2024-09-25,512602,4767,0.0093,12743.29,24.86,314347,0.6132,327113,4.2
CMP0144,2024-09-26,519443,14959,0.0288,10170.69,19.58,460563,0.8866,379555,3.43
CMP0144,2024-09-27,498959,15168,0.0304,8622.01,17.28,417098,0.8359,337188,1.82
CMP0144,2024-09-28,595773,3276,0.0055,12100.15,20.31,345652,0.5802,415334,2.16
CMP0144,2024-09-29,562812,7372,0.0131,13479.35,23.95,407512,0.7241,408598,1.42
CMP0144,2024-09-30,475601,9797,0.0206,3405.3,7.16,270439,0.5686,379578,2.25
CMP0144,2024-10-01,514227,26534,0.0516,10238.26,19.91,436614,0.8491,360456,1.83
CMP0144,2024-10-02,465592,13595,0.0292,7337.73,15.76,418457,0.8988,315266,3.08
CMP0144,2024-10-03,431635,1899,0.0044,11610.98,26.9,281495,0.6522,341147,2.16
CMP0144,2024-10-04,375467,11301,0.0301,3191.47,8.5,277901,0.7401,222287,3.66
CMP0144,2024-10-05,688959,13296,0.0193,5098.3,7.4,519436,0.7539,484862,2.92
CMP0144,2024-10-06,595389,17802,0.0299,16557.77,27.81,377831,0.6346,426073,1.63
CMP0144,2024-10-07,377545,5474,0.0145,4987.37,13.21,275717,0.7303,233960,1.82
CMP0144,2024-10-08,420924,7997,0.019,10725.14,25.48,313257,0.7442,243052,2.53
CMP0145,2024-10-07,567944,19480,0.0343,8723.62,15.36,438966,0.7729,340238,1.13
CMP0145,2024-10-08,543888,6309,0.0116,12134.14,22.31,301763,0.5548,304049,1.81
CMP0145,2024-10-09,481135,11932,0.0248,14607.26,30.36,388504,0.8075,290968,1.55
CMP0145,2024-10-10,599087,8986,0.015,11352.7,18.95,518018,0.8647,348547,4.08
CMP0145,2024-10-11,581441,5872,0.0101,14338.34,24.66,328705,0.5653,432715,1.54
CMP0145,2024-10-12,526516,2685,0.0051,7750.32,14.72,298746,0.5674,322947,1.77
CMP0145,2024-10-13,688335,14592,0.0212,18894.8,27.45,466306,0.6774,515054,1.88
CMP0145,2024-10-14,509160,8961,0.0176,9103.78,17.88,347077,0.6817,394992,1.43
CMP0145,2024-10-15,533200,8317,0.0156,5028.08,9.43,307274,0.5763,296314,1.65
CMP0145,2024-10-16,524879,472,0.0009,8823.22,16.81,460256,0.8769,378672,3.62
CMP0145,2024-10-17,467591,1262,0.0027,7401.97,15.83,362384,0.775,357777,1.64
CMP0145,2024-10-18,596077,5841,0.0098,11802.32,19.8,354160,0.5942,444846,2.0
CMP0145,2024-10-19,723680,13315,0.0184,18301.87,25.29,617903,0.8538,410124,2.42
CMP0145,2024-10-20,691445,21780,0.0315,14347.48,20.75,585335,0.8465,415389,1.5
CMP0145,2024-10-21,556621,15362,0.0276,10592.5,19.03,381702,0.6857,383676,2.35
CMP0145,2024-10-22,457356,15184,0.0332,12751.09,27.88,405099,0.8857,304199,3.66
CMP0145,2024-10-23,556209,17353,0.0312,8877.1,15.96,450060,0.8092,435214,1.39
CMP0145,2024-10-24,673169,3298,0.0049,10932.26,16.24,460325,0.6838,421268,2.08
CMP0145,2024-10-25,574271,11715,0.0204,7247.3,12.62,455241,0.7927,379158,2.57
CMP0145,2024-10-26,528261,7923,0.015,12577.89,23.81,408728,0.7737,315446,1.86
CMP0145,2024-10-27,657767,12431,0.0189,4091.31,6.22,519289,0.7895,423754,2.64
CMP0146,2024-12-15,249178,2367,0.0095,2588.96,10.39,149465,0.5998,191995,1.5
CMP0146,2024-12-16,256685,10062,0.0392,2520.65,9.82,161733,0.6301,167547,1.57
CMP0146,2024-12-17,293563,7485,0.0255,4382.9,14.93,232555,0.7922,212497,2.01
CMP0146,2024-12-18,247651,5596,0.0226,5859.42,23.66,214108,0.8646,175598,4.35
CMP0146,2024-12-19,338673,10735,0.0317,6373.83,18.82,309866,0.9149,266736,3.2
CMP0146,2024-12-20,311718,623,0.002,9410.77,30.19,188459,0.6046,190155,2.16
CMP0146,2024-12-21,196924,3012,0.0153,1614.78,8.2,152082,0.7723,141918,2.0
CMP0146,2024-12-22,284880,3219,0.0113,4219.07,14.81,181920,0.6386,166225,4.38
CMP0146,2024-12-23,330532,2346,0.0071,10124.2,30.63,300922,0.9104,197216,2.34
CMP0146,2024-12-24,292917,4335,0.0148,5805.61,19.82,185480,0.6332,180198,1.79
CMP0146,2024-12-25,254837,12512,0.0491,6888.24,27.03,162873,0.6391,145173,3.94
CMP0146,2024-12-26,259414,2153,0.0083,5123.43,19.75,181614,0.7001,166923,3.54
CMP0146,2024-12-27,261094,4490,0.0172,4736.25,18.14,213907,0.8193,203401,3.02
CMP0146,2024-12-28,196601,2968,0.0151,2870.37,14.6,141121,0.7178,136973,4.14
CMP0146,2024-12-29,301661,14178,0.047,3912.54,12.97,252089,0.8357,233899,3.26
CMP0146,2024-12-30,232407,4438,0.0191,3572.1,15.37,148455,0.6388,149363,2.71
CMP0146,2024-12-31,230671,5605,0.0243,3741.48,16.22,206344,0.8945,161161,2.81
CMP0147,2024-11-12,2511390,53492,0.0213,19212.13,7.65,1575118,0.6272,1557286,1.37
CMP0147,2024-11-13,2238566,38055,0.017,34966.4,15.62,1674738,0.7481,1739510,3.05
CMP0147,2024-11-14,2146779,41647,0.0194,65176.21,30.36,1909160,0.8893,1345144,1.4
CMP0147,2024-11-15,2444511,48645,0.0199,62995.05,25.77,1883494,0.7705,1541934,4.3
CMP0147,2024-11-16,2342474,34434,0.0147,38229.18,16.32,2020076,0.8624,1394781,4.0
CMP0147,2024-11-17,2253686,12395,0.0055,40070.54,17.78,2057412,0.9129,1316552,2.35
CMP0147,2024-11-18,1540414,142642,0.0926,48784.91,31.67,998661,0.6483,995417,4.27
CMP0148,2024-09-26,179868,5414,0.0301,5744.98,31.94,162394,0.9029,128185,3.08
CMP0148,2024-09-27,222417,3669,0.0165,6523.49,29.33,199764,0.8982,167734,2.12
CMP0148,2024-09-28,177953,1388,0.0078,2496.68,14.03,145175,0.8158,100358,3.03
CMP0148,2024-09-29,217631,6898,0.0317,5664.93,26.03,137895,0.6336,171985,3.41
CMP0148,2024-09-30,169071,743,0.0044,3362.82,19.89,135918,0.8039,98144,4.3
CMP0148,2024-10-01,204881,12866,0.0628,6127.99,29.91,123455,0.6026,118843,2.35
CMP0148,2024-10-02,228618,6949,0.0304,1920.39,8.4,204621,0.895,141791,1.63
CMP0148,2024-10-03,183546,2606,0.0142,5728.47,31.21,119922,0.6534,142076,2.57
CMP0148,2024-10-04,244477,14448,0.0591,6537.31,26.74,157959,0.6461,186055,3.31
CMP0148,2024-10-05,218598,8372,0.0383,1587.02,7.26,160444,0.734,155358,1.66
CMP0148,2024-10-06,177009,4425,0.025,4816.41,27.21,99012,0.5594,120766,3.81
CMP0148,2024-10-07,183347,7737,0.0422,5010.87,27.33,115939,0.6323,121224,2.64
CMP0148,2024-10-08,328383,5221,0.0159,5388.77,16.41,219966,0.6698,196069,2.69
CMP0148,2024-10-09,221819,3149,0.0142,6585.81,29.69,174995,0.7889,124586,3.69
CMP0148,2024-10-10,238403,4052,0.017,6484.56,27.2,202894,0.8511,186695,1.31
CMP0148,2024-10-11,184518,4317,0.0234,2869.25,15.55,145798,0.7902,131851,1.26
CMP0148,2024-10-12,193917,9308,0.048,1929.47,9.95,168095,0.8668,115292,1.54
CMP0148,2024-10-13,266836,4936,0.0185,3818.42,14.31,212174,0.7951,209824,1.51
CMP0148,2024-10-14,224523,4535,0.0202,3105.15,13.83,203874,0.908,162346,1.52
CMP0148,2024-10-15,203643,2871,0.0141,5262.14,25.84,151869,0.7458,143952,1.4
CMP0148,2024-10-16,175592,5548,0.0316,5201.04,29.62,109469,0.6234,105272,3.22
CMP0148,2024-10-17,160680,5993,0.0373,1608.41,10.01,134482,0.837,95444,3.55
CMP0148,2024-10-18,172174,3391,0.0197,1868.09,10.85,140961,0.8187,131538,3.77
CMP0148,2024-10-19,143464,4806,0.0335,3543.56,24.7,130201,0.9076,91538,4.14
CMP0148,2024-10-20,206419,8896,0.0431,2382.08,11.54,131450,0.6368,122250,3.28
CMP0148,2024-10-21,226689,10132,0.0447,3969.32,17.51,183333,0.8087,135452,2.88
CMP0148,2024-10-22,214343,7673,0.0358,1294.63,6.04,146723,0.6845,143271,3.46
CMP0148,2024-10-23,245214,1127,0.0046,6772.81,27.62,205805,0.8393,148691,1.87
CMP0149,2024-12-06,1276409,19656,0.0154,24494.29,19.19,1161069,0.9096,851856,1.41
CMP0149,2024-12-07,1385182,24379,0.0176,43467.01,31.38,785201,0.5669,826758,3.16
CMP0149,2024-12-08,918034,15514,0.0169,8390.83,9.14,676679,0.7371,541271,4.0
CMP0149,2024-12-09,920180,18955,0.0206,7885.94,8.57,673401,0.7318,541979,1.44
CMP0149,2024-12-10,1059754,28401,0.0268,32598.03,30.76,967321,0.9128,641750,4.37
CMP0149,2024-12-11,1011956,7184,0.0071,22708.29,22.44,625052,0.6177,579253,4.02
CMP0149,2024-12-12,1060885,12730,0.012,29588.08,27.89,754134,0.7109,771117,1.99
CMP0149,2024-12-13,1138293,52133,0.0458,29891.57,26.26,827580,0.727,718351,3.66
CMP0149,2024-12-14,1248951,3122,0.0025,14312.98,11.46,1135108,0.9088,754582,3.45
CMP0149,2024-12-15,1002074,5812,0.0058,30823.8,30.76,892114,0.8903,678493,3.26
CMP0149,2024-12-16,1025533,58455,0.057,13936.99,13.59,942404,0.9189,652778,4.47
CMP0149,2024-12-17,1184708,22390,0.0189,24547.15,20.72,966036,0.8154,848548,3.43
CMP0149,2024-12-18,1300491,10664,0.0082,13837.22,10.64,1176412,0.9046,846953,2.38
CMP0149,2024-12-19,915600,26277,0.0287,20207.29,22.07,840000,0.9174,551892,3.33
CMP0150,2024-07-12,335587,12047,0.0359,4127.72,12.3,295961,0.8819,250881,2.73
CMP0150,2024-07-13,458586,1008,0.0022,3544.87,7.73,362131,0.7897,313165,2.02
CMP0150,2024-07-14,294668,9223,0.0313,5536.81,18.79,173465,0.5887,179475,2.75
CMP0150,2024-07-15,445528,1470,0.0033,12599.53,28.28,401606,0.9014,331046,3.32
CMP0150,2024-07-16,472995,6007,0.0127,3003.52,6.35,375651,0.7942,286132,2.41
CMP0150,2024-07-17,397970,10426,0.0262,2980.8,7.49,334406,0.8403,284943,1.88
CMP0150,2024-07-18,380269,2167,0.0057,6962.73,18.31,260556,0.6852,215161,3.58
CMP0150,2024-07-19,463416,1436,0.0031,3322.69,7.17,309476,0.6678,320762,3.82
CMP0150,2024-07-20,469130,3002,0.0064,10860.36,23.15,321948,0.6863,308232,3.55
CMP0150,2024-07-21,444657,8715,0.0196,9213.29,20.72,395644,0.8898,282604,2.56
CMP0150,2024-07-22,339542,9133,0.0269,10277.94,30.27,198221,0.5838,247941,3.11
CMP0150,2024-07-23,436696,17205,0.0394,6266.59,14.35,328585,0.7524,279240,1.73
CMP0150,2024-07-24,435915,5143,0.0118,2619.85,6.01,261863,0.6007,267392,2.58
CMP0150,2024-07-25,447778,7119,0.0159,2861.3,6.39,349453,0.7804,319268,1.43
CMP0150,2024-07-26,419383,15349,0.0366,3493.46,8.33,278373,0.6638,329299,3.04
CMP0150,2024-07-27,554227,11638,0.021,9521.62,17.18,498945,0.9003,360737,2.91
CMP0150,2024-07-28,410640,11703,0.0285,6800.2,16.56,311908,0.7596,279565,1.83
CMP0150,2024-07-29,436888,1703,0.0039,8191.65,18.75,318505,0.729,249015,3.15
CMP0150,2024-07-30,390572,11365,0.0291,3683.09,9.43,309041,0.7913,280718,1.2
CMP0150,2024-07-31,471227,21252,0.0451,11347.15,24.08,427223,0.9066,322173,2.72
CMP0150,2024-08-01,406724,3741,0.0092,6165.94,15.16,350207,0.861,318868,4.3
CMP0150,2024-08-02,489517,3818,0.0078,14391.8,29.4,395708,0.8084,307021,1.49
CMP0150,2024-08-03,425848,13073,0.0307,11080.56,26.02,286025,0.6717,254271,4.34
CMP0150,2024-08-04,420529,16064,0.0382,11114.58,26.43,330395,0.7857,250392,1.52
CMP0150,2024-08-05,476397,2429,0.0051,4359.03,9.15,274225,0.5756,362319,3.73
CMP0150,2024-08-06,431652,18129,0.042,6833.05,15.83,396031,0.9175,298167,2.65
CMP0150,2024-08-07,501738,4816,0.0096,9272.12,18.48,407941,0.8131,276105,2.53
CMP0150,2024-08-08,449054,4984,0.0111,7315.09,16.29,298351,0.6644,321677,2.58
