user_id,date,group,session_length_min,filters_used,exported_report
USER039,2024-07-01,pre,7.7,2,0
USER009,2024-07-01,pre,5.7,1,1
USER032,2024-07-01,pre,5.9,0,0
USER001,2024-07-01,pre,6.6,0,0
USER034,2024-07-01,pre,3.4,5,0
USER007,2024-07-01,pre,4.1,2,0
USER011,2024-07-01,pre,6.1,1,1
USER004,2024-07-01,pre,5.3,3,0
USER030,2024-07-01,pre,7.1,1,1
USER035,2024-07-01,pre,7.7,3,0
USER003,2024-07-01,pre,6.2,2,1
USER049,2024-07-01,pre,5.8,3,0
USER046,2024-07-01,pre,5.8,1,0
USER002,2024-07-01,pre,6.9,0,0
USER014,2024-07-01,pre,5.2,0,0
USER058,2024-07-01,pre,4.8,2,0
USER051,2024-07-01,pre,1.4,5,0
USER006,2024-07-01,pre,6.2,2,0
USER057,2024-07-01,pre,4.9,1,0
USER008,2024-07-01,pre,3.7,2,0
USER042,2024-07-01,pre,1.3,2,0
USER018,2024-07-02,pre,3.5,4,1
USER058,2024-07-02,pre,3.8,5,0
USER039,2024-07-02,pre,6.0,3,0
USER004,2024-07-02,pre,6.8,5,0
USER060,2024-07-02,pre,8.6,5,0
USER015,2024-07-02,pre,5.1,5,1
USER051,2024-07-02,pre,4.4,0,0
USER038,2024-07-02,pre,8.1,1,0
USER019,2024-07-02,pre,0.5,4,1
USER048,2024-07-02,pre,7.5,4,0
USER043,2024-07-02,pre,0.8,1,0
USER046,2024-07-02,pre,9.3,4,0
USER026,2024-07-02,pre,6.8,3,0
USER049,2024-07-02,pre,9.2,2,0
USER005,2024-07-02,pre,1.9,1,0
USER028,2024-07-02,pre,7.5,1,0
USER042,2024-07-02,pre,2.3,2,0
USER010,2024-07-02,pre,2.6,2,0
USER009,2024-07-02,pre,5.6,5,0
USER011,2024-07-02,pre,4.9,0,0
USER030,2024-07-02,pre,2.2,2,0
USER029,2024-07-02,pre,3.8,2,0
USER044,2024-07-02,pre,5.6,2,0
USER045,2024-07-02,pre,8.5,2,0
USER043,2024-07-03,pre,2.1,3,0
USER038,2024-07-03,pre,4.5,0,0
USER029,2024-07-03,pre,6.3,2,0
USER018,2024-07-03,pre,2.7,3,0
USER023,2024-07-03,pre,6.5,3,0
USER013,2024-07-03,pre,6.3,0,0
USER039,2024-07-03,pre,7.1,3,0
USER005,2024-07-03,pre,7.8,0,0
USER035,2024-07-03,pre,5.8,4,1
USER003,2024-07-03,pre,4.3,1,0
USER012,2024-07-03,pre,4.0,3,1
USER015,2024-07-03,pre,1.4,4,0
USER052,2024-07-03,pre,5.6,0,0
USER019,2024-07-03,pre,2.4,2,0
USER036,2024-07-03,pre,3.6,2,0
USER058,2024-07-03,pre,2.7,7,0
USER027,2024-07-03,pre,1.5,1,0
USER006,2024-07-03,pre,6.4,2,0
USER041,2024-07-03,pre,6.6,2,0
USER020,2024-07-03,pre,2.5,3,0
USER042,2024-07-03,pre,4.2,1,0
USER037,2024-07-04,pre,5.6,4,0
USER002,2024-07-04,pre,4.0,1,1
USER001,2024-07-04,pre,3.7,1,0
USER011,2024-07-04,pre,6.6,0,0
USER019,2024-07-04,pre,2.0,2,0
USER038,2024-07-04,pre,5.8,2,0
USER057,2024-07-04,pre,5.2,1,1
USER042,2024-07-04,pre,6.1,1,0
USER032,2024-07-04,pre,3.9,2,0
USER035,2024-07-04,pre,2.6,5,0
USER022,2024-07-04,pre,4.9,1,0
USER054,2024-07-04,pre,5.0,2,0
USER013,2024-07-04,pre,6.7,1,0
USER056,2024-07-04,pre,6.0,3,0
USER026,2024-07-04,pre,7.5,1,0
USER043,2024-07-04,pre,5.0,1,0
USER006,2024-07-04,pre,4.5,1,0
USER021,2024-07-04,pre,6.3,4,0
USER005,2024-07-04,pre,4.8,5,0
USER049,2024-07-04,pre,0.8,3,1
USER008,2024-07-04,pre,7.4,0,0
USER028,2024-07-04,pre,5.8,2,1
USER052,2024-07-04,pre,0.5,1,0
USER046,2024-07-04,pre,3.9,2,0
USER058,2024-07-04,pre,9.5,2,0
USER034,2024-07-04,pre,6.0,4,0
USER027,2024-07-04,pre,3.5,1,1
USER003,2024-07-04,pre,4.7,1,1
USER044,2024-07-04,pre,0.5,3,0
USER036,2024-07-04,pre,3.0,2,0
USER048,2024-07-04,pre,9.0,3,0
USER029,2024-07-04,pre,4.9,2,1
USER014,2024-07-04,pre,4.4,4,0
USER041,2024-07-04,pre,5.3,1,0
USER017,2024-07-04,pre,6.8,1,0
USER020,2024-07-04,pre,3.5,5,0
USER015,2024-07-04,pre,0.5,3,0
USER058,2024-07-05,pre,6.9,1,0
USER015,2024-07-05,pre,5.8,4,0
USER056,2024-07-05,pre,6.9,10,1
USER005,2024-07-05,pre,4.1,2,1
USER023,2024-07-05,pre,3.0,5,0
USER043,2024-07-05,pre,4.0,3,0
USER013,2024-07-05,pre,6.7,2,1
USER002,2024-07-05,pre,4.8,4,0
USER031,2024-07-05,pre,2.8,3,0
USER053,2024-07-05,pre,5.6,5,0
USER030,2024-07-05,pre,2.8,2,1
USER039,2024-07-05,pre,6.9,4,0
USER007,2024-07-05,pre,3.8,2,0
USER040,2024-07-05,pre,5.6,3,0
USER003,2024-07-05,pre,5.9,3,0
USER019,2024-07-05,pre,1.2,4,0
USER034,2024-07-05,pre,5.8,3,1
USER032,2024-07-05,pre,4.1,3,1
USER044,2024-07-05,pre,5.8,2,0
USER028,2024-07-05,pre,6.7,1,0
USER051,2024-07-05,pre,5.5,1,0
USER057,2024-07-05,pre,5.0,3,0
USER060,2024-07-05,pre,4.2,3,0
USER004,2024-07-05,pre,10.3,1,0
USER033,2024-07-05,pre,5.1,0,0
USER059,2024-07-05,pre,3.9,2,0
USER016,2024-07-05,pre,4.6,1,1
USER018,2024-07-05,pre,4.2,3,0
USER021,2024-07-05,pre,3.3,1,1
USER046,2024-07-05,pre,4.6,1,0
USER006,2024-07-05,pre,2.7,1,0
USER020,2024-07-05,pre,3.8,2,0
USER017,2024-07-05,pre,4.1,2,0
USER049,2024-07-05,pre,5.8,2,0
USER029,2024-07-05,pre,4.0,3,0
USER055,2024-07-05,pre,6.6,1,1
USER024,2024-07-05,pre,2.8,1,0
USER029,2024-07-06,pre,3.2,1,1
USER014,2024-07-06,pre,1.4,4,0
USER059,2024-07-06,pre,7.2,0,0
USER025,2024-07-06,pre,5.6,4,1
USER005,2024-07-06,pre,7.5,2,0
USER018,2024-07-06,pre,7.4,1,0
USER012,2024-07-06,pre,5.0,7,0
USER017,2024-07-06,pre,6.4,1,0
USER031,2024-07-06,pre,5.6,3,0
USER055,2024-07-06,pre,6.4,3,1
USER006,2024-07-06,pre,8.1,2,0
USER023,2024-07-06,pre,5.1,4,0
USER050,2024-07-06,pre,8.3,2,0
USER028,2024-07-06,pre,4.9,4,0
USER015,2024-07-06,pre,5.6,3,0
USER010,2024-07-06,pre,1.4,2,0
USER040,2024-07-06,pre,2.4,1,0
USER021,2024-07-06,pre,8.5,3,0
USER047,2024-07-06,pre,5.4,3,0
USER027,2024-07-06,pre,6.4,1,0
USER056,2024-07-06,pre,7.5,4,1
USER051,2024-07-06,pre,4.3,1,0
USER033,2024-07-06,pre,7.2,2,0
USER011,2024-07-06,pre,8.4,4,0
USER053,2024-07-06,pre,3.0,3,0
USER016,2024-07-06,pre,1.4,3,0
USER041,2024-07-06,pre,5.0,1,0
USER020,2024-07-06,pre,4.8,3,1
USER022,2024-07-06,pre,5.3,2,0
USER003,2024-07-06,pre,8.4,2,0
USER046,2024-07-06,pre,3.2,3,0
USER036,2024-07-06,pre,5.3,2,1
USER048,2024-07-06,pre,4.2,5,0
USER049,2024-07-06,pre,5.5,4,0
USER030,2024-07-06,pre,4.5,0,0
USER032,2024-07-06,pre,6.4,1,0
USER054,2024-07-06,pre,7.2,2,1
USER035,2024-07-06,pre,3.9,2,1
USER034,2024-07-06,pre,4.2,0,0
USER007,2024-07-06,pre,6.9,3,1
USER002,2024-07-06,pre,5.8,4,0
USER013,2024-07-06,pre,3.4,1,0
USER050,2024-07-07,pre,3.7,3,1
USER028,2024-07-07,pre,8.7,0,1
USER022,2024-07-07,pre,7.6,5,0
USER012,2024-07-07,pre,1.8,3,0
USER037,2024-07-07,pre,5.5,5,0
USER015,2024-07-07,pre,4.6,2,0
USER043,2024-07-07,pre,5.6,1,0
USER025,2024-07-07,pre,0.5,3,0
USER031,2024-07-07,pre,1.4,1,0
USER024,2024-07-07,pre,4.2,3,0
USER053,2024-07-07,pre,3.1,4,1
USER057,2024-07-07,pre,5.9,3,0
USER030,2024-07-07,pre,4.7,3,0
USER051,2024-07-07,pre,6.3,2,0
USER017,2024-07-07,pre,2.8,4,1
USER058,2024-07-07,pre,2.2,1,0
USER044,2024-07-07,pre,3.9,4,0
USER046,2024-07-07,pre,5.8,3,0
USER001,2024-07-07,pre,5.4,4,0
USER055,2024-07-07,pre,1.4,2,0
USER020,2024-07-07,pre,5.9,0,1
USER038,2024-07-07,pre,0.8,4,0
USER033,2024-07-07,pre,7.1,5,0
USER056,2024-07-07,pre,6.3,3,0
USER016,2024-07-07,pre,2.0,0,0
USER029,2024-07-07,pre,4.0,3,0
USER047,2024-07-07,pre,9.1,3,1
USER023,2024-07-07,pre,6.2,3,0
USER045,2024-07-07,pre,4.0,0,0
USER008,2024-07-07,pre,2.6,3,0
USER013,2024-07-07,pre,6.3,2,0
USER032,2024-07-07,pre,1.3,0,0
USER010,2024-07-07,pre,3.6,2,0
USER021,2024-07-07,pre,4.1,2,0
USER006,2024-07-07,pre,6.5,3,0
USER015,2024-07-08,pre,4.0,1,0
USER002,2024-07-08,pre,3.6,0,0
USER009,2024-07-08,pre,1.9,3,0
USER053,2024-07-08,pre,9.0,0,0
USER038,2024-07-08,pre,4.0,0,0
USER040,2024-07-08,pre,2.5,4,0
USER045,2024-07-08,pre,4.0,1,0
USER043,2024-07-08,pre,4.1,1,0
USER030,2024-07-08,pre,5.4,3,1
USER046,2024-07-08,pre,6.6,0,0
USER016,2024-07-08,pre,5.6,1,0
USER036,2024-07-08,pre,2.5,1,0
USER021,2024-07-08,pre,1.1,3,0
USER020,2024-07-08,pre,2.8,1,0
USER018,2024-07-08,pre,7.4,4,1
USER012,2024-07-08,pre,4.6,4,1
USER051,2024-07-08,pre,5.2,2,0
USER004,2024-07-08,pre,6.1,0,0
USER010,2024-07-08,pre,9.1,2,1
USER055,2024-07-08,pre,7.3,2,0
USER017,2024-07-08,pre,1.2,1,0
USER035,2024-07-08,pre,10.2,2,0
USER001,2024-07-08,pre,6.3,0,0
USER022,2024-07-09,pre,3.7,3,1
USER057,2024-07-09,pre,3.3,2,0
USER027,2024-07-09,pre,7.3,1,0
USER008,2024-07-09,pre,5.5,1,0
USER054,2024-07-09,pre,5.5,1,0
USER026,2024-07-09,pre,5.5,3,0
USER011,2024-07-09,pre,10.0,2,0
USER005,2024-07-09,pre,4.8,3,0
USER048,2024-07-09,pre,5.7,3,0
USER032,2024-07-09,pre,10.3,2,0
USER014,2024-07-09,pre,5.7,5,1
USER025,2024-07-09,pre,3.5,5,1
USER031,2024-07-09,pre,5.7,5,0
USER006,2024-07-09,pre,3.7,2,0
USER016,2024-07-09,pre,1.6,1,0
USER034,2024-07-09,pre,3.1,1,0
USER051,2024-07-09,pre,8.5,4,0
USER047,2024-07-10,pre,4.8,0,0
USER028,2024-07-10,pre,7.6,2,0
USER031,2024-07-10,pre,8.1,4,0
USER057,2024-07-10,pre,4.6,4,0
USER026,2024-07-10,pre,4.4,2,0
USER012,2024-07-10,pre,8.1,2,1
USER048,2024-07-10,pre,3.0,2,0
USER005,2024-07-10,pre,4.3,7,1
USER033,2024-07-10,pre,10.0,3,0
USER009,2024-07-10,pre,4.2,2,0
USER055,2024-07-10,pre,5.0,2,1
USER020,2024-07-10,pre,4.7,2,0
USER030,2024-07-10,pre,7.5,2,0
USER037,2024-07-10,pre,3.0,0,1
USER041,2024-07-10,pre,2.8,1,0
USER046,2024-07-10,pre,9.2,1,0
USER050,2024-07-10,pre,5.1,1,0
USER051,2024-07-10,pre,4.5,3,1
USER017,2024-07-10,pre,3.4,2,0
USER032,2024-07-10,pre,4.3,1,0
USER056,2024-07-10,pre,4.2,4,0
USER036,2024-07-10,pre,7.6,4,1
USER059,2024-07-10,pre,6.1,3,1
USER029,2024-07-10,pre,1.1,3,0
USER003,2024-07-10,pre,2.3,5,0
USER054,2024-07-10,pre,3.3,2,1
USER007,2024-07-10,pre,7.0,1,1
USER040,2024-07-10,pre,5.6,2,1
USER060,2024-07-10,pre,6.1,2,1
USER039,2024-07-10,pre,6.5,2,0
USER021,2024-07-10,pre,3.6,1,1
USER043,2024-07-10,pre,2.8,0,1
USER042,2024-07-10,pre,9.3,0,0
USER022,2024-07-10,pre,2.2,4,1
USER019,2024-07-10,pre,4.8,4,0
USER030,2024-07-11,pre,4.6,3,0
USER031,2024-07-11,pre,6.9,2,0
USER042,2024-07-11,pre,10.1,3,0
USER028,2024-07-11,pre,8.4,2,1
USER043,2024-07-11,pre,4.3,2,0
USER039,2024-07-11,pre,6.1,1,1
USER013,2024-07-11,pre,6.9,3,1
USER053,2024-07-11,pre,2.3,2,0
USER008,2024-07-11,pre,8.3,4,0
USER014,2024-07-11,pre,2.6,4,0
USER007,2024-07-11,pre,4.4,3,0
USER026,2024-07-11,pre,0.5,5,0
USER020,2024-07-11,pre,3.2,4,0
USER021,2024-07-11,pre,8.5,4,0
USER016,2024-07-11,pre,3.2,2,0
USER036,2024-07-11,pre,3.8,2,0
USER054,2024-07-11,pre,3.0,2,0
USER044,2024-07-11,pre,7.8,2,0
USER049,2024-07-11,pre,1.8,1,0
USER019,2024-07-11,pre,5.7,0,0
USER011,2024-07-11,pre,10.7,4,0
USER023,2024-07-11,pre,6.4,2,0
USER047,2024-07-11,pre,3.8,3,0
USER001,2024-07-11,pre,4.5,3,0
USER015,2024-07-11,pre,4.1,2,0
USER024,2024-07-11,pre,5.5,1,0
USER046,2024-07-11,pre,3.1,2,1
USER034,2024-07-11,pre,3.5,3,1
USER018,2024-07-12,pre,2.8,1,0
USER052,2024-07-12,pre,9.5,0,0
USER014,2024-07-12,pre,4.1,4,0
USER022,2024-07-12,pre,7.1,6,1
USER020,2024-07-12,pre,2.1,0,0
USER024,2024-07-12,pre,9.4,1,1
USER025,2024-07-12,pre,0.5,3,1
USER059,2024-07-12,pre,5.4,2,0
USER013,2024-07-12,pre,5.0,1,1
USER051,2024-07-12,pre,4.3,2,0
USER026,2024-07-12,pre,4.2,3,0
USER031,2024-07-12,pre,5.3,2,0
USER040,2024-07-12,pre,5.8,1,0
USER033,2024-07-12,pre,3.9,3,0
USER047,2024-07-12,pre,4.5,3,0
USER044,2024-07-12,pre,5.6,1,0
USER015,2024-07-12,pre,6.7,2,0
USER028,2024-07-12,pre,2.6,0,1
USER046,2024-07-12,pre,7.0,2,0
USER043,2024-07-12,pre,4.7,3,0
USER016,2024-07-12,pre,3.2,2,0
USER027,2024-07-12,pre,5.5,2,1
USER056,2024-07-12,pre,9.1,3,1
USER038,2024-07-12,pre,8.9,3,1
USER037,2024-07-12,pre,5.0,2,1
USER042,2024-07-12,pre,5.1,1,0
USER008,2024-07-12,pre,3.7,2,0
USER002,2024-07-12,pre,5.4,3,0
USER050,2024-07-12,pre,3.1,2,1
USER030,2024-07-12,pre,3.6,1,0
USER007,2024-07-12,pre,3.7,1,0
USER054,2024-07-12,pre,7.9,4,0
USER005,2024-07-12,pre,6.4,1,0
USER032,2024-07-12,pre,10.0,2,1
USER058,2024-07-12,pre,3.6,2,0
USER045,2024-07-12,pre,3.2,1,0
USER049,2024-07-12,pre,6.5,2,0
USER019,2024-07-12,pre,3.5,3,0
USER041,2024-07-12,pre,2.9,1,0
USER021,2024-07-12,pre,6.4,2,0
USER001,2024-07-12,pre,3.5,1,0
USER053,2024-07-12,pre,9.5,1,0
USER036,2024-07-12,pre,5.3,1,1
USER049,2024-07-13,pre,5.8,2,1
USER004,2024-07-13,pre,7.1,2,0
USER047,2024-07-13,pre,7.2,1,1
USER041,2024-07-13,pre,7.9,2,0
USER025,2024-07-13,pre,2.6,3,0
USER033,2024-07-13,pre,7.3,0,0
USER003,2024-07-13,pre,6.6,3,0
USER016,2024-07-13,pre,9.1,2,0
USER054,2024-07-13,pre,3.5,3,0
USER020,2024-07-13,pre,3.2,3,1
USER058,2024-07-13,pre,4.3,1,1
USER002,2024-07-13,pre,9.4,2,0
USER001,2024-07-13,pre,5.2,4,0
USER021,2024-07-13,pre,6.1,0,0
USER044,2024-07-13,pre,4.5,4,0
USER045,2024-07-13,pre,4.1,1,0
USER018,2024-07-13,pre,6.2,2,0
USER027,2024-07-13,pre,6.1,1,0
USER034,2024-07-13,pre,5.4,3,0
USER060,2024-07-13,pre,1.2,1,0
USER006,2024-07-13,pre,4.3,2,1
USER013,2024-07-13,pre,5.8,4,0
USER008,2024-07-13,pre,5.2,2,1
USER046,2024-07-13,pre,2.5,1,0
USER014,2024-07-13,pre,3.6,2,0
USER053,2024-07-13,pre,5.4,2,0
USER043,2024-07-13,pre,3.2,2,1
USER048,2024-07-13,pre,3.6,2,0
USER023,2024-07-13,pre,1.3,3,0
USER035,2024-07-13,pre,4.4,1,0
USER009,2024-07-13,pre,1.3,3,0
USER007,2024-07-13,pre,4.1,3,0
USER026,2024-07-14,pre,0.5,2,0
USER002,2024-07-14,pre,4.0,3,0
USER058,2024-07-14,pre,1.6,3,0
USER037,2024-07-14,pre,6.1,5,0
USER059,2024-07-14,pre,7.1,2,1
USER005,2024-07-14,pre,2.2,2,0
USER027,2024-07-14,pre,5.9,0,0
USER053,2024-07-14,pre,1.5,2,0
USER034,2024-07-14,pre,7.3,0,0
USER001,2024-07-14,pre,4.7,3,0
USER007,2024-07-14,pre,5.7,4,0
USER049,2024-07-14,pre,4.8,2,0
USER006,2024-07-14,pre,2.2,0,0
USER022,2024-07-14,pre,7.3,1,0
USER043,2024-07-14,pre,3.4,4,0
USER014,2024-07-14,pre,3.4,2,0
USER054,2024-07-14,pre,5.8,1,1
USER056,2024-07-14,pre,5.2,1,0
USER040,2024-07-14,pre,3.0,2,0
USER025,2024-07-14,pre,4.0,0,0
USER019,2024-07-14,pre,4.1,4,0
USER045,2024-07-14,pre,3.9,2,0
USER020,2024-07-14,pre,3.4,4,0
USER024,2024-07-14,pre,5.3,1,0
USER013,2024-07-14,pre,2.9,3,0
USER018,2024-07-14,pre,5.1,3,0
USER032,2024-07-14,pre,3.6,1,0
USER039,2024-07-14,pre,4.8,0,0
USER009,2024-07-14,pre,5.9,2,0
USER046,2024-07-14,pre,6.5,2,0
USER051,2024-07-14,pre,6.4,1,1
USER028,2024-07-14,pre,7.0,2,0
USER042,2024-07-14,pre,0.6,0,0
USER033,2024-07-14,pre,3.2,5,0
USER031,2024-07-14,pre,6.5,1,0
USER004,2024-07-14,pre,6.7,1,0
USER012,2024-07-14,pre,8.2,4,0
USER050,2024-07-14,pre,2.7,3,1
USER011,2024-07-14,pre,10.5,4,0
USER023,2024-07-14,pre,6.8,2,0
USER013,2024-07-15,pre,6.0,0,0
USER037,2024-07-15,pre,7.1,4,0
USER007,2024-07-15,pre,4.2,4,0
USER041,2024-07-15,pre,4.5,4,0
USER001,2024-07-15,pre,7.7,1,0
USER016,2024-07-15,pre,8.2,3,1
USER033,2024-07-15,pre,7.2,1,1
USER042,2024-07-15,pre,5.3,3,0
USER050,2024-07-15,pre,4.9,5,0
USER038,2024-07-15,pre,5.3,1,0
USER005,2024-07-15,pre,7.8,5,0
USER045,2024-07-15,pre,6.4,1,1
USER026,2024-07-15,pre,4.0,1,0
USER048,2024-07-15,pre,5.9,2,0
USER032,2024-07-15,pre,6.1,3,0
USER029,2024-07-15,pre,6.6,3,0
USER044,2024-07-15,pre,3.5,0,0
USER002,2024-07-15,pre,0.5,3,1
USER040,2024-07-15,pre,7.0,3,0
USER024,2024-07-15,pre,2.8,1,0
USER010,2024-07-15,pre,3.6,1,1
USER052,2024-07-15,pre,5.6,3,0
USER054,2024-07-15,pre,2.0,3,0
USER022,2024-07-15,pre,3.3,2,0
USER051,2024-07-15,pre,5.9,0,0
USER025,2024-07-15,pre,4.7,3,1
USER036,2024-07-16,pre,2.9,2,1
USER051,2024-07-16,pre,6.8,0,1
USER060,2024-07-16,pre,6.7,1,1
USER027,2024-07-16,pre,2.2,3,1
USER037,2024-07-16,pre,3.0,4,0
USER042,2024-07-16,pre,5.6,1,0
USER045,2024-07-16,pre,3.5,1,1
USER020,2024-07-16,pre,2.1,2,0
USER034,2024-07-16,pre,4.1,3,1
USER023,2024-07-16,pre,5.2,1,0
USER014,2024-07-16,pre,5.3,1,0
USER054,2024-07-16,pre,3.8,1,0
USER004,2024-07-16,pre,5.3,1,0
USER030,2024-07-16,pre,6.6,3,1
USER017,2024-07-16,pre,4.0,4,0
USER052,2024-07-16,pre,5.8,5,0
USER047,2024-07-16,pre,1.8,2,1
USER058,2024-07-16,pre,5.0,3,1
USER005,2024-07-16,pre,3.8,7,0
USER013,2024-07-16,pre,6.2,2,0
USER046,2024-07-16,pre,6.6,3,1
USER002,2024-07-16,pre,1.0,3,0
USER038,2024-07-16,pre,7.4,2,0
USER059,2024-07-16,pre,5.1,1,0
USER008,2024-07-16,pre,2.3,3,0
USER018,2024-07-16,pre,7.0,3,0
USER037,2024-07-17,pre,2.1,2,1
USER025,2024-07-17,pre,7.0,2,0
USER010,2024-07-17,pre,9.2,3,1
USER021,2024-07-17,pre,1.4,1,0
USER054,2024-07-17,pre,2.3,1,0
USER024,2024-07-17,pre,8.4,6,0
USER028,2024-07-17,pre,5.7,1,0
USER006,2024-07-17,pre,5.5,3,0
USER018,2024-07-17,pre,10.7,4,1
USER052,2024-07-17,pre,4.6,2,1
USER007,2024-07-17,pre,6.1,4,0
USER058,2024-07-17,pre,7.0,2,0
USER043,2024-07-17,pre,2.2,2,0
USER046,2024-07-17,pre,10.0,5,0
USER045,2024-07-17,pre,5.6,3,1
USER060,2024-07-17,pre,3.0,0,0
USER035,2024-07-17,pre,3.0,3,0
USER029,2024-07-17,pre,6.5,4,1
USER004,2024-07-17,pre,6.8,1,1
USER005,2024-07-17,pre,6.1,3,0
USER042,2024-07-17,pre,8.9,1,0
USER013,2024-07-17,pre,6.6,3,0
USER009,2024-07-17,pre,8.7,0,1
USER008,2024-07-17,pre,5.6,4,0
USER022,2024-07-17,pre,7.0,2,0
USER049,2024-07-17,pre,5.6,4,0
USER017,2024-07-17,pre,4.1,4,0
USER050,2024-07-17,pre,6.5,1,0
USER032,2024-07-17,pre,7.9,0,0
USER026,2024-07-17,pre,5.4,3,0
USER014,2024-07-17,pre,3.6,1,1
USER040,2024-07-17,pre,6.5,2,0
USER048,2024-07-17,pre,6.3,3,0
USER056,2024-07-17,pre,5.9,3,0
USER044,2024-07-17,pre,3.6,2,1
USER034,2024-07-17,pre,2.8,4,0
USER047,2024-07-17,pre,3.9,0,1
USER020,2024-07-18,pre,4.9,2,1
USER019,2024-07-18,pre,3.4,2,0
USER026,2024-07-18,pre,3.4,3,0
USER011,2024-07-18,pre,7.6,3,0
USER012,2024-07-18,pre,3.2,4,1
USER052,2024-07-18,pre,6.6,1,0
USER033,2024-07-18,pre,8.4,3,0
USER002,2024-07-18,pre,5.5,1,0
USER048,2024-07-18,pre,6.4,0,1
USER032,2024-07-18,pre,2.2,1,0
USER017,2024-07-18,pre,6.8,2,0
USER043,2024-07-18,pre,5.9,0,1
USER039,2024-07-18,pre,7.2,1,0
USER042,2024-07-18,pre,3.8,1,0
USER004,2024-07-18,pre,4.5,5,0
USER021,2024-07-18,pre,0.5,1,0
USER013,2024-07-18,pre,1.6,1,1
USER054,2024-07-18,pre,7.8,5,1
USER037,2024-07-18,pre,4.1,2,0
USER001,2024-07-18,pre,3.5,5,0
USER022,2024-07-18,pre,2.1,6,0
USER024,2024-07-18,pre,5.2,3,0
USER030,2024-07-19,pre,7.8,1,0
USER058,2024-07-19,pre,1.8,1,0
USER056,2024-07-19,pre,3.2,1,1
USER037,2024-07-19,pre,7.0,1,1
USER033,2024-07-19,pre,6.4,1,0
USER048,2024-07-19,pre,4.8,1,0
USER054,2024-07-19,pre,6.1,2,0
USER055,2024-07-19,pre,7.2,7,0
USER006,2024-07-19,pre,5.2,3,1
USER024,2024-07-19,pre,6.8,1,0
USER022,2024-07-19,pre,1.0,1,1
USER050,2024-07-19,pre,5.0,5,0
USER052,2024-07-19,pre,3.5,3,0
USER036,2024-07-19,pre,4.6,3,1
USER020,2024-07-19,pre,2.9,0,0
USER038,2024-07-19,pre,4.5,2,0
USER023,2024-07-19,pre,5.3,1,0
USER051,2024-07-19,pre,7.2,1,0
USER011,2024-07-19,pre,7.7,1,0
USER040,2024-07-19,pre,8.2,3,0
USER028,2024-07-19,pre,3.6,3,0
USER017,2024-07-19,pre,3.0,1,0
USER016,2024-07-19,pre,1.1,1,0
USER021,2024-07-19,pre,5.9,0,1
USER009,2024-07-19,pre,6.3,3,0
USER047,2024-07-19,pre,4.9,2,1
USER007,2024-07-19,pre,4.4,1,1
USER031,2024-07-19,pre,4.8,0,1
USER013,2024-07-19,pre,1.2,2,0
USER005,2024-07-19,pre,2.8,1,0
USER018,2024-07-19,pre,9.7,2,1
USER010,2024-07-19,pre,2.1,2,1
USER059,2024-07-19,pre,5.1,2,1
USER035,2024-07-19,pre,2.0,0,0
USER025,2024-07-19,pre,5.7,1,0
USER039,2024-07-19,pre,7.0,3,1
USER045,2024-07-19,pre,3.0,2,0
USER057,2024-07-19,pre,6.7,1,0
USER033,2024-07-20,pre,3.7,3,0
USER044,2024-07-20,pre,7.2,0,0
USER056,2024-07-20,pre,2.8,3,0
USER059,2024-07-20,pre,5.5,2,1
USER002,2024-07-20,pre,6.0,4,0
USER055,2024-07-20,pre,2.5,3,1
USER024,2024-07-20,pre,3.0,0,0
USER022,2024-07-20,pre,9.0,1,0
USER043,2024-07-20,pre,2.0,2,0
USER040,2024-07-20,pre,3.5,2,0
USER009,2024-07-20,pre,4.2,3,0
USER048,2024-07-20,pre,6.2,1,0
USER050,2024-07-20,pre,6.3,0,0
USER031,2024-07-20,pre,0.5,3,1
USER047,2024-07-20,pre,2.2,4,0
USER058,2024-07-20,pre,3.5,2,0
USER052,2024-07-20,pre,2.6,3,0
USER049,2024-07-20,pre,4.0,1,0
USER028,2024-07-20,pre,7.4,3,0
USER004,2024-07-20,pre,8.8,3,0
USER020,2024-07-20,pre,5.5,3,0
USER037,2024-07-20,pre,4.0,2,0
USER030,2024-07-20,pre,4.9,0,0
USER026,2024-07-20,pre,3.9,4,0
USER046,2024-07-20,pre,1.8,2,0
USER034,2024-07-20,pre,3.3,6,1
USER029,2024-07-20,pre,7.8,3,1
USER012,2024-07-20,pre,3.0,2,1
USER023,2024-07-20,pre,0.5,0,0
USER013,2024-07-20,pre,2.0,2,0
USER052,2024-07-21,pre,6.4,3,0
USER001,2024-07-21,pre,5.1,3,1
USER047,2024-07-21,pre,3.8,3,1
USER019,2024-07-21,pre,4.6,1,0
USER010,2024-07-21,pre,7.8,3,0
USER009,2024-07-21,pre,2.3,1,0
USER045,2024-07-21,pre,2.3,0,0
USER024,2024-07-21,pre,4.4,2,1
USER037,2024-07-21,pre,5.5,1,1
USER058,2024-07-21,pre,6.3,2,1
USER015,2024-07-21,pre,9.1,4,0
USER016,2024-07-21,pre,3.2,0,0
USER042,2024-07-21,pre,9.2,1,0
USER046,2024-07-21,pre,1.7,2,1
USER055,2024-07-21,pre,5.9,2,0
USER014,2024-07-21,pre,6.7,1,1
USER036,2024-07-21,pre,4.9,1,0
USER006,2024-07-21,pre,4.4,1,1
USER020,2024-07-21,pre,8.1,4,0
USER050,2024-07-21,pre,5.0,2,0
USER054,2024-07-21,pre,6.1,4,0
USER008,2024-07-21,pre,5.9,1,0
USER027,2024-07-21,pre,1.5,2,0
USER005,2024-07-21,pre,3.7,2,0
USER028,2024-07-21,pre,4.9,4,0
USER026,2024-07-21,pre,8.8,1,1
USER031,2024-07-21,pre,8.5,3,1
USER048,2024-07-21,pre,6.1,4,0
USER033,2024-07-21,pre,6.0,4,0
USER030,2024-07-21,pre,5.0,2,0
USER029,2024-07-21,pre,6.5,3,0
USER040,2024-07-21,pre,6.7,3,0
USER057,2024-07-21,pre,2.5,1,1
USER049,2024-07-21,pre,3.8,3,0
USER002,2024-07-21,pre,5.0,4,0
USER038,2024-07-21,pre,6.0,5,1
USER004,2024-07-21,pre,2.0,1,0
USER053,2024-07-21,pre,2.1,4,0
USER032,2024-07-21,pre,5.8,1,0
USER017,2024-07-21,pre,5.4,4,0
USER044,2024-07-21,pre,2.8,2,0
USER004,2024-07-22,pre,2.7,4,0
USER010,2024-07-22,pre,3.8,1,0
USER047,2024-07-22,pre,6.0,1,0
USER032,2024-07-22,pre,9.0,4,1
USER053,2024-07-22,pre,2.1,2,0
USER017,2024-07-22,pre,5.9,2,0
USER050,2024-07-22,pre,1.4,1,0
USER033,2024-07-22,pre,9.1,3,0
USER039,2024-07-22,pre,8.9,7,1
USER055,2024-07-22,pre,4.0,3,0
USER011,2024-07-22,pre,3.4,2,1
USER018,2024-07-22,pre,6.6,3,1
USER020,2024-07-22,pre,5.1,1,1
USER015,2024-07-22,pre,5.8,2,0
USER029,2024-07-22,pre,6.2,4,0
USER052,2024-07-22,pre,6.2,4,0
USER029,2024-07-23,pre,5.2,2,0
USER030,2024-07-23,pre,5.2,2,0
USER019,2024-07-23,pre,2.0,2,0
USER038,2024-07-23,pre,3.4,6,0
USER027,2024-07-23,pre,5.4,3,0
USER060,2024-07-23,pre,6.4,3,0
USER034,2024-07-23,pre,4.4,6,0
USER048,2024-07-23,pre,3.7,4,1
USER058,2024-07-23,pre,6.0,1,0
USER024,2024-07-23,pre,2.3,1,0
USER045,2024-07-23,pre,5.3,0,0
USER009,2024-07-23,pre,5.6,1,0
USER059,2024-07-23,pre,5.7,0,0
USER016,2024-07-23,pre,5.4,2,1
USER050,2024-07-23,pre,5.1,2,1
USER047,2024-07-23,pre,9.6,5,0
USER042,2024-07-23,pre,4.2,2,0
USER041,2024-07-23,pre,3.9,1,1
USER043,2024-07-23,pre,6.4,5,1
USER007,2024-07-23,pre,4.9,6,0
USER054,2024-07-23,pre,6.6,1,1
USER040,2024-07-23,pre,4.7,3,0
USER044,2024-07-23,pre,3.6,2,0
USER021,2024-07-23,pre,5.9,1,0
USER056,2024-07-23,pre,5.3,0,0
USER032,2024-07-23,pre,7.4,4,0
USER037,2024-07-23,pre,1.8,5,0
USER052,2024-07-23,pre,7.7,2,0
USER008,2024-07-23,pre,7.0,1,0
USER036,2024-07-23,pre,5.5,1,0
USER057,2024-07-23,pre,5.5,1,0
USER026,2024-07-23,pre,6.1,3,0
USER011,2024-07-23,pre,4.3,2,0
USER049,2024-07-23,pre,5.9,1,0
USER039,2024-07-23,pre,6.8,0,0
USER025,2024-07-23,pre,5.9,2,0
USER055,2024-07-23,pre,0.5,2,0
USER012,2024-07-23,pre,1.5,1,1
USER028,2024-07-23,pre,2.0,4,0
USER015,2024-07-23,pre,1.3,0,0
USER020,2024-07-23,pre,5.2,2,1
USER048,2024-07-24,pre,4.6,2,0
USER018,2024-07-24,pre,4.2,1,0
USER014,2024-07-24,pre,4.7,0,0
USER029,2024-07-24,pre,4.0,2,1
USER020,2024-07-24,pre,4.4,3,0
USER010,2024-07-24,pre,4.1,2,1
USER033,2024-07-24,pre,3.5,5,1
USER060,2024-07-24,pre,6.0,1,0
USER009,2024-07-24,pre,5.6,1,0
USER051,2024-07-24,pre,5.0,1,0
USER055,2024-07-24,pre,3.8,4,0
USER002,2024-07-24,pre,7.5,2,0
USER012,2024-07-24,pre,7.0,3,1
USER052,2024-07-24,pre,5.6,2,0
USER004,2024-07-24,pre,2.3,1,0
USER059,2024-07-24,pre,3.5,2,0
USER005,2024-07-24,pre,2.2,1,0
USER001,2024-07-24,pre,7.9,2,0
USER027,2024-07-24,pre,7.4,3,0
USER019,2024-07-24,pre,3.7,6,1
USER037,2024-07-24,pre,4.2,5,0
USER026,2024-07-24,pre,2.4,1,0
USER003,2024-07-24,pre,5.0,0,0
USER030,2024-07-24,pre,6.7,2,0
USER011,2024-07-24,pre,7.1,0,0
USER025,2024-07-24,pre,7.5,3,0
USER022,2024-07-24,pre,9.5,0,0
USER036,2024-07-24,pre,7.3,2,0
USER046,2024-07-24,pre,4.3,3,0
USER031,2024-07-24,pre,2.0,1,1
USER042,2024-07-24,pre,2.6,2,0
USER057,2024-07-24,pre,6.8,2,1
USER034,2024-07-24,pre,8.6,0,1
USER032,2024-07-24,pre,8.1,2,0
USER024,2024-07-24,pre,3.9,1,1
USER047,2024-07-24,pre,6.1,2,0
USER017,2024-07-24,pre,1.8,3,0
USER015,2024-07-24,pre,3.8,4,0
USER058,2024-07-24,pre,3.8,5,1
USER049,2024-07-24,pre,1.2,1,1
USER056,2024-07-24,pre,5.4,3,0
USER028,2024-07-24,pre,5.0,2,1
USER023,2024-07-24,pre,3.0,1,0
USER054,2024-07-25,pre,3.9,5,0
USER024,2024-07-25,pre,3.3,2,0
USER008,2024-07-25,pre,4.9,2,0
USER045,2024-07-25,pre,6.9,4,0
USER060,2024-07-25,pre,5.4,2,0
USER030,2024-07-25,pre,8.0,1,0
USER021,2024-07-25,pre,5.9,1,1
USER058,2024-07-25,pre,4.2,2,0
USER039,2024-07-25,pre,3.6,1,1
USER025,2024-07-25,pre,4.8,2,0
USER031,2024-07-25,pre,7.8,3,1
USER038,2024-07-25,pre,4.3,1,0
USER012,2024-07-25,pre,8.5,3,0
USER037,2024-07-25,pre,6.8,5,0
USER027,2024-07-25,pre,7.5,3,1
USER002,2024-07-25,pre,3.3,0,0
USER022,2024-07-25,pre,6.8,2,0
USER034,2024-07-25,pre,3.9,1,0
USER056,2024-07-26,pre,5.6,1,0
USER022,2024-07-26,pre,2.2,1,1
USER033,2024-07-26,pre,2.5,5,1
USER037,2024-07-26,pre,4.7,5,0
USER013,2024-07-26,pre,5.9,4,0
USER047,2024-07-26,pre,7.4,0,1
USER026,2024-07-26,pre,3.3,1,0
USER032,2024-07-26,pre,2.8,4,0
USER019,2024-07-26,pre,3.2,1,1
USER011,2024-07-26,pre,4.6,2,0
USER035,2024-07-26,pre,5.1,6,0
USER055,2024-07-26,pre,5.1,2,1
USER054,2024-07-26,pre,6.7,2,0
USER003,2024-07-26,pre,3.1,2,0
USER006,2024-07-26,pre,4.9,2,0
USER053,2024-07-26,pre,7.8,2,0
USER048,2024-07-26,pre,3.7,6,0
USER042,2024-07-26,pre,5.5,4,0
USER031,2024-07-26,pre,5.4,2,0
USER034,2024-07-26,pre,7.3,2,0
USER029,2024-07-26,pre,6.2,1,1
USER014,2024-07-26,pre,3.2,3,0
USER058,2024-07-26,pre,3.3,3,1
USER041,2024-07-26,pre,5.8,3,1
USER004,2024-07-26,pre,9.0,2,0
USER008,2024-07-26,pre,7.0,5,0
USER007,2024-07-26,pre,4.3,2,0
USER005,2024-07-26,pre,6.6,4,1
USER039,2024-07-26,pre,9.2,2,0
USER002,2024-07-26,pre,3.3,1,1
USER021,2024-07-26,pre,9.3,1,0
USER012,2024-07-26,pre,5.1,1,0
USER046,2024-07-26,pre,7.5,1,1
USER059,2024-07-26,pre,5.7,2,0
USER043,2024-07-27,pre,5.0,0,0
USER025,2024-07-27,pre,5.3,3,0
USER005,2024-07-27,pre,4.2,4,0
USER048,2024-07-27,pre,2.6,6,0
USER059,2024-07-27,pre,4.3,2,1
USER040,2024-07-27,pre,7.4,3,0
USER054,2024-07-27,pre,3.6,3,0
USER057,2024-07-27,pre,4.2,2,0
USER049,2024-07-27,pre,5.3,5,0
USER003,2024-07-27,pre,6.1,2,1
USER020,2024-07-27,pre,4.5,2,0
USER031,2024-07-27,pre,4.3,2,0
USER060,2024-07-27,pre,1.6,3,1
USER056,2024-07-27,pre,5.4,3,0
USER058,2024-07-27,pre,7.2,3,0
USER004,2024-07-27,pre,7.6,4,0
USER010,2024-07-27,pre,6.6,3,0
USER055,2024-07-27,pre,3.3,3,0
USER028,2024-07-27,pre,4.5,4,0
USER024,2024-07-27,pre,3.1,2,0
USER017,2024-07-27,pre,6.6,1,0
USER019,2024-07-27,pre,2.1,2,1
USER006,2024-07-27,pre,3.0,7,0
USER051,2024-07-27,pre,9.0,3,0
USER056,2024-07-28,pre,7.7,1,0
USER006,2024-07-28,pre,6.2,2,0
USER059,2024-07-28,pre,2.0,2,0
USER038,2024-07-28,pre,5.9,4,1
USER057,2024-07-28,pre,3.1,1,0
USER003,2024-07-28,pre,5.8,3,1
USER026,2024-07-28,pre,7.8,1,0
USER021,2024-07-28,pre,6.6,0,0
USER049,2024-07-28,pre,3.6,3,0
USER054,2024-07-28,pre,2.7,3,1
USER047,2024-07-28,pre,3.6,3,0
USER016,2024-07-28,pre,5.0,2,1
USER012,2024-07-28,pre,5.9,3,0
USER048,2024-07-28,pre,5.1,3,0
USER044,2024-07-28,pre,2.5,3,1
USER051,2024-07-28,pre,3.3,4,0
USER032,2024-07-28,pre,4.2,2,0
USER039,2024-07-28,pre,5.7,4,0
USER005,2024-07-28,pre,5.7,1,0
USER008,2024-07-28,pre,4.3,4,1
USER042,2024-07-28,pre,8.5,3,0
USER046,2024-07-28,pre,3.9,0,0
USER033,2024-07-28,pre,6.0,3,1
USER022,2024-07-28,pre,1.9,0,0
USER041,2024-07-28,pre,4.5,2,0
USER050,2024-07-28,pre,9.1,3,0
USER034,2024-07-29,pre,4.4,2,0
USER058,2024-07-29,pre,6.0,3,1
USER053,2024-07-29,pre,8.3,1,1
USER060,2024-07-29,pre,2.4,5,0
USER056,2024-07-29,pre,6.4,2,0
USER016,2024-07-29,pre,5.0,3,0
USER028,2024-07-29,pre,6.6,3,0
USER054,2024-07-29,pre,1.3,1,0
USER001,2024-07-29,pre,1.3,4,0
USER032,2024-07-29,pre,8.4,3,1
USER038,2024-07-29,pre,6.4,2,0
USER036,2024-07-29,pre,3.6,9,1
USER014,2024-07-29,pre,8.7,1,1
USER055,2024-07-29,pre,6.1,3,1
USER043,2024-07-29,pre,6.2,0,0
USER019,2024-07-29,pre,7.0,2,0
USER004,2024-07-29,pre,5.0,4,1
USER033,2024-07-29,pre,4.6,4,1
USER013,2024-07-29,pre,6.1,1,1
USER042,2024-07-29,pre,5.9,2,0
USER031,2024-07-29,pre,2.3,3,0
USER046,2024-07-29,pre,4.8,2,0
USER048,2024-07-29,pre,7.4,4,0
USER026,2024-07-29,pre,4.6,1,0
USER008,2024-07-29,pre,4.1,3,0
USER023,2024-07-29,pre,4.3,0,0
USER012,2024-07-29,pre,1.9,0,0
USER025,2024-07-29,pre,5.4,2,0
USER027,2024-07-29,pre,3.3,1,0
USER017,2024-07-29,pre,6.5,2,0
USER041,2024-07-29,pre,3.0,4,0
USER030,2024-07-29,pre,3.9,1,0
USER021,2024-07-29,pre,3.5,1,1
USER040,2024-07-29,pre,2.1,4,0
USER052,2024-07-29,pre,3.7,1,0
USER018,2024-07-29,pre,4.9,4,1
USER037,2024-07-29,pre,6.2,2,0
USER047,2024-07-29,pre,5.3,3,0
USER045,2024-07-29,pre,2.4,0,0
USER057,2024-07-29,pre,7.3,5,0
USER050,2024-07-29,pre,6.0,4,0
USER033,2024-07-30,pre,2.4,3,1
USER014,2024-07-30,pre,6.3,3,0
USER010,2024-07-30,pre,8.3,3,0
USER049,2024-07-30,pre,4.2,0,0
USER020,2024-07-30,pre,1.8,0,0
USER002,2024-07-30,pre,5.7,5,0
USER044,2024-07-30,pre,6.5,2,1
USER031,2024-07-30,pre,1.8,3,1
USER012,2024-07-30,pre,4.1,5,0
USER060,2024-07-30,pre,0.5,0,0
USER006,2024-07-30,pre,2.0,2,0
USER040,2024-07-30,pre,3.8,2,0
USER023,2024-07-30,pre,9.9,2,0
USER057,2024-07-30,pre,0.7,1,0
USER051,2024-07-30,pre,3.6,0,0
USER007,2024-07-30,pre,6.3,2,1
USER041,2024-07-30,pre,5.1,0,0
USER043,2024-07-30,pre,8.0,3,0
USER027,2024-07-30,pre,8.6,1,0
USER005,2024-07-30,pre,4.3,1,0
USER046,2024-07-30,pre,4.7,1,1
USER055,2024-07-30,pre,6.3,4,0
USER038,2024-07-30,pre,6.2,3,0
USER047,2024-07-30,pre,3.4,2,0
USER039,2024-07-30,pre,0.5,3,0
USER035,2024-07-30,pre,4.7,3,0
USER004,2024-07-30,pre,4.1,3,0
USER017,2024-07-30,pre,7.1,1,0
USER036,2024-07-30,pre,4.1,3,1
USER056,2024-07-30,pre,5.7,2,0
USER045,2024-07-30,pre,9.6,2,0
USER008,2024-07-30,pre,0.5,1,0
USER013,2024-07-30,pre,2.5,1,0
USER024,2024-07-30,pre,7.6,3,0
USER050,2024-07-30,pre,1.6,3,0
USER015,2024-07-30,pre,6.4,3,0
USER054,2024-07-30,pre,5.3,5,0
USER009,2024-07-30,pre,3.1,4,0
USER058,2024-07-30,pre,5.6,5,0
USER011,2024-07-30,pre,5.6,1,0
USER042,2024-07-30,pre,7.5,2,0
USER026,2024-07-30,pre,8.6,2,1
USER016,2024-07-30,pre,5.1,6,0
USER052,2024-07-30,pre,5.2,3,0
USER048,2024-07-30,pre,4.7,0,0
USER031,2024-07-31,pre,0.5,2,1
USER005,2024-07-31,pre,3.8,4,1
USER044,2024-07-31,pre,6.9,0,1
USER006,2024-07-31,pre,0.5,2,0
USER033,2024-07-31,pre,5.1,1,0
USER057,2024-07-31,pre,8.0,4,0
USER014,2024-07-31,pre,7.6,1,0
USER009,2024-07-31,pre,3.6,1,0
USER043,2024-07-31,pre,2.4,2,1
USER001,2024-07-31,pre,6.1,3,0
USER030,2024-07-31,pre,3.2,4,0
USER010,2024-07-31,pre,3.8,1,1
USER013,2024-07-31,pre,4.3,2,0
USER037,2024-07-31,pre,6.8,3,0
USER008,2024-07-31,pre,6.6,0,0
USER038,2024-07-31,pre,6.0,1,1
USER055,2024-07-31,pre,8.4,3,0
USER035,2024-07-31,pre,7.6,1,0
USER017,2024-07-31,pre,1.8,2,1
USER026,2024-07-31,pre,8.0,3,1
USER022,2024-07-31,pre,1.9,5,0
USER024,2024-07-31,pre,2.8,2,0
USER004,2024-07-31,pre,9.3,3,0
USER027,2024-07-31,pre,5.2,2,0
USER054,2024-07-31,pre,5.5,0,1
USER028,2024-07-31,pre,10.8,1,1
USER056,2024-07-31,pre,8.0,2,0
USER040,2024-07-31,pre,2.7,3,0
USER059,2024-07-31,pre,6.7,3,1
USER048,2024-07-31,pre,4.2,2,0
USER015,2024-07-31,pre,7.5,1,0
USER029,2024-07-31,pre,2.1,5,0
USER039,2024-07-31,pre,5.5,1,0
USER036,2024-07-31,pre,6.3,3,1
USER021,2024-07-31,pre,3.7,3,0
USER012,2024-07-31,pre,4.3,3,0
USER025,2024-07-31,pre,6.0,4,0
USER020,2024-07-31,pre,10.0,3,0
USER023,2024-07-31,pre,1.7,1,1
USER019,2024-07-31,pre,3.4,4,0
USER003,2024-07-31,pre,7.4,4,0
USER060,2024-07-31,pre,4.8,5,1
USER047,2024-07-31,pre,7.0,3,0
USER050,2024-07-31,pre,7.0,2,1
USER041,2024-07-31,pre,5.8,3,1
USER024,2024-08-01,pre,4.7,2,0
USER035,2024-08-01,pre,5.2,0,0
USER016,2024-08-01,pre,7.4,3,0
USER047,2024-08-01,pre,9.6,2,0
USER036,2024-08-01,pre,5.4,4,0
USER021,2024-08-01,pre,0.5,0,1
USER001,2024-08-01,pre,5.0,3,0
USER033,2024-08-01,pre,2.2,1,0
USER048,2024-08-01,pre,8.2,4,0
USER014,2024-08-01,pre,3.9,1,0
USER058,2024-08-01,pre,7.7,4,1
USER011,2024-08-01,pre,5.9,5,0
USER031,2024-08-01,pre,4.0,1,0
USER007,2024-08-01,pre,6.6,2,0
USER002,2024-08-01,pre,3.4,0,0
USER020,2024-08-01,pre,5.9,2,0
USER055,2024-08-01,pre,3.3,1,0
USER051,2024-08-01,pre,2.4,3,0
USER044,2024-08-01,pre,2.1,4,0
USER006,2024-08-01,pre,2.7,2,1
USER043,2024-08-01,pre,2.8,0,0
USER042,2024-08-01,pre,2.3,3,0
USER028,2024-08-01,pre,7.9,1,0
USER013,2024-08-01,pre,7.2,1,0
USER019,2024-08-01,pre,6.2,2,0
USER015,2024-08-01,pre,3.0,2,0
USER005,2024-08-01,pre,7.8,4,0
USER029,2024-08-01,pre,7.5,1,0
USER034,2024-08-01,pre,0.9,2,0
USER045,2024-08-01,pre,6.2,5,0
USER022,2024-08-01,pre,3.4,3,1
USER039,2024-08-01,pre,6.7,2,0
USER003,2024-08-01,pre,7.5,2,0
USER037,2024-08-01,pre,5.4,1,0
USER008,2024-08-01,pre,4.6,1,0
USER057,2024-08-01,pre,3.3,4,1
USER012,2024-08-01,pre,3.7,5,0
USER009,2024-08-01,pre,1.0,4,0
USER059,2024-08-01,pre,4.5,2,0
USER053,2024-08-01,pre,2.7,1,1
USER038,2024-08-01,pre,3.0,3,0
USER060,2024-08-01,pre,5.6,2,0
USER023,2024-08-01,pre,6.9,2,0
USER025,2024-08-01,pre,5.0,0,0
USER030,2024-08-02,pre,3.0,1,0
USER045,2024-08-02,pre,6.4,1,0
USER019,2024-08-02,pre,7.1,5,0
USER055,2024-08-02,pre,7.4,2,0
USER025,2024-08-02,pre,5.3,2,1
USER006,2024-08-02,pre,7.0,3,1
USER028,2024-08-02,pre,5.3,2,0
USER007,2024-08-02,pre,1.3,0,0
USER054,2024-08-02,pre,7.4,0,0
USER001,2024-08-02,pre,5.1,3,0
USER021,2024-08-02,pre,4.2,6,0
USER018,2024-08-02,pre,5.8,1,0
USER016,2024-08-02,pre,4.4,0,0
USER015,2024-08-02,pre,8.0,2,1
USER029,2024-08-02,pre,7.9,1,0
USER044,2024-08-02,pre,5.1,2,0
USER002,2024-08-02,pre,4.1,3,1
USER031,2024-08-02,pre,6.4,2,1
USER048,2024-08-02,pre,5.7,2,1
USER056,2024-08-02,pre,9.4,3,0
USER043,2024-08-02,pre,5.0,0,0
USER057,2024-08-02,pre,2.3,0,1
USER009,2024-08-02,pre,1.8,0,0
USER032,2024-08-02,pre,5.1,2,1
USER017,2024-08-02,pre,5.6,3,0
USER040,2024-08-02,pre,2.8,3,0
USER051,2024-08-02,pre,3.2,2,0
USER027,2024-08-02,pre,7.5,3,0
USER048,2024-08-03,pre,5.7,5,0
USER045,2024-08-03,pre,4.7,3,0
USER036,2024-08-03,pre,4.1,2,0
USER025,2024-08-03,pre,6.1,6,0
USER059,2024-08-03,pre,5.2,2,0
USER017,2024-08-03,pre,2.6,2,0
USER032,2024-08-03,pre,4.9,1,0
USER055,2024-08-03,pre,8.1,1,0
USER001,2024-08-03,pre,4.8,0,1
USER050,2024-08-03,pre,6.0,3,0
USER008,2024-08-03,pre,4.3,3,0
USER039,2024-08-03,pre,7.1,1,0
USER010,2024-08-03,pre,4.9,3,0
USER041,2024-08-03,pre,5.3,1,0
USER024,2024-08-03,pre,7.4,3,1
USER023,2024-08-03,pre,6.2,2,0
USER016,2024-08-03,pre,5.2,3,0
USER051,2024-08-03,pre,4.0,3,0
USER029,2024-08-03,pre,0.8,4,0
USER022,2024-08-03,pre,6.4,0,1
USER021,2024-08-03,pre,2.5,2,0
USER052,2024-08-03,pre,8.6,2,1
USER053,2024-08-03,pre,4.1,4,0
USER026,2024-08-03,pre,3.7,3,1
USER007,2024-08-03,pre,5.0,4,0
USER021,2024-08-04,pre,6.4,2,0
USER011,2024-08-04,pre,7.4,8,1
USER033,2024-08-04,pre,5.6,2,0
USER049,2024-08-04,pre,3.8,4,0
USER034,2024-08-04,pre,4.5,2,0
USER012,2024-08-04,pre,2.5,0,0
USER013,2024-08-04,pre,8.1,1,0
USER008,2024-08-04,pre,5.0,1,0
USER014,2024-08-04,pre,4.0,3,1
USER010,2024-08-04,pre,6.5,1,0
USER040,2024-08-04,pre,5.6,2,1
USER050,2024-08-04,pre,4.3,3,0
USER028,2024-08-04,pre,5.8,2,0
USER032,2024-08-04,pre,4.4,4,0
USER058,2024-08-04,pre,2.2,4,0
USER052,2024-08-04,pre,3.3,1,0
USER020,2024-08-04,pre,4.4,5,0
USER054,2024-08-04,pre,5.1,0,0
USER023,2024-08-04,pre,7.6,4,0
USER035,2024-08-04,pre,2.9,2,1
USER024,2024-08-04,pre,6.4,0,0
USER038,2024-08-04,pre,2.0,3,0
USER007,2024-08-04,pre,4.1,2,1
USER030,2024-08-04,pre,5.0,2,0
USER037,2024-08-04,pre,3.0,2,0
USER027,2024-08-04,pre,4.8,2,0
USER016,2024-08-04,pre,4.9,2,0
USER046,2024-08-04,pre,6.7,0,1
USER057,2024-08-04,pre,4.4,2,0
USER017,2024-08-04,pre,1.3,0,0
USER036,2024-08-04,pre,3.6,1,0
USER043,2024-08-04,pre,4.6,3,1
USER042,2024-08-04,pre,5.6,2,0
USER026,2024-08-04,pre,9.1,6,0
USER022,2024-08-04,pre,9.0,2,1
USER021,2024-08-05,pre,6.9,2,0
USER045,2024-08-05,pre,5.0,3,0
USER041,2024-08-05,pre,3.2,1,0
USER018,2024-08-05,pre,1.7,2,1
USER008,2024-08-05,pre,6.9,5,0
USER029,2024-08-05,pre,4.3,1,0
USER038,2024-08-05,pre,7.3,2,0
USER014,2024-08-05,pre,7.1,3,0
USER059,2024-08-05,pre,6.3,2,0
USER050,2024-08-05,pre,2.8,2,0
USER040,2024-08-05,pre,5.4,0,0
USER020,2024-08-05,pre,6.1,3,0
USER015,2024-08-05,pre,3.2,3,0
USER006,2024-08-05,pre,3.9,1,0
USER049,2024-08-05,pre,0.5,2,0
USER037,2024-08-05,pre,3.8,3,1
USER056,2024-08-05,pre,1.3,1,0
USER017,2024-08-05,pre,6.6,2,0
USER011,2024-08-05,pre,5.8,1,0
USER005,2024-08-05,pre,5.3,2,0
USER023,2024-08-05,pre,7.1,3,0
USER043,2024-08-05,pre,6.7,2,0
USER046,2024-08-05,pre,8.0,5,0
USER003,2024-08-05,pre,7.9,3,0
USER026,2024-08-05,pre,2.8,2,0
USER037,2024-08-06,pre,5.2,4,0
USER052,2024-08-06,pre,6.8,2,1
USER039,2024-08-06,pre,4.8,0,1
USER032,2024-08-06,pre,0.8,2,1
USER021,2024-08-06,pre,3.9,1,1
USER005,2024-08-06,pre,4.9,3,1
USER043,2024-08-06,pre,8.2,2,1
USER042,2024-08-06,pre,5.2,0,0
USER001,2024-08-06,pre,4.1,3,0
USER038,2024-08-06,pre,2.7,1,0
USER002,2024-08-06,pre,1.9,5,1
USER026,2024-08-06,pre,4.3,3,1
USER046,2024-08-06,pre,4.0,2,0
USER053,2024-08-06,pre,5.0,2,1
USER023,2024-08-06,pre,6.6,2,0
USER007,2024-08-06,pre,2.2,1,1
USER040,2024-08-06,pre,4.6,0,0
USER019,2024-08-06,pre,2.6,1,0
USER050,2024-08-06,pre,4.4,4,0
USER057,2024-08-06,pre,5.6,1,0
USER011,2024-08-06,pre,4.2,6,0
USER015,2024-08-06,pre,1.6,1,1
USER018,2024-08-06,pre,6.6,3,0
USER027,2024-08-06,pre,4.7,3,0
USER045,2024-08-06,pre,2.8,2,1
USER024,2024-08-06,pre,5.4,4,0
USER003,2024-08-06,pre,5.5,4,1
USER051,2024-08-06,pre,5.3,1,0
USER008,2024-08-06,pre,3.0,1,0
USER059,2024-08-07,pre,7.4,6,0
USER032,2024-08-07,pre,5.8,4,0
USER023,2024-08-07,pre,1.9,4,0
USER031,2024-08-07,pre,7.8,1,0
USER045,2024-08-07,pre,7.7,3,0
USER050,2024-08-07,pre,0.6,1,1
USER019,2024-08-07,pre,8.4,4,0
USER021,2024-08-07,pre,6.9,1,0
USER025,2024-08-07,pre,6.0,3,0
USER035,2024-08-07,pre,4.9,2,0
USER054,2024-08-07,pre,6.5,4,1
USER055,2024-08-07,pre,7.5,4,0
USER009,2024-08-07,pre,4.2,1,0
USER052,2024-08-07,pre,1.6,2,0
USER015,2024-08-07,pre,4.7,2,0
USER013,2024-08-07,pre,2.0,2,1
USER014,2024-08-07,pre,8.0,1,0
USER016,2024-08-07,pre,2.4,3,0
USER041,2024-08-07,pre,7.0,0,0
USER036,2024-08-07,pre,4.6,5,1
USER051,2024-08-07,pre,7.6,7,0
USER020,2024-08-07,pre,1.5,1,1
USER027,2024-08-07,pre,5.0,1,0
USER022,2024-08-07,pre,2.8,2,0
USER005,2024-08-07,pre,2.2,0,0
USER003,2024-08-07,pre,3.0,2,1
USER044,2024-08-07,pre,4.9,3,0
USER049,2024-08-07,pre,1.7,2,1
USER056,2024-08-07,pre,4.3,1,0
USER026,2024-08-07,pre,6.1,1,1
USER002,2024-08-07,pre,2.0,1,1
USER018,2024-08-07,pre,4.3,0,0
USER042,2024-08-07,pre,4.1,4,0
USER010,2024-08-07,pre,5.2,4,0
USER040,2024-08-07,pre,6.6,4,0
USER007,2024-08-07,pre,3.6,2,0
USER030,2024-08-07,pre,9.9,3,1
USER004,2024-08-07,pre,5.5,3,1
USER034,2024-08-07,pre,7.4,0,0
USER024,2024-08-07,pre,3.9,1,1
USER060,2024-08-07,pre,5.6,3,0
USER048,2024-08-07,pre,3.7,4,0
USER033,2024-08-07,pre,2.8,3,1
USER053,2024-08-07,pre,8.6,1,0
USER047,2024-08-07,pre,10.0,3,0
USER016,2024-08-08,pre,2.7,3,0
USER057,2024-08-08,pre,4.8,3,0
USER026,2024-08-08,pre,5.5,0,1
USER037,2024-08-08,pre,4.6,4,1
USER044,2024-08-08,pre,4.2,0,0
USER031,2024-08-08,pre,6.1,3,0
USER001,2024-08-08,pre,5.6,2,0
USER050,2024-08-08,pre,1.7,2,1
USER056,2024-08-08,pre,5.5,2,1
USER009,2024-08-08,pre,3.8,1,0
USER043,2024-08-08,pre,3.8,4,0
USER023,2024-08-08,pre,6.5,2,0
USER029,2024-08-08,pre,5.7,0,1
USER039,2024-08-08,pre,8.4,1,1
USER021,2024-08-08,pre,8.4,2,0
USER060,2024-08-08,pre,7.9,1,0
USER049,2024-08-08,pre,2.0,0,0
USER028,2024-08-08,pre,3.9,2,0
USER020,2024-08-08,pre,6.1,3,0
USER018,2024-08-08,pre,6.5,1,0
USER005,2024-08-08,pre,9.5,1,0
USER040,2024-08-08,pre,5.4,0,0
USER013,2024-08-08,pre,5.8,1,0
USER052,2024-08-08,pre,4.5,5,0
USER019,2024-08-08,pre,9.1,3,0
USER048,2024-08-08,pre,3.5,0,0
USER012,2024-08-08,pre,3.1,6,0
USER058,2024-08-08,pre,3.1,3,1
USER045,2024-08-08,pre,8.1,1,0
USER036,2024-08-08,pre,4.4,2,0
USER055,2024-08-08,pre,0.5,2,0
USER059,2024-08-08,pre,8.2,0,0
USER029,2024-08-09,pre,8.6,10,0
USER025,2024-08-09,pre,3.0,3,0
USER021,2024-08-09,pre,7.3,2,0
USER053,2024-08-09,pre,8.6,2,0
USER014,2024-08-09,pre,5.2,2,0
USER049,2024-08-09,pre,7.2,2,1
USER019,2024-08-09,pre,4.4,1,1
USER035,2024-08-09,pre,5.0,1,0
USER043,2024-08-09,pre,1.6,6,0
USER004,2024-08-09,pre,5.3,2,0
USER012,2024-08-09,pre,1.6,0,0
USER045,2024-08-09,pre,4.2,5,0
USER020,2024-08-09,pre,9.3,5,0
USER037,2024-08-09,pre,4.0,0,0
USER059,2024-08-09,pre,6.4,2,0
USER026,2024-08-09,pre,4.4,7,0
USER034,2024-08-09,pre,4.6,3,0
USER040,2024-08-09,pre,8.1,3,0
USER047,2024-08-09,pre,5.9,6,1
USER011,2024-08-09,pre,7.1,2,0
USER024,2024-08-10,pre,2.0,1,0
USER007,2024-08-10,pre,5.9,2,0
USER052,2024-08-10,pre,5.3,0,1
USER047,2024-08-10,pre,7.6,2,0
USER053,2024-08-10,pre,4.3,1,0
USER045,2024-08-10,pre,6.3,3,0
USER036,2024-08-10,pre,7.6,0,0
USER030,2024-08-10,pre,6.2,1,0
USER001,2024-08-10,pre,6.0,1,0
USER013,2024-08-10,pre,4.8,3,1
USER044,2024-08-10,pre,3.0,1,0
USER009,2024-08-10,pre,4.3,3,1
USER011,2024-08-10,pre,3.6,2,1
USER059,2024-08-10,pre,4.6,1,0
USER042,2024-08-10,pre,5.1,1,0
USER029,2024-08-10,pre,5.5,1,0
USER009,2024-08-11,pre,8.5,3,1
USER033,2024-08-11,pre,4.0,2,0
USER049,2024-08-11,pre,4.7,2,0
USER005,2024-08-11,pre,5.8,0,0
USER004,2024-08-11,pre,3.7,2,0
USER010,2024-08-11,pre,5.4,2,1
USER058,2024-08-11,pre,8.6,4,1
USER039,2024-08-11,pre,6.3,2,0
USER030,2024-08-11,pre,7.8,4,1
USER012,2024-08-11,pre,4.3,2,0
USER053,2024-08-11,pre,5.1,4,0
USER022,2024-08-11,pre,5.6,0,0
USER029,2024-08-11,pre,6.2,1,0
USER021,2024-08-11,pre,1.9,2,0
USER023,2024-08-11,pre,5.3,3,1
USER008,2024-08-11,pre,3.2,6,0
USER055,2024-08-11,pre,4.7,1,0
USER028,2024-08-11,pre,3.8,0,0
USER014,2024-08-11,pre,8.0,0,0
USER052,2024-08-11,pre,5.0,3,1
USER056,2024-08-11,pre,1.9,2,0
USER040,2024-08-11,pre,7.2,3,1
USER032,2024-08-11,pre,3.4,0,0
USER043,2024-08-11,pre,5.5,2,0
USER042,2024-08-11,pre,4.8,3,0
USER036,2024-08-11,pre,5.6,3,0
USER002,2024-08-11,pre,4.7,3,0
USER051,2024-08-11,pre,5.7,2,0
USER011,2024-08-11,pre,4.3,2,0
USER059,2024-08-11,pre,3.8,2,0
USER024,2024-08-12,pre,7.0,2,1
USER059,2024-08-12,pre,10.3,2,0
USER014,2024-08-12,pre,2.4,0,0
USER049,2024-08-12,pre,6.5,4,0
USER029,2024-08-12,pre,11.0,4,0
USER028,2024-08-12,pre,6.0,2,0
USER013,2024-08-12,pre,3.1,2,0
USER057,2024-08-12,pre,2.2,0,0
USER056,2024-08-12,pre,4.4,2,0
USER053,2024-08-12,pre,8.0,3,0
USER036,2024-08-12,pre,1.3,1,1
USER046,2024-08-12,pre,10.0,1,0
USER012,2024-08-12,pre,7.9,2,1
USER023,2024-08-12,pre,5.1,3,0
USER027,2024-08-12,pre,6.8,2,0
USER019,2024-08-12,pre,3.0,6,0
USER033,2024-08-12,pre,1.5,0,0
USER047,2024-08-12,pre,0.9,3,0
USER035,2024-08-12,pre,7.3,1,0
USER055,2024-08-12,pre,6.5,2,1
USER020,2024-08-12,pre,5.0,2,0
USER032,2024-08-12,pre,6.2,1,0
USER041,2024-08-12,pre,1.6,1,0
USER051,2024-08-12,pre,5.5,1,0
USER043,2024-08-12,pre,10.6,3,0
USER021,2024-08-12,pre,4.7,1,0
USER039,2024-08-12,pre,5.2,5,0
USER034,2024-08-12,pre,7.3,2,0
USER001,2024-08-12,pre,4.1,2,0
USER011,2024-08-12,pre,2.7,3,0
USER041,2024-08-13,pre,6.9,4,0
USER025,2024-08-13,pre,5.5,3,0
USER015,2024-08-13,pre,6.6,0,0
USER033,2024-08-13,pre,3.4,4,0
USER046,2024-08-13,pre,8.8,2,1
USER051,2024-08-13,pre,5.5,4,0
USER053,2024-08-13,pre,5.3,4,0
USER012,2024-08-13,pre,7.3,1,0
USER057,2024-08-13,pre,2.1,1,1
USER024,2024-08-13,pre,5.6,4,0
USER003,2024-08-13,pre,6.4,2,0
USER056,2024-08-13,pre,3.6,1,0
USER019,2024-08-13,pre,4.6,2,0
USER007,2024-08-13,pre,5.3,4,0
USER027,2024-08-13,pre,3.5,3,0
USER010,2024-08-13,pre,5.0,2,1
USER030,2024-08-13,pre,2.6,2,0
USER022,2024-08-13,pre,8.6,3,0
USER001,2024-08-13,pre,6.6,3,0
USER060,2024-08-13,pre,3.6,0,0
USER011,2024-08-13,pre,5.8,5,0
USER002,2024-08-13,pre,4.7,1,0
USER040,2024-08-13,pre,5.0,6,0
USER054,2024-08-13,pre,7.3,2,0
USER043,2024-08-13,pre,5.4,2,0
USER037,2024-08-13,pre,5.3,2,0
USER008,2024-08-13,pre,6.5,2,0
USER035,2024-08-13,pre,3.2,1,0
USER058,2024-08-13,pre,4.0,3,0
USER018,2024-08-13,pre,5.5,2,0
USER042,2024-08-13,pre,2.9,2,0
USER006,2024-08-13,pre,0.7,4,0
USER048,2024-08-13,pre,4.5,2,0
USER049,2024-08-13,pre,7.8,3,0
USER036,2024-08-13,pre,2.2,2,0
USER055,2024-08-13,pre,3.9,0,0
USER045,2024-08-13,pre,3.5,2,0
USER049,2024-08-14,pre,6.3,2,0
USER042,2024-08-14,pre,7.2,2,0
USER059,2024-08-14,pre,6.2,4,0
USER039,2024-08-14,pre,5.3,6,0
USER046,2024-08-14,pre,6.4,0,0
USER022,2024-08-14,pre,6.2,4,1
USER010,2024-08-14,pre,8.0,3,0
USER009,2024-08-14,pre,4.6,2,0
USER036,2024-08-14,pre,7.1,6,0
USER056,2024-08-14,pre,6.7,4,1
USER031,2024-08-14,pre,5.3,3,0
USER058,2024-08-14,pre,1.4,2,0
USER044,2024-08-14,pre,4.3,4,0
USER021,2024-08-14,pre,6.7,3,0
USER006,2024-08-14,pre,3.2,1,1
USER053,2024-08-14,pre,9.1,2,0
USER001,2024-08-14,pre,6.2,2,0
USER037,2024-08-14,pre,4.9,1,0
USER003,2024-08-14,pre,4.9,3,0
USER005,2024-08-14,pre,6.9,1,1
USER052,2024-08-14,pre,7.5,2,1
USER051,2024-08-14,pre,4.7,3,0
USER032,2024-08-14,pre,6.5,1,1
USER020,2024-08-14,pre,4.5,4,0
USER030,2024-08-14,pre,2.5,0,0
USER016,2024-08-14,pre,1.6,1,1
USER041,2024-08-14,pre,7.4,4,0
USER008,2024-08-14,pre,7.1,2,0
USER057,2024-08-14,pre,5.1,3,0
USER054,2024-08-14,pre,0.7,2,0
USER029,2024-08-14,pre,9.2,3,0
USER043,2024-08-14,pre,3.3,2,1
USER014,2024-08-14,pre,2.7,2,0
USER033,2024-08-14,pre,4.1,2,0
USER007,2024-08-14,pre,5.9,2,0
USER028,2024-08-14,pre,3.1,1,1
USER048,2024-08-14,pre,10.1,4,0
USER019,2024-08-14,pre,6.4,0,1
USER018,2024-08-14,pre,4.7,2,0
USER040,2024-08-14,pre,6.0,1,1
USER004,2024-08-14,pre,5.8,2,1
USER002,2024-08-14,pre,5.3,1,1
USER011,2024-08-14,pre,5.3,1,0
USER024,2024-08-14,pre,7.1,2,0
USER001,2024-08-15,pre,5.6,0,0
USER054,2024-08-15,pre,3.0,3,0
USER055,2024-08-15,pre,3.1,5,0
USER029,2024-08-15,pre,5.4,1,0
USER059,2024-08-15,pre,2.0,6,0
USER051,2024-08-15,pre,3.9,3,0
USER038,2024-08-15,pre,5.5,2,0
USER025,2024-08-15,pre,4.9,1,0
USER043,2024-08-15,pre,6.9,2,0
USER002,2024-08-15,pre,5.3,3,0
USER044,2024-08-15,pre,8.4,2,0
USER026,2024-08-15,pre,5.5,2,1
USER006,2024-08-15,pre,5.9,1,0
USER052,2024-08-15,pre,7.8,3,0
USER028,2024-08-15,pre,3.4,1,0
USER056,2024-08-15,pre,3.1,3,0
USER018,2024-08-15,pre,4.1,1,1
USER008,2024-08-15,pre,2.0,2,0
USER014,2024-08-15,pre,5.4,0,0
USER024,2024-08-15,pre,6.0,2,0
USER007,2024-08-15,pre,6.0,3,0
USER011,2024-08-15,pre,4.2,5,1
USER035,2024-08-15,pre,4.8,3,1
USER017,2024-08-15,pre,4.2,0,0
USER036,2024-08-15,pre,9.0,3,0
USER042,2024-08-15,pre,5.2,0,1
USER053,2024-08-15,pre,3.3,3,1
USER021,2024-08-15,pre,8.4,1,0
USER041,2024-08-15,pre,8.0,1,0
USER024,2024-08-16,pre,5.9,0,0
USER038,2024-08-16,pre,3.8,4,0
USER046,2024-08-16,pre,1.3,1,0
USER050,2024-08-16,pre,1.2,5,0
USER025,2024-08-16,pre,7.2,3,0
USER059,2024-08-16,pre,3.5,2,0
USER008,2024-08-16,pre,0.5,1,0
USER022,2024-08-16,pre,7.5,5,0
USER057,2024-08-16,pre,6.8,4,0
USER031,2024-08-16,pre,6.0,1,0
USER014,2024-08-16,pre,6.7,4,1
USER058,2024-08-16,pre,5.0,1,0
USER017,2024-08-16,pre,6.7,2,1
USER039,2024-08-16,pre,5.3,4,0
USER048,2024-08-16,pre,7.3,1,0
USER013,2024-08-16,pre,7.1,1,0
USER036,2024-08-16,pre,7.9,1,1
USER023,2024-08-16,pre,8.8,0,0
USER041,2024-08-16,pre,9.9,1,0
USER028,2024-08-16,pre,6.3,4,0
USER045,2024-08-16,pre,0.6,1,0
USER052,2024-08-16,pre,6.9,1,0
USER051,2024-08-16,pre,5.0,2,1
USER007,2024-08-17,pre,1.1,1,0
USER018,2024-08-17,pre,3.3,3,0
USER016,2024-08-17,pre,8.6,0,0
USER011,2024-08-17,pre,7.3,2,0
USER059,2024-08-17,pre,8.4,0,0
USER006,2024-08-17,pre,8.8,5,0
USER041,2024-08-17,pre,5.5,1,1
USER029,2024-08-17,pre,4.3,3,0
USER001,2024-08-17,pre,4.4,2,1
USER043,2024-08-17,pre,6.7,1,1
USER030,2024-08-17,pre,5.6,3,0
USER049,2024-08-17,pre,7.5,4,1
USER060,2024-08-17,pre,7.0,2,0
USER010,2024-08-17,pre,4.1,3,0
USER032,2024-08-17,pre,1.1,1,0
USER033,2024-08-17,pre,2.3,6,0
USER046,2024-08-17,pre,4.5,4,0
USER039,2024-08-17,pre,3.6,2,0
USER027,2024-08-17,pre,5.7,4,1
USER058,2024-08-17,pre,4.8,7,0
USER054,2024-08-17,pre,9.0,1,0
USER036,2024-08-18,pre,3.4,3,0
USER007,2024-08-18,pre,8.5,5,0
USER027,2024-08-18,pre,5.6,1,1
USER057,2024-08-18,pre,4.2,4,1
USER017,2024-08-18,pre,3.8,1,0
USER038,2024-08-18,pre,8.7,3,0
USER023,2024-08-18,pre,1.5,0,0
USER031,2024-08-18,pre,3.8,3,0
USER008,2024-08-18,pre,6.3,0,0
USER049,2024-08-18,pre,4.7,2,1
USER003,2024-08-18,pre,0.7,1,0
USER019,2024-08-18,pre,3.6,2,0
USER010,2024-08-18,pre,4.2,1,0
USER043,2024-08-18,pre,6.5,4,0
USER022,2024-08-18,pre,7.8,2,0
USER040,2024-08-18,pre,3.8,2,0
USER055,2024-08-18,pre,4.5,3,0
USER002,2024-08-18,pre,5.8,1,0
USER001,2024-08-18,pre,6.5,5,0
USER041,2024-08-18,pre,7.9,1,1
USER012,2024-08-18,pre,4.0,1,0
USER033,2024-08-18,pre,4.9,2,0
USER051,2024-08-18,pre,1.8,0,1
USER011,2024-08-18,pre,6.0,3,0
USER009,2024-08-18,pre,0.5,1,0
USER018,2024-08-18,pre,6.5,2,0
USER059,2024-08-18,pre,3.3,3,0
USER032,2024-08-18,pre,7.0,4,0
USER050,2024-08-18,pre,5.7,0,0
USER054,2024-08-18,pre,5.6,1,1
USER004,2024-08-18,pre,7.2,2,0
USER035,2024-08-18,pre,8.9,2,0
USER026,2024-08-18,pre,3.3,3,0
USER025,2024-08-18,pre,10.3,3,0
USER021,2024-08-18,pre,5.8,1,1
USER052,2024-08-18,pre,2.5,0,1
USER028,2024-08-18,pre,4.0,2,1
USER030,2024-08-18,pre,6.3,4,1
USER058,2024-08-18,pre,5.4,3,1
USER050,2024-08-19,pre,9.9,2,0
USER043,2024-08-19,pre,4.4,3,0
USER025,2024-08-19,pre,1.4,1,0
USER028,2024-08-19,pre,5.3,0,0
USER019,2024-08-19,pre,0.8,1,0
USER047,2024-08-19,pre,7.8,0,0
USER041,2024-08-19,pre,6.1,4,0
USER054,2024-08-19,pre,6.2,2,1
USER022,2024-08-19,pre,6.4,5,0
USER059,2024-08-19,pre,3.1,1,1
USER014,2024-08-19,pre,8.9,4,0
USER058,2024-08-19,pre,3.8,5,0
USER010,2024-08-19,pre,3.0,3,0
USER037,2024-08-19,pre,0.9,2,1
USER009,2024-08-19,pre,7.6,2,1
USER008,2024-08-19,pre,5.1,1,0
USER016,2024-08-19,pre,6.7,1,0
USER052,2024-08-19,pre,6.9,3,0
USER003,2024-08-19,pre,0.8,3,0
USER053,2024-08-19,pre,5.6,0,0
USER007,2024-08-19,pre,7.6,0,0
USER040,2024-08-19,pre,5.1,1,0
USER044,2024-08-19,pre,3.4,2,0
USER018,2024-08-19,pre,6.4,2,0
USER017,2024-08-19,pre,2.4,3,0
USER049,2024-08-19,pre,5.0,1,0
USER021,2024-08-19,pre,7.7,0,0
USER002,2024-08-19,pre,2.6,0,0
USER046,2024-08-19,pre,5.4,4,1
USER027,2024-08-19,pre,3.4,0,0
USER056,2024-08-19,pre,5.9,2,0
USER042,2024-08-19,pre,5.4,1,0
USER031,2024-08-19,pre,3.9,2,0
USER057,2024-08-19,pre,6.7,3,0
USER036,2024-08-19,pre,3.9,1,0
USER048,2024-08-19,pre,7.1,1,0
USER026,2024-08-19,pre,1.8,2,0
USER030,2024-08-19,pre,2.4,2,0
USER023,2024-08-19,pre,3.4,0,0
USER032,2024-08-19,pre,3.9,2,0
USER012,2024-08-19,pre,5.5,0,0
USER002,2024-08-20,pre,5.2,2,0
USER017,2024-08-20,pre,2.9,1,1
USER016,2024-08-20,pre,4.3,1,0
USER006,2024-08-20,pre,4.9,1,1
USER031,2024-08-20,pre,9.0,1,0
USER036,2024-08-20,pre,3.3,3,0
USER019,2024-08-20,pre,6.5,3,0
USER010,2024-08-20,pre,5.8,3,1
USER005,2024-08-20,pre,8.9,3,0
USER058,2024-08-20,pre,8.1,1,1
USER039,2024-08-20,pre,7.6,2,0
USER007,2024-08-20,pre,4.0,2,0
USER015,2024-08-20,pre,5.8,2,0
USER028,2024-08-20,pre,7.4,1,0
USER045,2024-08-20,pre,5.6,2,1
USER050,2024-08-20,pre,2.7,1,0
USER040,2024-08-20,pre,4.3,5,1
USER032,2024-08-20,pre,5.9,2,0
USER022,2024-08-20,pre,3.6,2,0
USER059,2024-08-20,pre,3.6,1,0
USER034,2024-08-20,pre,7.4,2,0
USER048,2024-08-20,pre,3.6,2,0
USER014,2024-08-20,pre,3.3,2,0
USER043,2024-08-20,pre,9.0,1,1
USER037,2024-08-20,pre,1.7,1,0
USER056,2024-08-20,pre,9.3,1,1
USER009,2024-08-20,pre,7.1,2,0
USER029,2024-08-20,pre,8.3,5,0
USER008,2024-08-20,pre,5.7,0,0
USER012,2024-08-20,pre,5.2,5,1
USER044,2024-08-20,pre,4.8,4,0
USER027,2024-08-20,pre,6.7,2,0
USER052,2024-08-20,pre,5.9,1,0
USER057,2024-08-20,pre,8.0,5,0
USER030,2024-08-20,pre,7.6,3,0
USER004,2024-08-20,pre,2.1,4,1
USER033,2024-08-20,pre,3.0,3,0
USER011,2024-08-20,pre,1.6,1,0
USER001,2024-08-20,pre,4.0,2,0
USER049,2024-08-20,pre,3.6,1,0
USER041,2024-08-20,pre,0.5,2,0
USER021,2024-08-20,pre,7.6,3,0
USER026,2024-08-20,pre,4.1,0,0
USER007,2024-08-21,pre,6.3,1,1
USER047,2024-08-21,pre,0.5,1,0
USER004,2024-08-21,pre,4.6,0,0
USER036,2024-08-21,pre,4.4,3,0
USER034,2024-08-21,pre,5.2,3,0
USER023,2024-08-21,pre,0.5,3,0
USER049,2024-08-21,pre,5.5,5,0
USER033,2024-08-21,pre,5.9,4,0
USER037,2024-08-21,pre,3.8,2,0
USER046,2024-08-21,pre,6.6,2,0
USER045,2024-08-21,pre,5.2,5,0
USER038,2024-08-21,pre,8.0,1,0
USER056,2024-08-21,pre,3.6,3,0
USER051,2024-08-21,pre,6.1,1,0
USER043,2024-08-21,pre,3.3,0,1
USER006,2024-08-21,pre,1.9,2,0
USER048,2024-08-21,pre,7.4,5,0
USER008,2024-08-21,pre,7.1,0,0
USER060,2024-08-21,pre,6.3,6,0
USER039,2024-08-21,pre,8.9,4,0
USER040,2024-08-21,pre,5.1,3,1
USER018,2024-08-21,pre,2.9,4,0
USER012,2024-08-21,pre,2.6,4,0
USER057,2024-08-21,pre,4.4,4,0
USER059,2024-08-21,pre,5.1,1,0
USER032,2024-08-21,pre,2.3,3,0
USER016,2024-08-21,pre,4.1,4,0
USER019,2024-08-21,pre,7.8,3,0
USER009,2024-08-21,pre,5.5,2,0
USER025,2024-08-21,pre,8.0,3,0
USER021,2024-08-21,pre,5.5,2,0
USER001,2024-08-21,pre,4.8,4,0
USER014,2024-08-21,pre,2.3,2,1
USER035,2024-08-21,pre,0.8,3,0
USER042,2024-08-21,pre,4.6,1,0
USER026,2024-08-21,pre,4.7,1,0
USER022,2024-08-21,pre,8.3,0,0
USER053,2024-08-21,pre,8.2,5,0
USER030,2024-08-21,pre,4.2,2,1
USER011,2024-08-21,pre,5.9,1,1
USER024,2024-08-21,pre,6.8,3,0
USER031,2024-08-21,pre,4.8,1,1
USER010,2024-08-21,pre,9.0,1,0
USER035,2024-08-22,pre,4.9,1,0
USER038,2024-08-22,pre,3.6,2,0
USER028,2024-08-22,pre,6.2,0,1
USER039,2024-08-22,pre,3.7,3,1
USER005,2024-08-22,pre,5.3,3,0
USER004,2024-08-22,pre,7.2,1,1
USER010,2024-08-22,pre,8.0,1,0
USER020,2024-08-22,pre,4.8,2,0
USER008,2024-08-22,pre,6.7,3,0
USER037,2024-08-22,pre,4.7,3,0
USER033,2024-08-22,pre,5.7,1,0
USER043,2024-08-22,pre,7.1,1,1
USER012,2024-08-22,pre,7.2,4,0
USER031,2024-08-22,pre,5.9,3,0
USER011,2024-08-22,pre,4.1,2,0
USER018,2024-08-22,pre,4.6,2,0
USER019,2024-08-22,pre,0.5,2,0
USER042,2024-08-22,pre,4.3,3,1
USER040,2024-08-22,pre,2.5,2,0
USER024,2024-08-22,pre,4.7,2,1
USER048,2024-08-22,pre,6.8,2,0
USER003,2024-08-22,pre,2.4,2,0
USER029,2024-08-22,pre,1.2,2,0
USER025,2024-08-22,pre,5.2,2,0
USER056,2024-08-22,pre,2.6,0,0
USER023,2024-08-22,pre,5.8,2,0
USER054,2024-08-22,pre,5.0,1,0
USER014,2024-08-22,pre,7.3,1,0
USER006,2024-08-22,pre,9.1,3,0
USER057,2024-08-22,pre,3.3,3,0
USER030,2024-08-22,pre,5.8,4,0
USER051,2024-08-22,pre,5.0,3,0
USER044,2024-08-22,pre,9.9,3,0
USER015,2024-08-22,pre,3.9,1,0
USER016,2024-08-22,pre,5.6,1,0
USER017,2024-08-22,pre,8.3,1,0
USER058,2024-08-22,pre,7.5,1,0
USER049,2024-08-22,pre,9.8,0,0
USER055,2024-08-22,pre,3.9,3,1
USER050,2024-08-22,pre,6.1,3,0
USER004,2024-08-23,pre,6.3,2,0
USER012,2024-08-23,pre,2.7,3,0
USER007,2024-08-23,pre,6.0,3,0
USER059,2024-08-23,pre,3.6,2,0
USER038,2024-08-23,pre,3.7,3,0
USER052,2024-08-23,pre,9.0,3,0
USER005,2024-08-23,pre,8.3,1,0
USER035,2024-08-23,pre,4.3,1,0
USER011,2024-08-23,pre,8.0,4,0
USER013,2024-08-23,pre,2.6,0,0
USER027,2024-08-23,pre,5.6,1,0
USER051,2024-08-23,pre,2.7,2,1
USER031,2024-08-23,pre,6.4,1,0
USER009,2024-08-23,pre,4.6,3,0
USER022,2024-08-23,pre,4.2,2,0
USER008,2024-08-23,pre,5.1,0,1
USER006,2024-08-23,pre,5.0,0,0
USER047,2024-08-23,pre,4.6,2,0
USER039,2024-08-23,pre,4.2,2,0
USER034,2024-08-23,pre,7.5,2,0
USER003,2024-08-23,pre,9.4,2,0
USER014,2024-08-23,pre,0.5,2,1
USER044,2024-08-23,pre,7.5,3,0
USER060,2024-08-23,pre,6.9,0,0
USER010,2024-08-23,pre,7.0,0,0
USER025,2024-08-23,pre,0.5,2,0
USER036,2024-08-23,pre,11.1,2,0
USER015,2024-08-23,pre,7.9,5,0
USER029,2024-08-23,pre,9.7,2,0
USER001,2024-08-23,pre,2.9,0,1
USER057,2024-08-23,pre,5.4,4,0
USER002,2024-08-23,pre,1.2,5,0
USER049,2024-08-23,pre,5.2,3,0
USER026,2024-08-23,pre,2.8,1,0
USER033,2024-08-23,pre,6.6,2,0
USER046,2024-08-23,pre,6.0,2,0
USER041,2024-08-23,pre,4.5,2,0
USER018,2024-08-23,pre,0.5,1,0
USER056,2024-08-23,pre,4.0,3,0
USER030,2024-08-23,pre,6.5,1,0
USER053,2024-08-23,pre,7.6,3,0
USER054,2024-08-23,pre,6.1,3,0
USER011,2024-08-24,pre,5.9,5,0
USER045,2024-08-24,pre,7.8,0,0
USER003,2024-08-24,pre,4.8,2,1
USER024,2024-08-24,pre,7.2,3,0
USER039,2024-08-24,pre,4.7,2,0
USER051,2024-08-24,pre,4.9,0,0
USER028,2024-08-24,pre,2.2,1,0
USER017,2024-08-24,pre,1.7,4,1
USER010,2024-08-24,pre,7.6,4,1
USER057,2024-08-24,pre,2.4,1,0
USER019,2024-08-24,pre,2.9,5,0
USER056,2024-08-24,pre,4.7,1,0
USER029,2024-08-24,pre,8.9,4,0
USER035,2024-08-24,pre,6.1,3,0
USER004,2024-08-24,pre,5.9,3,0
USER025,2024-08-24,pre,8.1,1,1
USER018,2024-08-24,pre,6.3,2,0
USER015,2024-08-24,pre,4.4,7,0
USER031,2024-08-24,pre,4.5,3,1
USER006,2024-08-24,pre,3.3,2,0
USER040,2024-08-24,pre,6.0,4,0
USER026,2024-08-24,pre,7.6,2,0
USER058,2024-08-24,pre,4.7,4,0
USER013,2024-08-24,pre,5.1,1,0
USER050,2024-08-24,pre,7.2,2,0
USER033,2024-08-24,pre,5.2,5,0
USER032,2024-08-24,pre,5.0,0,0
USER043,2024-08-24,pre,5.3,4,0
USER005,2024-08-24,pre,7.6,1,0
USER046,2024-08-24,pre,6.3,1,0
USER014,2024-08-24,pre,3.3,4,0
USER002,2024-08-24,pre,9.2,0,0
USER042,2024-08-24,pre,7.3,1,0
USER012,2024-08-24,pre,4.4,4,0
USER037,2024-08-24,pre,2.8,0,0
USER060,2024-08-24,pre,5.2,2,0
USER008,2024-08-24,pre,8.4,1,1
USER036,2024-08-24,pre,5.1,2,0
USER020,2024-08-24,pre,3.2,0,0
USER038,2024-08-25,pre,3.6,0,0
USER042,2024-08-25,pre,2.3,1,0
USER004,2024-08-25,pre,7.3,2,0
USER047,2024-08-25,pre,3.7,3,0
USER050,2024-08-25,pre,8.5,1,0
USER055,2024-08-25,pre,3.8,2,0
USER020,2024-08-25,pre,2.4,4,0
USER014,2024-08-25,pre,5.0,2,1
USER025,2024-08-25,pre,6.6,1,0
USER034,2024-08-25,pre,0.5,4,0
USER011,2024-08-25,pre,9.3,0,0
USER031,2024-08-25,pre,4.9,2,0
USER021,2024-08-25,pre,5.3,1,1
USER026,2024-08-25,pre,6.6,1,0
USER033,2024-08-25,pre,0.5,3,0
USER017,2024-08-25,pre,4.9,2,0
USER060,2024-08-25,pre,4.9,2,0
USER032,2024-08-25,pre,7.0,5,0
USER051,2024-08-25,pre,3.8,1,1
USER048,2024-08-25,pre,6.8,0,0
USER058,2024-08-25,pre,4.5,0,0
USER029,2024-08-25,pre,3.7,3,0
USER059,2024-08-25,pre,4.1,1,1
USER028,2024-08-25,pre,2.1,3,1
USER049,2024-08-25,pre,4.5,2,1
USER012,2024-08-25,pre,7.2,2,0
USER041,2024-08-25,pre,6.7,0,0
USER015,2024-08-25,pre,3.6,3,0
USER040,2024-08-25,pre,5.1,2,0
USER052,2024-08-25,pre,1.3,5,0
USER045,2024-08-25,pre,7.1,0,0
USER043,2024-08-25,pre,5.1,2,0
USER056,2024-08-25,pre,7.6,3,0
USER030,2024-08-25,pre,4.2,2,0
USER001,2024-08-25,pre,5.7,6,0
USER014,2024-08-26,pre,6.8,4,0
USER053,2024-08-26,pre,3.4,2,0
USER012,2024-08-26,pre,7.5,4,0
USER003,2024-08-26,pre,5.6,2,1
USER037,2024-08-26,pre,2.0,3,0
USER046,2024-08-26,pre,6.6,3,0
USER016,2024-08-26,pre,5.1,0,1
USER025,2024-08-26,pre,2.8,2,0
USER005,2024-08-26,pre,3.4,4,0
USER015,2024-08-26,pre,3.1,8,0
USER044,2024-08-26,pre,3.5,1,0
USER041,2024-08-26,pre,6.5,2,1
USER002,2024-08-26,pre,4.5,3,0
USER052,2024-08-26,pre,6.5,3,0
USER019,2024-08-26,pre,5.6,1,0
USER020,2024-08-26,pre,3.8,3,0
USER027,2024-08-26,pre,10.1,4,0
USER018,2024-08-26,pre,9.4,1,0
USER007,2024-08-26,pre,5.8,2,0
USER040,2024-08-26,pre,8.3,5,0
USER031,2024-08-26,pre,7.6,5,1
USER011,2024-08-26,pre,6.0,2,0
USER056,2024-08-26,pre,6.8,3,0
USER055,2024-08-26,pre,4.5,3,0
USER047,2024-08-26,pre,0.9,1,0
USER004,2024-08-26,pre,3.8,9,0
USER015,2024-08-27,pre,6.3,2,0
USER031,2024-08-27,pre,7.7,4,0
USER014,2024-08-27,pre,6.6,2,0
USER041,2024-08-27,pre,1.6,1,0
USER007,2024-08-27,pre,3.4,2,0
USER027,2024-08-27,pre,3.5,1,1
USER052,2024-08-27,pre,7.5,4,0
USER037,2024-08-27,pre,4.1,1,0
USER051,2024-08-27,pre,5.3,4,0
USER010,2024-08-27,pre,10.2,2,1
USER029,2024-08-27,pre,2.9,2,0
USER023,2024-08-27,pre,5.5,3,0
USER040,2024-08-27,pre,2.6,3,1
USER011,2024-08-27,pre,5.8,2,0
USER032,2024-08-27,pre,4.8,3,0
USER020,2024-08-27,pre,5.0,2,1
USER055,2024-08-27,pre,2.0,3,1
USER004,2024-08-27,pre,4.9,0,0
USER006,2024-08-27,pre,1.3,0,0
USER003,2024-08-27,pre,6.4,2,0
USER002,2024-08-27,pre,4.8,1,0
USER026,2024-08-27,pre,6.9,3,0
USER050,2024-08-27,pre,9.0,0,0
USER059,2024-08-27,pre,5.6,2,0
USER019,2024-08-27,pre,6.4,4,1
USER043,2024-08-27,pre,3.7,2,0
USER001,2024-08-27,pre,1.2,2,0
USER030,2024-08-27,pre,5.8,3,0
USER035,2024-08-27,pre,5.3,0,0
USER057,2024-08-27,pre,4.8,3,0
USER017,2024-08-27,pre,8.8,1,0
USER056,2024-08-27,pre,1.7,5,0
USER005,2024-08-27,pre,2.7,1,0
USER012,2024-08-27,pre,9.0,1,0
USER021,2024-08-27,pre,4.4,2,1
USER022,2024-08-27,pre,5.4,2,0
USER049,2024-08-27,pre,4.4,3,0
USER040,2024-08-28,pre,3.4,4,1
USER034,2024-08-28,pre,5.6,3,0
USER058,2024-08-28,pre,2.4,3,1
USER031,2024-08-28,pre,8.4,4,0
USER054,2024-08-28,pre,6.3,4,0
USER005,2024-08-28,pre,4.2,5,0
USER003,2024-08-28,pre,9.7,1,1
USER008,2024-08-28,pre,3.0,1,0
USER019,2024-08-28,pre,2.5,3,0
USER060,2024-08-28,pre,3.0,3,0
USER020,2024-08-28,pre,6.6,1,0
USER006,2024-08-28,pre,6.9,4,0
USER049,2024-08-28,pre,4.2,1,1
USER028,2024-08-28,pre,4.4,6,1
USER015,2024-08-28,pre,3.4,1,0
USER012,2024-08-28,pre,5.4,3,0
USER036,2024-08-28,pre,3.8,5,0
USER010,2024-08-28,pre,3.3,4,1
USER043,2024-08-28,pre,5.6,3,0
USER024,2024-08-28,pre,6.1,2,0
USER053,2024-08-28,pre,8.5,1,1
USER037,2024-08-28,pre,4.3,2,0
USER025,2024-08-28,pre,6.3,2,0
USER017,2024-08-28,pre,7.5,4,0
USER009,2024-08-28,pre,5.2,2,1
USER022,2024-08-28,pre,4.7,2,0
USER033,2024-08-28,pre,1.3,1,0
USER038,2024-08-28,pre,6.9,5,0
USER001,2024-08-29,pre,5.7,0,0
USER057,2024-08-29,pre,1.8,0,0
USER011,2024-08-29,pre,6.9,1,1
USER019,2024-08-29,pre,5.4,1,1
USER010,2024-08-29,pre,6.0,1,0
USER017,2024-08-29,pre,6.9,0,0
USER042,2024-08-29,pre,4.2,2,0
USER050,2024-08-29,pre,5.3,4,0
USER009,2024-08-29,pre,3.0,3,1
USER027,2024-08-29,pre,4.4,3,1
USER014,2024-08-29,pre,2.4,0,0
USER016,2024-08-29,pre,5.8,1,0
USER024,2024-08-29,pre,3.9,1,0
USER012,2024-08-29,pre,7.8,0,0
USER015,2024-08-29,pre,8.1,2,0
USER008,2024-08-29,pre,1.6,3,0
USER043,2024-08-29,pre,6.4,2,0
USER030,2024-08-29,pre,2.5,1,1
USER041,2024-08-29,pre,4.8,3,0
USER021,2024-08-29,pre,4.3,0,0
USER059,2024-08-29,pre,2.4,3,0
USER033,2024-08-29,pre,6.1,3,1
USER029,2024-08-29,pre,6.9,3,1
USER032,2024-08-29,pre,5.1,1,0
USER045,2024-08-29,pre,5.3,4,0
USER028,2024-08-30,pre,4.9,4,0
USER015,2024-08-30,pre,4.5,2,0
USER003,2024-08-30,pre,4.7,6,0
USER045,2024-08-30,pre,3.0,2,0
USER038,2024-08-30,pre,6.7,1,0
USER025,2024-08-30,pre,4.3,1,0
USER027,2024-08-30,pre,5.8,4,0
USER026,2024-08-30,pre,4.4,2,0
USER029,2024-08-30,pre,2.4,1,0
USER049,2024-08-30,pre,9.6,3,0
USER060,2024-08-30,pre,7.3,4,0
USER012,2024-08-30,pre,6.2,0,0
USER037,2024-08-30,pre,4.9,6,1
USER055,2024-08-30,pre,1.4,2,1
USER058,2024-08-30,pre,5.5,3,1
USER041,2024-08-30,pre,5.9,2,0
USER011,2024-08-30,pre,2.8,5,0
USER039,2024-08-30,pre,1.9,3,0
USER050,2024-08-30,pre,5.4,1,1
USER020,2024-08-30,pre,3.8,3,0
USER040,2024-08-30,pre,6.8,1,0
USER043,2024-08-30,pre,8.3,2,0
USER005,2024-08-30,pre,6.3,2,0
USER046,2024-08-30,pre,5.8,0,0
USER017,2024-08-30,pre,6.5,3,0
USER032,2024-08-30,pre,2.9,2,0
USER008,2024-08-30,pre,4.8,2,0
USER054,2024-08-30,pre,7.1,0,0
USER057,2024-08-30,pre,6.3,1,0
USER033,2024-08-30,pre,5.4,4,0
USER035,2024-08-30,pre,4.3,4,0
USER044,2024-08-30,pre,8.8,3,0
USER042,2024-08-30,pre,6.2,3,0
USER009,2024-08-30,pre,3.6,2,0
USER019,2024-08-31,pre,2.5,1,0
USER028,2024-08-31,pre,4.0,4,0
USER045,2024-08-31,pre,3.9,3,0
USER020,2024-08-31,pre,10.1,2,0
USER022,2024-08-31,pre,7.8,0,0
USER041,2024-08-31,pre,8.0,1,0
USER018,2024-08-31,pre,6.0,2,0
USER042,2024-08-31,pre,4.7,4,0
USER004,2024-08-31,pre,6.3,0,0
USER013,2024-08-31,pre,2.7,3,0
USER047,2024-08-31,pre,5.3,2,0
USER002,2024-08-31,pre,6.5,5,1
USER050,2024-08-31,pre,4.2,1,1
USER049,2024-08-31,pre,4.3,2,0
USER010,2024-08-31,pre,2.7,3,0
USER053,2024-08-31,pre,7.5,3,0
USER007,2024-08-31,pre,7.8,3,0
USER057,2024-08-31,pre,4.0,1,1
USER015,2024-08-31,pre,3.5,2,0
USER025,2024-08-31,pre,6.8,1,0
USER027,2024-08-31,pre,5.5,2,0
USER021,2024-08-31,pre,8.0,2,1
USER037,2024-08-31,pre,4.1,2,0
USER060,2024-08-31,pre,4.2,0,0
USER023,2024-08-31,pre,5.9,3,0
USER051,2024-08-31,pre,7.6,2,0
USER012,2024-08-31,pre,8.4,1,1
USER014,2024-08-31,pre,3.5,3,0
USER009,2024-08-31,pre,1.5,3,0
USER008,2024-08-31,pre,6.8,1,1
USER046,2024-08-31,pre,4.2,1,1
USER026,2024-08-31,pre,0.9,3,0
USER011,2024-08-31,pre,5.8,3,0
USER024,2024-08-31,pre,2.9,1,0
USER031,2024-08-31,pre,2.2,2,0
USER044,2024-08-31,pre,7.5,3,0
USER034,2024-08-31,pre,1.5,2,0
USER035,2024-08-31,pre,9.2,2,0
USER033,2024-08-31,pre,2.7,4,1
USER017,2024-08-31,pre,5.6,1,1
USER035,2024-09-01,pre,1.8,2,1
USER030,2024-09-01,pre,6.5,1,0
USER057,2024-09-01,pre,7.0,4,0
USER047,2024-09-01,pre,4.2,1,0
USER026,2024-09-01,pre,6.9,2,1
USER022,2024-09-01,pre,2.4,4,1
USER003,2024-09-01,pre,3.4,1,0
USER037,2024-09-01,pre,5.5,3,1
USER050,2024-09-01,pre,7.7,3,1
USER005,2024-09-01,pre,7.4,3,0
USER025,2024-09-01,pre,2.6,4,0
USER013,2024-09-01,pre,2.0,2,0
USER039,2024-09-01,pre,0.8,3,0
USER029,2024-09-01,pre,7.3,2,0
USER041,2024-09-01,pre,7.1,3,1
USER024,2024-09-01,pre,4.0,3,1
USER002,2024-09-01,pre,5.9,1,0
USER045,2024-09-01,pre,5.6,1,1
USER058,2024-09-01,pre,7.2,2,0
USER048,2024-09-01,pre,7.4,4,0
USER009,2024-09-01,pre,6.2,1,0
USER008,2024-09-01,pre,5.4,2,0
USER043,2024-09-01,pre,3.0,1,0
USER051,2024-09-01,pre,6.0,3,0
USER054,2024-09-01,pre,6.9,3,0
USER006,2024-09-01,pre,3.4,2,1
USER006,2024-09-02,pre,5.4,1,0
USER048,2024-09-02,pre,6.8,1,0
USER004,2024-09-02,pre,8.8,3,0
USER030,2024-09-02,pre,6.2,1,1
USER022,2024-09-02,pre,8.5,1,0
USER015,2024-09-02,pre,10.6,3,0
USER039,2024-09-02,pre,5.2,7,0
USER033,2024-09-02,pre,6.6,3,0
USER031,2024-09-02,pre,3.6,3,1
USER060,2024-09-02,pre,4.5,4,0
USER018,2024-09-02,pre,6.6,2,0
USER007,2024-09-02,pre,0.6,5,1
USER050,2024-09-02,pre,5.2,3,0
USER012,2024-09-02,pre,3.0,1,0
USER028,2024-09-02,pre,5.2,2,0
USER019,2024-09-02,pre,5.0,0,0
USER009,2024-09-02,pre,1.8,1,1
USER038,2024-09-02,pre,3.4,3,0
USER055,2024-09-02,pre,3.7,1,0
USER002,2024-09-02,pre,3.1,1,0
USER025,2024-09-02,pre,5.4,1,0
USER017,2024-09-02,pre,6.8,0,0
USER057,2024-09-03,pre,5.1,3,1
USER022,2024-09-03,pre,5.4,3,0
USER009,2024-09-03,pre,4.2,2,0
USER051,2024-09-03,pre,3.4,2,1
USER033,2024-09-03,pre,5.9,2,0
USER038,2024-09-03,pre,4.2,0,0
USER031,2024-09-03,pre,4.2,4,0
USER052,2024-09-03,pre,5.4,3,0
USER011,2024-09-03,pre,2.9,1,0
USER042,2024-09-03,pre,7.1,1,1
USER020,2024-09-03,pre,4.4,0,0
USER059,2024-09-03,pre,5.4,4,0
USER039,2024-09-03,pre,8.1,5,0
USER030,2024-09-03,pre,5.1,1,0
USER037,2024-09-03,pre,5.5,0,0
USER036,2024-09-03,pre,3.1,3,0
USER055,2024-09-03,pre,6.8,4,0
USER035,2024-09-03,pre,0.7,3,0
USER012,2024-09-03,pre,3.3,5,0
USER060,2024-09-03,pre,3.3,1,1
USER019,2024-09-03,pre,2.6,4,0
USER049,2024-09-03,pre,5.5,1,0
USER023,2024-09-03,pre,5.1,3,0
USER040,2024-09-03,pre,2.5,4,0
USER002,2024-09-03,pre,3.0,1,0
USER018,2024-09-03,pre,4.8,5,0
USER010,2024-09-03,pre,5.0,4,1
USER008,2024-09-03,pre,5.6,2,0
USER045,2024-09-03,pre,6.5,3,0
USER001,2024-09-03,pre,2.1,1,0
USER023,2024-09-04,pre,6.2,3,0
USER013,2024-09-04,pre,3.4,2,0
USER039,2024-09-04,pre,2.5,2,0
USER022,2024-09-04,pre,5.9,2,0
USER056,2024-09-04,pre,4.9,0,0
USER043,2024-09-04,pre,4.3,2,1
USER012,2024-09-04,pre,1.0,4,1
USER041,2024-09-04,pre,3.7,2,0
USER024,2024-09-04,pre,6.9,3,0
USER026,2024-09-04,pre,7.1,3,0
USER045,2024-09-04,pre,7.6,3,0
USER014,2024-09-04,pre,5.7,3,0
USER030,2024-09-04,pre,3.8,1,1
USER032,2024-09-04,pre,6.7,2,0
USER055,2024-09-04,pre,5.3,2,0
USER049,2024-09-04,pre,4.9,2,0
USER007,2024-09-04,pre,4.1,3,0
USER054,2024-09-04,pre,4.4,2,0
USER060,2024-09-04,pre,0.5,2,0
USER011,2024-09-04,pre,5.8,1,0
USER020,2024-09-04,pre,6.6,1,0
USER052,2024-09-04,pre,0.5,1,1
USER034,2024-09-04,pre,4.9,4,1
USER047,2024-09-04,pre,7.0,3,0
USER003,2024-09-04,pre,5.6,7,0
USER008,2024-09-04,pre,9.0,2,0
USER015,2024-09-04,pre,1.0,2,0
USER044,2024-09-04,pre,3.6,3,0
USER035,2024-09-04,pre,2.4,2,0
USER036,2024-09-04,pre,3.4,2,1
USER038,2024-09-04,pre,5.1,4,0
USER046,2024-09-04,pre,10.6,3,0
USER004,2024-09-04,pre,5.4,5,0
USER016,2024-09-04,pre,8.6,1,0
USER037,2024-09-04,pre,5.6,2,0
USER057,2024-09-04,pre,6.9,4,1
USER033,2024-09-04,pre,5.8,3,1
USER029,2024-09-04,pre,6.9,4,1
USER001,2024-09-05,pre,5.4,3,0
USER042,2024-09-05,pre,6.1,1,0
USER039,2024-09-05,pre,6.2,5,0
USER040,2024-09-05,pre,7.9,2,0
USER010,2024-09-05,pre,5.6,3,1
USER036,2024-09-05,pre,7.1,1,0
USER027,2024-09-05,pre,8.9,2,0
USER043,2024-09-05,pre,4.9,4,0
USER035,2024-09-05,pre,2.3,2,0
USER053,2024-09-05,pre,4.5,1,1
USER047,2024-09-05,pre,3.0,1,0
USER046,2024-09-05,pre,6.9,2,0
USER031,2024-09-05,pre,7.6,1,1
USER055,2024-09-05,pre,5.0,3,0
USER019,2024-09-05,pre,2.6,2,1
USER056,2024-09-05,pre,5.1,1,0
USER051,2024-09-05,pre,5.9,2,0
USER048,2024-09-05,pre,0.5,2,0
USER044,2024-09-05,pre,5.6,1,0
USER037,2024-09-06,pre,2.9,2,0
USER056,2024-09-06,pre,5.6,1,0
USER018,2024-09-06,pre,3.6,4,0
USER019,2024-09-06,pre,3.2,2,0
USER006,2024-09-06,pre,3.0,2,0
USER027,2024-09-06,pre,8.9,3,0
USER057,2024-09-06,pre,5.5,5,0
USER053,2024-09-06,pre,5.0,2,1
USER060,2024-09-06,pre,4.7,1,0
USER016,2024-09-06,pre,5.4,2,0
USER014,2024-09-06,pre,5.2,3,0
USER007,2024-09-06,pre,0.9,2,0
USER059,2024-09-06,pre,9.5,1,1
USER048,2024-09-06,pre,5.4,0,0
USER021,2024-09-06,pre,3.1,2,0
USER025,2024-09-06,pre,4.1,3,0
USER041,2024-09-06,pre,3.9,2,1
USER035,2024-09-06,pre,1.6,1,0
USER046,2024-09-06,pre,5.9,2,1
USER020,2024-09-06,pre,5.0,1,0
USER002,2024-09-06,pre,6.7,0,0
USER011,2024-09-06,pre,5.9,5,0
USER045,2024-09-06,pre,6.3,0,0
USER009,2024-09-06,pre,8.4,1,0
USER049,2024-09-06,pre,2.4,4,0
USER033,2024-09-07,pre,4.4,3,1
USER019,2024-09-07,pre,7.3,2,0
USER044,2024-09-07,pre,7.0,3,1
USER021,2024-09-07,pre,3.3,1,1
USER018,2024-09-07,pre,3.2,3,0
USER020,2024-09-07,pre,5.9,2,0
USER013,2024-09-07,pre,7.4,4,0
USER002,2024-09-07,pre,0.5,1,0
USER001,2024-09-07,pre,9.7,3,0
USER030,2024-09-07,pre,6.8,3,1
USER042,2024-09-07,pre,2.6,2,0
USER059,2024-09-07,pre,5.8,0,0
USER022,2024-09-07,pre,2.2,1,0
USER058,2024-09-07,pre,7.9,2,0
USER029,2024-09-07,pre,2.6,2,0
USER032,2024-09-07,pre,4.8,1,1
USER031,2024-09-07,pre,6.4,1,0
USER049,2024-09-07,pre,4.9,2,1
USER008,2024-09-07,pre,6.1,0,0
USER043,2024-09-07,pre,4.5,1,0
USER027,2024-09-07,pre,7.8,0,0
USER023,2024-09-07,pre,5.3,3,0
USER007,2024-09-07,pre,0.5,0,0
USER060,2024-09-07,pre,6.1,2,1
USER037,2024-09-08,pre,3.8,3,1
USER042,2024-09-08,pre,8.4,2,0
USER044,2024-09-08,pre,6.2,3,0
USER023,2024-09-08,pre,6.0,1,0
USER002,2024-09-08,pre,3.6,2,1
USER033,2024-09-08,pre,4.5,4,0
USER024,2024-09-08,pre,5.2,3,0
USER046,2024-09-08,pre,2.7,2,0
USER010,2024-09-08,pre,2.1,4,0
USER028,2024-09-08,pre,1.0,3,0
USER006,2024-09-08,pre,3.9,1,0
USER004,2024-09-08,pre,5.5,2,1
USER027,2024-09-08,pre,7.9,4,0
USER055,2024-09-08,pre,6.7,1,0
USER040,2024-09-08,pre,5.4,3,0
USER048,2024-09-08,pre,2.6,4,1
USER054,2024-09-08,pre,7.0,1,0
USER057,2024-09-08,pre,6.1,1,1
USER014,2024-09-08,pre,3.9,4,0
USER009,2024-09-08,pre,4.7,5,0
USER025,2024-09-08,pre,7.2,1,0
USER017,2024-09-08,pre,4.0,4,0
USER032,2024-09-08,pre,5.1,2,0
USER018,2024-09-08,pre,4.0,3,0
USER007,2024-09-08,pre,5.2,2,0
USER039,2024-09-08,pre,1.9,3,0
USER005,2024-09-08,pre,6.1,3,0
USER038,2024-09-09,pre,6.0,2,0
USER037,2024-09-09,pre,3.2,3,1
USER052,2024-09-09,pre,3.9,3,0
USER015,2024-09-09,pre,2.8,0,0
USER036,2024-09-09,pre,4.4,2,0
USER054,2024-09-09,pre,4.1,1,0
USER007,2024-09-09,pre,2.2,1,0
USER040,2024-09-09,pre,4.8,3,0
USER035,2024-09-09,pre,5.2,5,1
USER031,2024-09-09,pre,1.1,2,1
USER039,2024-09-09,pre,4.8,4,0
USER009,2024-09-09,pre,3.4,3,0
USER055,2024-09-09,pre,4.7,4,0
USER027,2024-09-09,pre,4.1,2,0
USER022,2024-09-09,pre,5.9,2,0
USER001,2024-09-09,pre,4.4,2,0
USER048,2024-09-09,pre,3.4,2,0
USER034,2024-09-09,pre,2.3,0,1
USER005,2024-09-09,pre,0.7,1,1
USER030,2024-09-09,pre,2.5,1,0
USER024,2024-09-09,pre,4.6,1,0
USER041,2024-09-09,pre,4.3,3,0
USER047,2024-09-09,pre,7.7,4,0
USER045,2024-09-09,pre,7.4,2,1
USER044,2024-09-09,pre,7.2,2,0
USER033,2024-09-09,pre,4.7,1,0
USER003,2024-09-09,pre,6.2,3,0
USER028,2024-09-09,pre,0.9,0,0
USER029,2024-09-09,pre,5.6,1,0
USER046,2024-09-09,pre,4.0,2,0
USER060,2024-09-09,pre,7.9,2,0
USER022,2024-09-10,pre,6.6,3,0
USER040,2024-09-10,pre,1.9,0,0
USER016,2024-09-10,pre,3.8,1,0
USER032,2024-09-10,pre,6.6,1,0
USER028,2024-09-10,pre,3.1,2,0
USER043,2024-09-10,pre,8.6,2,0
USER024,2024-09-10,pre,3.8,8,1
USER005,2024-09-10,pre,4.0,0,1
USER006,2024-09-10,pre,6.3,2,0
USER034,2024-09-10,pre,1.9,1,1
USER009,2024-09-10,pre,3.7,3,1
USER021,2024-09-10,pre,3.3,1,0
USER056,2024-09-10,pre,4.8,1,0
USER048,2024-09-10,pre,3.5,1,0
USER041,2024-09-10,pre,7.4,4,0
USER060,2024-09-10,pre,5.1,3,0
USER008,2024-09-10,pre,2.7,2,0
USER025,2024-09-10,pre,2.2,3,0
USER014,2024-09-10,pre,6.8,1,0
USER039,2024-09-10,pre,8.9,3,0
USER044,2024-09-10,pre,2.5,3,0
USER030,2024-09-10,pre,5.3,2,0
USER011,2024-09-10,pre,5.6,4,0
USER031,2024-09-10,pre,3.0,2,0
USER007,2024-09-10,pre,7.5,4,1
USER045,2024-09-10,pre,0.9,3,0
USER055,2024-09-11,pre,8.8,4,0
USER032,2024-09-11,pre,11.2,2,0
USER014,2024-09-11,pre,3.8,2,1
USER040,2024-09-11,pre,3.1,0,0
USER036,2024-09-11,pre,1.5,5,1
USER043,2024-09-11,pre,5.3,2,0
USER012,2024-09-11,pre,4.8,3,0
USER007,2024-09-11,pre,7.9,5,0
USER049,2024-09-11,pre,6.5,6,0
USER009,2024-09-11,pre,6.5,2,0
USER022,2024-09-11,pre,4.8,2,0
USER021,2024-09-11,pre,5.4,1,0
USER033,2024-09-11,pre,6.3,3,0
USER035,2024-09-11,pre,3.6,1,1
USER059,2024-09-11,pre,4.1,1,0
USER031,2024-09-11,pre,3.6,3,0
USER018,2024-09-11,pre,3.2,3,0
USER003,2024-09-11,pre,3.8,1,0
USER023,2024-09-11,pre,7.6,1,0
USER004,2024-09-11,pre,7.1,4,0
USER058,2024-09-11,pre,5.7,3,0
USER005,2024-09-11,pre,7.6,4,0
USER050,2024-09-11,pre,5.0,0,0
USER039,2024-09-11,pre,4.6,2,0
USER057,2024-09-11,pre,5.8,1,1
USER020,2024-09-11,pre,5.5,5,0
USER025,2024-09-11,pre,5.8,6,1
USER024,2024-09-11,pre,4.2,4,0
USER041,2024-09-11,pre,3.7,1,0
USER044,2024-09-11,pre,3.4,1,1
USER042,2024-09-11,pre,7.4,3,0
USER038,2024-09-11,pre,5.4,2,0
USER056,2024-09-11,pre,3.1,3,0
USER011,2024-09-11,pre,4.6,0,0
USER030,2024-09-11,pre,6.3,2,0
USER028,2024-09-11,pre,6.3,2,0
USER047,2024-09-11,pre,4.5,2,0
USER019,2024-09-11,pre,7.5,4,0
USER034,2024-09-11,pre,2.0,5,1
USER008,2024-09-11,pre,2.8,0,0
USER045,2024-09-11,pre,6.0,5,0
USER016,2024-09-11,pre,3.7,6,0
USER051,2024-09-11,pre,10.2,3,1
USER058,2024-09-12,pre,8.8,1,0
USER008,2024-09-12,pre,2.4,0,0
USER048,2024-09-12,pre,4.7,3,0
USER050,2024-09-12,pre,4.5,4,0
USER049,2024-09-12,pre,6.3,3,0
USER059,2024-09-12,pre,3.4,4,0
USER034,2024-09-12,pre,6.3,0,0
USER012,2024-09-12,pre,5.3,1,0
USER046,2024-09-12,pre,3.5,2,0
USER004,2024-09-12,pre,7.6,1,0
USER001,2024-09-12,pre,2.1,1,0
USER014,2024-09-12,pre,2.3,3,0
USER043,2024-09-12,pre,2.5,4,0
USER018,2024-09-12,pre,2.2,4,0
USER003,2024-09-12,pre,3.1,1,0
USER040,2024-09-12,pre,6.2,2,0
USER016,2024-09-12,pre,6.9,2,0
USER022,2024-09-12,pre,5.9,5,0
USER033,2024-09-12,pre,2.7,4,0
USER053,2024-09-12,pre,4.2,3,0
USER031,2024-09-12,pre,7.6,8,0
USER055,2024-09-12,pre,8.9,3,0
USER032,2024-09-12,pre,4.0,1,1
USER013,2024-09-12,pre,7.1,2,0
USER009,2024-09-12,pre,5.4,0,1
USER051,2024-09-12,pre,2.1,2,0
USER056,2024-09-12,pre,2.2,1,0
USER006,2024-09-12,pre,2.2,4,0
USER057,2024-09-12,pre,9.3,4,1
USER054,2024-09-12,pre,3.6,1,0
USER060,2024-09-13,pre,6.1,3,0
USER025,2024-09-13,pre,2.6,3,0
USER038,2024-09-13,pre,1.4,1,0
USER046,2024-09-13,pre,9.0,3,0
USER012,2024-09-13,pre,5.6,3,0
USER052,2024-09-13,pre,6.7,1,0
USER015,2024-09-13,pre,6.3,5,0
USER041,2024-09-13,pre,3.6,2,0
USER057,2024-09-13,pre,7.3,3,0
USER037,2024-09-13,pre,7.6,1,0
USER023,2024-09-13,pre,6.6,1,1
USER007,2024-09-13,pre,3.5,4,1
USER002,2024-09-13,pre,5.5,5,1
USER035,2024-09-13,pre,7.5,2,0
USER042,2024-09-13,pre,3.4,2,0
USER014,2024-09-13,pre,7.1,1,1
USER004,2024-09-14,pre,4.9,1,0
USER057,2024-09-14,pre,6.6,4,0
USER021,2024-09-14,pre,3.9,2,1
USER009,2024-09-14,pre,7.0,0,0
USER017,2024-09-14,pre,4.0,3,0
USER007,2024-09-14,pre,1.1,2,0
USER055,2024-09-14,pre,8.6,0,0
USER018,2024-09-14,pre,5.9,3,1
USER049,2024-09-14,pre,1.7,0,1
USER011,2024-09-14,pre,7.6,2,0
USER003,2024-09-14,pre,6.2,2,0
USER047,2024-09-14,pre,5.3,4,0
USER029,2024-09-14,pre,5.2,3,0
USER027,2024-09-14,pre,8.3,1,0
USER024,2024-09-14,pre,5.1,1,0
USER054,2024-09-14,pre,6.9,2,1
USER015,2024-09-14,pre,4.1,3,0
USER014,2024-09-14,pre,4.6,2,1
USER022,2024-09-14,pre,4.3,4,0
USER012,2024-09-14,pre,4.4,1,0
USER037,2024-09-14,pre,7.0,5,0
USER019,2024-09-14,pre,7.5,5,1
USER037,2024-09-15,pre,6.0,0,0
USER029,2024-09-15,pre,2.9,2,0
USER027,2024-09-15,pre,10.6,4,0
USER032,2024-09-15,pre,7.6,5,0
USER025,2024-09-15,pre,5.4,1,0
USER010,2024-09-15,pre,5.2,2,1
USER008,2024-09-15,pre,8.4,2,0
USER041,2024-09-15,pre,4.6,2,0
USER013,2024-09-15,pre,3.5,0,0
USER022,2024-09-15,pre,7.8,5,1
USER020,2024-09-15,pre,3.5,3,0
USER053,2024-09-15,pre,4.2,1,0
USER021,2024-09-15,pre,4.0,1,0
USER026,2024-09-15,pre,6.1,1,0
USER005,2024-09-15,pre,2.2,2,0
USER018,2024-09-15,pre,2.3,3,1
USER015,2024-09-15,pre,3.7,1,0
USER054,2024-09-15,pre,7.7,0,0
USER023,2024-09-15,pre,6.4,3,0
USER052,2024-09-15,pre,8.6,2,0
USER033,2024-09-15,pre,9.0,1,0
USER049,2024-09-15,pre,2.2,7,0
USER050,2024-09-15,pre,6.2,3,0
USER036,2024-09-15,pre,6.8,2,0
USER024,2024-09-15,pre,7.7,3,0
USER016,2024-09-15,pre,4.5,4,0
USER046,2024-09-15,pre,9.8,3,0
USER012,2024-09-15,pre,6.0,2,0
USER004,2024-09-15,pre,3.8,3,0
USER002,2024-09-15,pre,5.7,2,0
USER017,2024-09-15,pre,6.8,3,0
USER056,2024-09-15,pre,4.4,3,1
USER011,2024-09-15,pre,8.9,3,1
USER019,2024-09-15,pre,6.3,2,1
USER031,2024-09-15,pre,2.6,2,1
USER055,2024-09-15,pre,4.1,2,0
USER047,2024-09-15,pre,4.4,1,0
USER001,2024-09-15,pre,7.0,1,1
USER006,2024-09-15,pre,5.1,3,0
USER006,2024-09-16,pre,9.7,2,0
USER058,2024-09-16,pre,4.2,0,0
USER031,2024-09-16,pre,4.6,3,0
USER050,2024-09-16,pre,3.7,4,0
USER022,2024-09-16,pre,7.4,2,0
USER002,2024-09-16,pre,5.5,2,0
USER047,2024-09-16,pre,4.0,3,1
USER032,2024-09-16,pre,5.3,5,1
USER044,2024-09-16,pre,6.3,0,0
USER037,2024-09-16,pre,4.0,2,0
USER027,2024-09-16,pre,1.9,5,0
USER016,2024-09-16,pre,5.1,6,0
USER060,2024-09-16,pre,4.1,3,0
USER015,2024-09-16,pre,4.9,1,1
USER010,2024-09-16,pre,2.0,2,0
USER018,2024-09-16,pre,3.5,3,0
USER052,2024-09-16,pre,6.3,4,1
USER004,2024-09-16,pre,2.6,5,0
USER045,2024-09-16,pre,2.8,3,0
USER038,2024-09-16,pre,3.3,0,0
USER025,2024-09-16,pre,8.7,2,1
USER048,2024-09-16,pre,4.8,2,1
USER057,2024-09-16,pre,2.2,1,0
USER021,2024-09-16,pre,4.6,3,0
USER039,2024-09-16,pre,5.7,2,0
USER026,2024-09-16,pre,3.8,3,0
USER035,2024-09-16,pre,1.7,3,0
USER011,2024-09-16,pre,4.7,1,1
USER059,2024-09-16,pre,9.2,0,0
USER003,2024-09-16,pre,2.2,3,0
USER009,2024-09-16,pre,3.4,4,0
USER012,2024-09-16,pre,5.1,1,1
USER049,2024-09-16,pre,1.4,2,0
USER055,2024-09-16,pre,3.7,1,0
USER014,2024-09-16,pre,8.6,5,0
USER033,2024-09-16,pre,4.7,0,0
USER023,2024-09-16,pre,2.9,3,0
USER042,2024-09-16,pre,6.0,1,0
USER034,2024-09-16,pre,2.5,2,0
USER017,2024-09-16,pre,1.3,2,0
USER056,2024-09-16,pre,3.2,3,0
USER036,2024-09-16,pre,3.9,0,0
USER007,2024-09-16,pre,5.5,2,0
USER039,2024-09-17,pre,7.6,3,0
USER006,2024-09-17,pre,5.8,2,0
USER043,2024-09-17,pre,4.7,1,0
USER049,2024-09-17,pre,6.1,2,0
USER055,2024-09-17,pre,6.6,4,0
USER035,2024-09-17,pre,6.3,3,0
USER027,2024-09-17,pre,5.0,3,0
USER056,2024-09-17,pre,4.3,2,1
USER042,2024-09-17,pre,4.4,0,1
USER047,2024-09-17,pre,3.5,2,0
USER020,2024-09-17,pre,3.8,0,0
USER060,2024-09-17,pre,5.5,2,1
USER052,2024-09-17,pre,1.5,1,0
USER033,2024-09-17,pre,9.5,2,1
USER032,2024-09-17,pre,3.9,4,1
USER045,2024-09-17,pre,4.9,1,1
USER018,2024-09-17,pre,2.9,2,0
USER057,2024-09-17,pre,5.3,3,0
USER013,2024-09-17,pre,5.8,3,0
USER012,2024-09-17,pre,5.7,3,1
USER001,2024-09-17,pre,6.2,0,0
USER014,2024-09-17,pre,3.6,3,0
USER038,2024-09-17,pre,1.8,3,0
USER010,2024-09-17,pre,6.2,0,0
USER011,2024-09-17,pre,10.5,0,0
USER025,2024-09-17,pre,3.2,0,1
USER026,2024-09-17,pre,8.2,1,0
USER051,2024-09-17,pre,4.9,4,0
USER031,2024-09-17,pre,5.1,2,0
USER040,2024-09-17,pre,6.6,6,0
USER021,2024-09-17,pre,0.5,2,0
USER022,2024-09-17,pre,3.2,1,0
USER007,2024-09-17,pre,1.5,1,0
USER016,2024-09-17,pre,4.3,2,0
USER041,2024-09-17,pre,5.8,3,0
USER034,2024-09-17,pre,3.5,2,0
USER024,2024-09-17,pre,8.3,4,1
USER054,2024-09-17,pre,4.0,2,0
USER032,2024-09-18,pre,7.4,1,0
USER029,2024-09-18,pre,6.6,0,0
USER028,2024-09-18,pre,2.1,2,0
USER001,2024-09-18,pre,6.9,3,0
USER013,2024-09-18,pre,6.4,2,0
USER036,2024-09-18,pre,3.9,3,0
USER010,2024-09-18,pre,4.8,2,0
USER052,2024-09-18,pre,3.7,5,0
USER044,2024-09-18,pre,3.9,2,0
USER033,2024-09-18,pre,4.9,0,0
USER004,2024-09-18,pre,4.9,3,0
USER031,2024-09-18,pre,5.4,1,0
USER005,2024-09-18,pre,7.3,2,1
USER050,2024-09-18,pre,2.5,0,0
USER047,2024-09-18,pre,5.8,2,0
USER054,2024-09-18,pre,0.5,4,0
USER017,2024-09-18,pre,5.4,6,0
USER021,2024-09-18,pre,6.5,1,0
USER034,2024-09-18,pre,6.7,1,0
USER042,2024-09-18,pre,7.9,1,0
USER058,2024-09-18,pre,7.3,1,0
USER018,2024-09-18,pre,6.3,1,0
USER008,2024-09-18,pre,1.4,3,0
USER033,2024-09-19,pre,4.3,4,0
USER008,2024-09-19,pre,5.1,2,0
USER029,2024-09-19,pre,5.0,3,1
USER014,2024-09-19,pre,5.9,2,0
USER036,2024-09-19,pre,4.7,3,1
USER047,2024-09-19,pre,3.0,1,0
USER028,2024-09-19,pre,6.0,7,0
USER035,2024-09-19,pre,5.6,0,0
USER007,2024-09-19,pre,3.2,3,0
USER025,2024-09-19,pre,5.7,3,0
USER023,2024-09-19,pre,4.3,2,0
USER012,2024-09-19,pre,3.2,5,0
USER048,2024-09-19,pre,5.6,1,1
USER010,2024-09-19,pre,3.5,2,0
USER016,2024-09-19,pre,8.3,4,0
USER022,2024-09-19,pre,4.6,2,0
USER003,2024-09-19,pre,2.6,3,1
USER032,2024-09-19,pre,6.9,0,0
USER041,2024-09-19,pre,4.9,4,1
USER039,2024-09-19,pre,9.3,2,0
USER040,2024-09-19,pre,6.7,4,0
USER046,2024-09-19,pre,8.9,2,0
USER031,2024-09-19,pre,7.6,3,1
USER053,2024-09-19,pre,5.2,2,1
USER043,2024-09-19,pre,4.1,0,1
USER015,2024-09-19,pre,5.5,1,0
USER048,2024-09-20,pre,11.1,1,0
USER029,2024-09-20,pre,6.9,6,0
USER052,2024-09-20,pre,6.7,4,1
USER050,2024-09-20,pre,5.9,1,0
USER035,2024-09-20,pre,4.6,4,0
USER055,2024-09-20,pre,6.8,1,1
USER027,2024-09-20,pre,4.8,1,1
USER059,2024-09-20,pre,7.7,2,0
USER043,2024-09-20,pre,3.5,2,0
USER046,2024-09-20,pre,2.1,3,0
USER015,2024-09-20,pre,8.0,3,0
USER045,2024-09-20,pre,5.8,4,0
USER039,2024-09-20,pre,9.0,1,1
USER031,2024-09-20,pre,0.5,4,0
USER005,2024-09-20,pre,4.5,2,0
USER056,2024-09-20,pre,7.4,0,0
USER051,2024-09-20,pre,0.5,4,0
USER060,2024-09-20,pre,1.8,3,0
USER003,2024-09-20,pre,4.8,8,0
USER023,2024-09-20,pre,3.4,3,0
USER037,2024-09-20,pre,5.1,4,1
USER053,2024-09-20,pre,5.5,3,1
USER017,2024-09-20,pre,3.5,2,0
USER028,2024-09-20,pre,4.4,2,0
USER033,2024-09-20,pre,2.4,3,0
USER057,2024-09-20,pre,4.7,2,0
USER014,2024-09-20,pre,2.2,2,1
USER042,2024-09-20,pre,4.6,3,0
USER024,2024-09-20,pre,8.9,1,0
USER036,2024-09-21,pre,4.5,0,1
USER023,2024-09-21,pre,5.0,1,0
USER031,2024-09-21,pre,3.8,0,0
USER049,2024-09-21,pre,4.7,4,0
USER010,2024-09-21,pre,6.4,2,0
USER052,2024-09-21,pre,6.2,1,0
USER026,2024-09-21,pre,9.8,0,0
USER043,2024-09-21,pre,4.4,2,0
USER045,2024-09-21,pre,6.2,3,0
USER034,2024-09-21,pre,4.9,0,0
USER021,2024-09-21,pre,5.8,3,0
USER003,2024-09-21,pre,4.8,4,0
USER001,2024-09-21,pre,5.1,1,0
USER030,2024-09-21,pre,8.4,2,0
USER009,2024-09-21,pre,5.1,2,0
USER060,2024-09-21,pre,5.3,3,0
USER044,2024-09-21,pre,4.5,3,0
USER020,2024-09-21,pre,8.0,2,1
USER015,2024-09-21,pre,5.5,5,1
USER033,2024-09-21,pre,8.2,4,0
USER059,2024-09-21,pre,11.0,1,0
USER051,2024-09-21,pre,6.5,6,0
USER048,2024-09-21,pre,7.1,6,0
USER002,2024-09-21,pre,2.8,1,1
USER041,2024-09-21,pre,4.5,4,1
USER028,2024-09-21,pre,9.7,2,0
USER035,2024-09-21,pre,6.8,1,0
USER011,2024-09-21,pre,4.4,1,0
USER018,2024-09-21,pre,2.3,2,0
USER050,2024-09-21,pre,5.6,2,1
USER054,2024-09-21,pre,7.1,2,0
USER029,2024-09-21,pre,5.2,1,0
USER055,2024-09-21,pre,2.7,2,0
USER040,2024-09-21,pre,5.5,2,1
USER032,2024-09-22,pre,6.2,3,0
USER001,2024-09-22,pre,6.5,0,1
USER009,2024-09-22,pre,3.8,1,0
USER030,2024-09-22,pre,4.5,1,0
USER050,2024-09-22,pre,8.3,3,0
USER024,2024-09-22,pre,2.7,3,0
USER048,2024-09-22,pre,5.6,1,1
USER004,2024-09-22,pre,3.7,1,0
USER031,2024-09-22,pre,5.9,3,0
USER027,2024-09-22,pre,2.9,2,0
USER040,2024-09-22,pre,3.1,0,1
USER052,2024-09-22,pre,3.8,1,0
USER045,2024-09-22,pre,4.2,0,1
USER028,2024-09-22,pre,2.9,6,0
USER054,2024-09-22,pre,6.8,3,1
USER037,2024-09-22,pre,2.7,1,1
USER016,2024-09-22,pre,9.6,3,0
USER035,2024-09-22,pre,7.3,3,0
USER003,2024-09-22,pre,0.6,0,0
USER023,2024-09-23,pre,4.8,4,1
USER024,2024-09-23,pre,6.7,2,1
USER034,2024-09-23,pre,3.9,0,1
USER057,2024-09-23,pre,8.0,1,0
USER060,2024-09-23,pre,3.3,4,0
USER037,2024-09-23,pre,4.1,3,0
USER015,2024-09-23,pre,6.3,5,0
USER038,2024-09-23,pre,6.3,3,1
USER043,2024-09-23,pre,4.5,4,0
USER011,2024-09-23,pre,8.6,2,0
USER010,2024-09-23,pre,7.0,2,0
USER017,2024-09-23,pre,5.4,5,0
USER049,2024-09-23,pre,8.4,0,0
USER021,2024-09-23,pre,8.0,2,0
USER056,2024-09-23,pre,5.8,2,0
USER028,2024-09-23,pre,7.8,3,1
USER022,2024-09-23,pre,8.2,2,1
USER006,2024-09-24,pre,6.8,2,1
USER021,2024-09-24,pre,5.4,2,1
USER028,2024-09-24,pre,8.1,1,0
USER038,2024-09-24,pre,4.6,4,0
USER059,2024-09-24,pre,7.5,1,0
USER057,2024-09-24,pre,3.1,0,0
USER003,2024-09-24,pre,6.6,1,1
USER031,2024-09-24,pre,9.7,4,0
USER001,2024-09-24,pre,6.9,3,0
USER023,2024-09-24,pre,0.5,2,0
USER048,2024-09-24,pre,6.1,5,0
USER043,2024-09-24,pre,5.2,5,0
USER044,2024-09-24,pre,3.8,1,0
USER058,2024-09-24,pre,5.9,6,0
USER039,2024-09-24,pre,9.2,1,0
USER024,2024-09-24,pre,5.3,3,0
USER005,2024-09-24,pre,1.9,3,0
USER052,2024-09-24,pre,4.3,4,0
USER047,2024-09-24,pre,2.6,4,0
USER014,2024-09-24,pre,2.4,7,1
USER027,2024-09-24,pre,0.5,2,0
USER008,2024-09-24,pre,5.8,3,0
USER050,2024-09-24,pre,6.5,3,1
USER009,2024-09-24,pre,4.2,3,0
USER034,2024-09-24,pre,8.8,2,0
USER032,2024-09-24,pre,8.2,3,0
USER019,2024-09-24,pre,10.2,3,0
USER054,2024-09-24,pre,4.0,2,1
USER046,2024-09-24,pre,1.2,1,1
USER033,2024-09-24,pre,6.3,1,1
USER015,2024-09-24,pre,2.4,2,0
USER040,2024-09-24,pre,5.8,4,1
USER047,2024-09-25,pre,4.5,1,0
USER035,2024-09-25,pre,4.1,3,0
USER023,2024-09-25,pre,5.9,3,0
USER048,2024-09-25,pre,6.0,0,0
USER034,2024-09-25,pre,5.8,0,1
USER037,2024-09-25,pre,6.0,0,0
USER027,2024-09-25,pre,5.4,3,0
USER021,2024-09-25,pre,5.1,2,0
USER017,2024-09-25,pre,4.5,0,0
USER040,2024-09-25,pre,8.7,4,0
USER036,2024-09-25,pre,7.1,4,0
USER005,2024-09-25,pre,5.9,2,1
USER050,2024-09-25,pre,8.3,0,1
USER018,2024-09-25,pre,3.9,3,1
USER060,2024-09-25,pre,4.0,3,0
USER001,2024-09-25,pre,2.9,2,0
USER039,2024-09-25,pre,4.2,2,0
USER016,2024-09-25,pre,4.6,4,0
USER059,2024-09-25,pre,7.2,2,0
USER028,2024-09-25,pre,3.1,3,1
USER058,2024-09-25,pre,1.2,1,0
USER020,2024-09-25,pre,5.8,2,0
USER030,2024-09-25,pre,5.9,4,0
USER049,2024-09-25,pre,6.8,2,0
USER012,2024-09-25,pre,6.5,1,0
USER032,2024-09-25,pre,5.3,0,0
USER004,2024-09-25,pre,4.3,4,1
USER024,2024-09-25,pre,7.3,6,0
USER052,2024-09-25,pre,3.2,1,1
USER042,2024-09-25,pre,2.0,2,0
USER015,2024-09-25,pre,6.7,3,0
USER010,2024-09-25,pre,3.2,4,0
USER031,2024-09-25,pre,3.2,4,0
USER043,2024-09-25,pre,4.6,1,0
USER002,2024-09-25,pre,4.8,4,0
USER011,2024-09-25,pre,3.1,3,0
USER013,2024-09-25,pre,8.7,2,0
USER037,2024-09-26,pre,7.7,2,1
USER045,2024-09-26,pre,4.9,2,0
USER016,2024-09-26,pre,6.8,6,0
USER038,2024-09-26,pre,3.4,0,1
USER007,2024-09-26,pre,9.2,4,0
USER039,2024-09-26,pre,2.8,1,0
USER020,2024-09-26,pre,5.4,1,1
USER032,2024-09-26,pre,1.3,4,1
USER018,2024-09-26,pre,6.9,1,0
USER015,2024-09-26,pre,5.9,1,1
USER030,2024-09-26,pre,2.4,2,0
USER010,2024-09-26,pre,3.6,2,0
USER060,2024-09-26,pre,4.0,5,0
USER057,2024-09-26,pre,4.7,3,0
USER003,2024-09-26,pre,7.7,2,0
USER013,2024-09-26,pre,5.4,0,0
USER021,2024-09-26,pre,7.4,3,0
USER049,2024-09-26,pre,6.8,3,1
USER006,2024-09-26,pre,4.9,2,0
USER048,2024-09-26,pre,6.5,1,0
USER025,2024-09-26,pre,3.7,1,0
USER002,2024-09-26,pre,8.5,0,0
USER047,2024-09-26,pre,4.6,1,0
USER008,2024-09-26,pre,8.6,2,0
USER055,2024-09-26,pre,6.6,1,0
USER009,2024-09-26,pre,6.5,1,0
USER050,2024-09-26,pre,3.6,4,1
USER028,2024-09-26,pre,6.9,2,0
USER052,2024-09-26,pre,5.1,1,0
USER058,2024-09-26,pre,0.5,3,0
USER020,2024-09-27,pre,7.4,2,0
USER025,2024-09-27,pre,5.1,1,0
USER014,2024-09-27,pre,3.6,0,0
USER052,2024-09-27,pre,1.8,2,1
USER013,2024-09-27,pre,6.3,5,1
USER048,2024-09-27,pre,3.3,2,0
USER012,2024-09-27,pre,7.6,0,0
USER033,2024-09-27,pre,5.8,1,0
USER029,2024-09-27,pre,7.6,3,0
USER017,2024-09-27,pre,4.6,3,0
USER041,2024-09-27,pre,7.8,0,0
USER010,2024-09-27,pre,4.2,4,1
USER024,2024-09-27,pre,3.5,2,0
USER027,2024-09-27,pre,3.4,4,0
USER021,2024-09-27,pre,5.2,1,0
USER026,2024-09-27,pre,3.8,2,0
USER036,2024-09-27,pre,6.5,2,0
USER045,2024-09-27,pre,3.1,0,0
USER047,2024-09-27,pre,6.7,1,0
USER035,2024-09-27,pre,3.3,2,0
USER003,2024-09-27,pre,2.8,3,0
USER030,2024-09-28,pre,7.3,0,1
USER035,2024-09-28,pre,8.6,3,0
USER007,2024-09-28,pre,5.8,3,0
USER036,2024-09-28,pre,1.4,2,0
USER041,2024-09-28,pre,4.0,1,0
USER004,2024-09-28,pre,5.0,5,1
USER031,2024-09-28,pre,3.7,2,0
USER060,2024-09-28,pre,6.9,0,0
USER040,2024-09-28,pre,3.1,3,0
USER046,2024-09-28,pre,5.4,4,0
USER018,2024-09-28,pre,4.9,0,0
USER052,2024-09-28,pre,6.3,4,0
USER047,2024-09-28,pre,7.3,1,0
USER058,2024-09-28,pre,2.8,4,0
USER019,2024-09-28,pre,1.8,4,0
USER034,2024-09-28,pre,0.5,1,0
USER045,2024-09-28,pre,1.9,1,0
USER008,2024-09-28,pre,2.4,2,0
USER023,2024-09-28,pre,5.0,2,0
USER056,2024-09-28,pre,4.7,6,0
USER043,2024-09-28,pre,5.4,4,0
USER051,2024-09-28,pre,9.2,1,0
USER050,2024-09-28,pre,7.9,1,0
USER028,2024-09-28,pre,6.6,2,0
USER027,2024-09-28,pre,7.0,5,0
USER040,2024-09-29,pre,6.4,2,0
USER039,2024-09-29,pre,2.0,2,1
USER003,2024-09-29,pre,2.4,6,0
USER011,2024-09-29,pre,4.6,2,0
USER043,2024-09-29,pre,1.7,2,0
USER015,2024-09-29,pre,2.8,5,0
USER018,2024-09-29,pre,2.1,3,1
USER019,2024-09-29,pre,1.6,3,0
USER050,2024-09-29,pre,5.9,5,1
USER009,2024-09-29,pre,5.0,0,1
USER055,2024-09-29,pre,6.7,1,0
USER036,2024-09-29,pre,7.9,0,0
USER007,2024-09-29,pre,1.6,3,1
USER028,2024-09-29,pre,1.5,0,0
USER012,2024-09-29,pre,4.6,0,0
USER046,2024-09-29,pre,3.2,0,1
USER025,2024-09-29,pre,4.4,3,1
USER047,2024-09-29,pre,4.6,2,0
USER054,2024-09-29,pre,5.2,0,1
USER033,2024-09-29,pre,5.1,5,0
USER020,2024-09-29,pre,6.3,3,0
USER048,2024-09-29,pre,9.3,0,1
USER034,2024-09-29,pre,6.1,3,0
USER026,2024-09-29,pre,3.8,3,0
USER059,2024-09-29,pre,4.3,1,0
USER060,2024-09-29,pre,2.4,3,1
USER048,2024-09-30,pre,9.2,2,0
USER012,2024-09-30,pre,9.8,1,0
USER015,2024-09-30,pre,1.7,0,0
USER050,2024-09-30,pre,5.3,3,0
USER040,2024-09-30,pre,4.4,0,0
USER052,2024-09-30,pre,7.5,3,0
USER060,2024-09-30,pre,4.4,3,1
USER008,2024-09-30,pre,6.6,0,0
USER031,2024-09-30,pre,3.4,1,0
USER049,2024-09-30,pre,8.0,5,0
USER025,2024-09-30,pre,8.7,0,0
USER005,2024-09-30,pre,4.9,2,0
USER056,2024-09-30,pre,9.7,8,0
USER045,2024-09-30,pre,5.3,1,0
USER027,2024-09-30,pre,6.9,3,0
USER036,2024-09-30,pre,1.3,3,0
USER011,2024-09-30,pre,3.1,0,1
USER044,2024-09-30,pre,2.8,2,0
USER023,2024-09-30,pre,1.9,1,0
USER034,2024-09-30,pre,5.3,3,0
USER032,2024-10-01,pre,5.8,3,1
USER023,2024-10-01,pre,2.7,2,0
USER027,2024-10-01,pre,6.7,2,0
USER022,2024-10-01,pre,6.8,4,1
USER029,2024-10-01,pre,7.9,1,0
USER060,2024-10-01,pre,3.6,1,0
USER038,2024-10-01,pre,6.8,0,0
USER037,2024-10-01,pre,9.1,3,0
USER052,2024-10-01,pre,5.5,6,0
USER004,2024-10-01,pre,4.5,2,1
USER025,2024-10-01,pre,6.9,2,0
USER008,2024-10-01,pre,12.1,2,0
USER033,2024-10-01,pre,5.6,4,0
USER016,2024-10-01,pre,6.6,1,0
USER019,2024-10-01,pre,2.4,4,0
USER017,2024-10-01,pre,3.7,2,1
USER010,2024-10-01,pre,2.1,3,1
USER057,2024-10-01,pre,6.5,0,0
USER049,2024-10-01,pre,3.3,2,0
USER006,2024-10-01,pre,4.1,5,0
USER048,2024-10-01,pre,9.4,0,0
USER003,2024-10-01,pre,2.1,1,1
USER021,2024-10-01,pre,5.0,1,0
USER045,2024-10-01,pre,6.5,2,0
USER043,2024-10-01,pre,5.6,4,1
USER054,2024-10-01,pre,4.9,1,0
USER005,2024-10-01,pre,4.9,4,0
USER009,2024-10-01,pre,5.5,3,0
USER046,2024-10-01,pre,4.3,0,0
USER051,2024-10-01,pre,0.5,4,0
USER012,2024-10-01,pre,7.8,1,1
USER034,2024-10-01,pre,5.7,2,0
USER053,2024-10-01,pre,4.3,3,1
USER014,2024-10-01,pre,4.4,1,1
USER042,2024-10-01,pre,3.8,5,0
USER044,2024-10-01,pre,8.3,0,1
USER018,2024-10-01,pre,5.3,2,0
USER040,2024-10-01,pre,4.7,1,0
USER024,2024-10-02,pre,5.7,5,0
USER031,2024-10-02,pre,5.5,3,1
USER042,2024-10-02,pre,3.5,3,0
USER007,2024-10-02,pre,4.9,2,0
USER043,2024-10-02,pre,7.4,3,0
USER020,2024-10-02,pre,6.6,2,1
USER023,2024-10-02,pre,4.0,0,0
USER057,2024-10-02,pre,4.4,3,0
USER055,2024-10-02,pre,4.8,1,1
USER038,2024-10-02,pre,2.9,1,0
USER054,2024-10-02,pre,6.0,2,1
USER053,2024-10-02,pre,4.1,2,1
USER018,2024-10-02,pre,3.2,2,0
USER051,2024-10-02,pre,2.1,2,0
USER045,2024-10-02,pre,6.7,3,0
USER058,2024-10-02,pre,4.2,2,0
USER050,2024-10-02,pre,2.2,5,1
USER021,2024-10-02,pre,3.8,1,0
USER035,2024-10-02,pre,4.3,4,0
USER013,2024-10-02,pre,7.3,4,0
USER046,2024-10-02,pre,4.4,1,0
USER032,2024-10-02,pre,4.8,0,0
USER014,2024-10-02,pre,0.9,2,0
USER025,2024-10-02,pre,4.8,2,0
USER036,2024-10-02,pre,7.4,2,1
USER003,2024-10-02,pre,6.3,3,0
USER030,2024-10-02,pre,4.4,0,0
USER012,2024-10-02,pre,4.9,2,0
USER026,2024-10-02,pre,5.5,3,0
USER047,2024-10-02,pre,6.2,3,0
USER060,2024-10-02,pre,4.1,2,0
USER040,2024-10-02,pre,5.9,1,0
USER028,2024-10-02,pre,4.2,1,0
USER012,2024-10-03,pre,4.2,1,0
USER032,2024-10-03,pre,3.9,1,0
USER041,2024-10-03,pre,7.1,2,0
USER053,2024-10-03,pre,6.0,1,0
USER025,2024-10-03,pre,3.2,1,1
USER016,2024-10-03,pre,7.9,0,0
USER046,2024-10-03,pre,5.9,3,0
USER009,2024-10-03,pre,8.4,4,1
USER052,2024-10-03,pre,8.7,3,0
USER030,2024-10-03,pre,5.1,3,0
USER060,2024-10-03,pre,5.5,4,0
USER011,2024-10-03,pre,6.8,0,0
USER014,2024-10-03,pre,4.0,2,0
USER059,2024-10-03,pre,4.4,1,1
USER015,2024-10-03,pre,8.5,1,0
USER059,2024-10-04,pre,5.0,5,0
USER024,2024-10-04,pre,3.2,5,1
USER017,2024-10-04,pre,4.2,2,0
USER038,2024-10-04,pre,4.1,2,0
USER014,2024-10-04,pre,6.5,1,0
USER004,2024-10-04,pre,8.5,2,1
USER051,2024-10-04,pre,5.6,1,0
USER053,2024-10-04,pre,7.7,1,0
USER049,2024-10-04,pre,2.2,3,0
USER023,2024-10-04,pre,3.1,1,0
USER056,2024-10-04,pre,5.5,0,0
USER037,2024-10-04,pre,5.4,2,0
USER030,2024-10-04,pre,5.0,5,0
USER013,2024-10-04,pre,3.9,1,0
USER020,2024-10-04,pre,0.5,1,0
USER060,2024-10-04,pre,3.7,2,0
USER007,2024-10-04,pre,3.5,5,0
USER047,2024-10-04,pre,1.3,1,1
USER054,2024-10-04,pre,1.0,1,0
USER040,2024-10-04,pre,2.6,2,0
USER057,2024-10-04,pre,5.7,4,0
USER028,2024-10-04,pre,8.4,4,0
USER019,2024-10-04,pre,9.1,3,1
USER010,2024-10-04,pre,6.8,3,1
USER027,2024-10-04,pre,2.2,1,0
USER055,2024-10-04,pre,8.2,1,0
USER025,2024-10-04,pre,0.5,2,1
USER035,2024-10-04,pre,6.7,3,1
USER002,2024-10-04,pre,6.4,9,0
USER046,2024-10-04,pre,4.9,4,0
USER018,2024-10-04,pre,5.6,1,0
USER031,2024-10-04,pre,9.0,2,0
USER042,2024-10-04,pre,4.5,1,1
USER015,2024-10-04,pre,3.2,0,0
USER006,2024-10-04,pre,8.4,5,0
USER036,2024-10-04,pre,6.2,1,0
USER057,2024-10-05,pre,8.3,3,0
USER058,2024-10-05,pre,6.6,4,0
USER036,2024-10-05,pre,2.6,2,0
USER037,2024-10-05,pre,8.8,2,0
USER011,2024-10-05,pre,3.5,4,0
USER010,2024-10-05,pre,5.6,4,0
USER021,2024-10-05,pre,6.0,4,0
USER005,2024-10-05,pre,5.0,5,0
USER042,2024-10-05,pre,2.4,3,0
USER031,2024-10-05,pre,4.5,2,0
USER018,2024-10-05,pre,7.2,3,0
USER032,2024-10-05,pre,3.3,0,0
USER054,2024-10-05,pre,3.4,0,0
USER012,2024-10-05,pre,9.3,2,1
USER039,2024-10-05,pre,4.8,1,1
USER050,2024-10-05,pre,6.7,0,1
USER040,2024-10-05,pre,1.4,1,0
USER029,2024-10-05,pre,5.3,3,0
USER030,2024-10-05,pre,6.1,4,0
USER023,2024-10-05,pre,4.2,1,0
USER026,2024-10-05,pre,3.2,5,0
USER024,2024-10-05,pre,5.4,5,0
USER048,2024-10-05,pre,4.8,3,0
USER007,2024-10-05,pre,10.3,0,0
USER056,2024-10-05,pre,5.0,4,1
USER033,2024-10-05,pre,2.6,1,0
USER033,2024-10-06,pre,4.8,1,0
USER014,2024-10-06,pre,5.1,4,0
USER053,2024-10-06,pre,5.3,0,0
USER051,2024-10-06,pre,4.7,4,0
USER022,2024-10-06,pre,7.4,1,0
USER019,2024-10-06,pre,7.0,1,0
USER044,2024-10-06,pre,6.5,3,0
USER050,2024-10-06,pre,6.5,2,1
USER049,2024-10-06,pre,6.4,3,0
USER056,2024-10-06,pre,5.4,0,0
USER052,2024-10-06,pre,3.5,4,0
USER030,2024-10-06,pre,4.6,1,0
USER055,2024-10-06,pre,3.0,3,0
USER037,2024-10-06,pre,6.4,4,0
USER060,2024-10-06,pre,5.4,0,1
USER034,2024-10-06,pre,7.4,1,0
USER041,2024-10-06,pre,3.5,2,0
USER015,2024-10-06,pre,2.6,7,0
USER040,2024-10-06,pre,7.7,1,0
USER028,2024-10-06,pre,9.7,3,0
USER045,2024-10-06,pre,7.7,0,0
USER013,2024-10-06,pre,7.6,4,1
USER036,2024-10-06,pre,6.0,5,1
USER009,2024-10-06,pre,5.6,0,0
USER024,2024-10-06,pre,1.0,4,1
USER010,2024-10-06,pre,3.5,0,0
USER038,2024-10-06,pre,6.9,2,1
USER048,2024-10-06,pre,7.0,4,1
USER059,2024-10-06,pre,7.6,1,1
USER002,2024-10-06,pre,8.4,1,1
USER020,2024-10-06,pre,5.3,2,0
USER054,2024-10-06,pre,3.7,1,0
USER007,2024-10-06,pre,3.2,3,1
USER011,2024-10-06,pre,0.5,4,1
USER023,2024-10-06,pre,5.4,2,0
USER008,2024-10-06,pre,4.7,4,0
USER027,2024-10-06,pre,4.5,3,0
USER006,2024-10-06,pre,6.8,5,1
USER023,2024-10-07,pre,7.4,5,0
USER059,2024-10-07,pre,3.8,3,0
USER017,2024-10-07,pre,10.9,1,0
USER007,2024-10-07,pre,9.5,1,0
USER058,2024-10-07,pre,5.9,1,0
USER009,2024-10-07,pre,8.3,0,0
USER011,2024-10-07,pre,3.9,3,1
USER027,2024-10-07,pre,7.4,3,1
USER015,2024-10-07,pre,5.9,0,0
USER041,2024-10-07,pre,4.9,2,1
USER055,2024-10-07,pre,6.5,0,0
USER053,2024-10-07,pre,3.0,1,0
USER048,2024-10-07,pre,8.5,1,0
USER050,2024-10-07,pre,3.2,5,0
USER008,2024-10-07,pre,6.7,5,0
USER019,2024-10-07,pre,6.7,4,0
USER056,2024-10-07,pre,6.4,5,0
USER021,2024-10-07,pre,8.7,0,1
USER013,2024-10-07,pre,3.3,2,0
USER031,2024-10-07,pre,5.3,7,0
USER057,2024-10-07,pre,3.8,4,0
USER022,2024-10-07,pre,4.6,2,1
USER003,2024-10-07,pre,8.3,5,1
USER018,2024-10-07,pre,9.0,0,0
USER043,2024-10-07,pre,7.1,3,0
USER046,2024-10-07,pre,3.4,1,1
USER026,2024-10-07,pre,3.6,1,0
USER032,2024-10-07,pre,2.8,0,1
USER029,2024-10-07,pre,5.8,0,0
USER016,2024-10-07,pre,3.3,2,1
USER037,2024-10-07,pre,3.8,2,0
USER044,2024-10-07,pre,5.1,3,0
USER036,2024-10-08,pre,2.3,1,0
USER047,2024-10-08,pre,3.9,3,0
USER031,2024-10-08,pre,9.0,1,0
USER028,2024-10-08,pre,1.7,0,0
USER041,2024-10-08,pre,9.0,1,0
USER050,2024-10-08,pre,6.5,0,0
USER011,2024-10-08,pre,3.6,3,0
USER056,2024-10-08,pre,1.9,2,0
USER025,2024-10-08,pre,9.9,0,0
USER001,2024-10-08,pre,3.2,2,1
USER012,2024-10-08,pre,6.8,1,0
USER014,2024-10-08,pre,7.9,0,0
USER022,2024-10-08,pre,5.9,1,0
USER057,2024-10-08,pre,5.5,2,0
USER019,2024-10-08,pre,2.2,2,0
USER002,2024-10-08,pre,0.5,1,0
USER044,2024-10-08,pre,8.7,1,1
USER038,2024-10-08,pre,1.9,2,0
USER015,2024-10-08,pre,4.3,2,0
USER051,2024-10-08,pre,3.9,2,0
USER040,2024-10-08,pre,4.9,4,0
USER035,2024-10-08,pre,4.4,2,1
USER059,2024-10-08,pre,3.5,1,0
USER033,2024-10-08,pre,2.1,3,0
USER006,2024-10-08,pre,3.0,5,1
USER024,2024-10-08,pre,4.5,3,0
USER053,2024-10-08,pre,3.1,2,0
USER058,2024-10-08,pre,3.5,3,0
USER043,2024-10-08,pre,3.0,2,0
USER060,2024-10-09,pre,6.5,6,0
USER059,2024-10-09,pre,4.9,2,0
USER029,2024-10-09,pre,4.1,3,0
USER014,2024-10-09,pre,3.0,1,1
USER022,2024-10-09,pre,5.1,2,1
USER057,2024-10-09,pre,5.0,2,0
USER013,2024-10-09,pre,7.2,5,0
USER011,2024-10-09,pre,4.8,3,0
USER031,2024-10-09,pre,3.7,2,0
USER003,2024-10-09,pre,4.4,1,0
USER009,2024-10-09,pre,0.5,0,0
USER033,2024-10-09,pre,5.3,4,0
USER038,2024-10-09,pre,5.2,2,0
USER039,2024-10-09,pre,8.0,2,0
USER026,2024-10-09,pre,8.6,1,1
USER027,2024-10-09,pre,6.5,1,0
USER028,2024-10-09,pre,5.0,1,0
USER049,2024-10-09,pre,1.8,3,0
USER044,2024-10-09,pre,5.3,5,0
USER035,2024-10-09,pre,7.3,4,0
USER024,2024-10-09,pre,5.5,4,0
USER041,2024-10-09,pre,3.3,3,1
USER018,2024-10-09,pre,2.7,1,0
USER055,2024-10-09,pre,5.8,1,0
USER005,2024-10-09,pre,2.6,4,1
USER006,2024-10-09,pre,5.6,3,0
USER025,2024-10-09,pre,4.2,0,1
USER053,2024-10-09,pre,3.0,3,0
USER036,2024-10-09,pre,4.8,2,0
USER002,2024-10-09,pre,7.3,1,0
USER023,2024-10-09,pre,3.1,3,0
USER056,2024-10-09,pre,5.0,4,1
USER030,2024-10-09,pre,7.5,1,0
USER054,2024-10-09,pre,0.9,1,0
USER012,2024-10-09,pre,6.3,3,0
USER034,2024-10-09,pre,4.0,1,1
USER051,2024-10-09,pre,4.0,1,1
USER010,2024-10-09,pre,6.2,4,0
USER020,2024-10-09,pre,5.3,1,1
USER050,2024-10-09,pre,0.9,5,0
USER015,2024-10-09,pre,1.8,1,0
USER007,2024-10-09,pre,3.2,3,0
USER045,2024-10-09,pre,7.2,0,0
USER042,2024-10-10,pre,5.1,2,0
USER037,2024-10-10,pre,7.3,0,1
USER056,2024-10-10,pre,6.5,3,0
USER058,2024-10-10,pre,2.2,4,0
USER047,2024-10-10,pre,4.0,2,0
USER057,2024-10-10,pre,7.8,4,0
USER055,2024-10-10,pre,6.6,1,0
USER040,2024-10-10,pre,4.9,3,0
USER038,2024-10-10,pre,2.2,3,1
USER008,2024-10-10,pre,7.1,2,0
USER021,2024-10-10,pre,6.1,1,0
USER051,2024-10-10,pre,4.0,3,0
USER020,2024-10-10,pre,5.1,2,0
USER007,2024-10-10,pre,6.8,4,1
USER019,2024-10-10,pre,4.5,3,1
USER001,2024-10-10,pre,2.9,3,0
USER029,2024-10-11,pre,6.8,5,0
USER009,2024-10-11,pre,5.3,1,0
USER021,2024-10-11,pre,3.4,3,1
USER045,2024-10-11,pre,1.1,3,0
USER018,2024-10-11,pre,5.9,1,0
USER057,2024-10-11,pre,7.7,3,0
USER015,2024-10-11,pre,5.4,0,0
USER055,2024-10-11,pre,3.6,3,0
USER037,2024-10-11,pre,4.7,6,0
USER048,2024-10-11,pre,5.5,6,0
USER012,2024-10-11,pre,4.5,3,0
USER019,2024-10-11,pre,5.4,2,1
USER022,2024-10-11,pre,4.6,3,0
USER014,2024-10-11,pre,4.9,1,0
USER039,2024-10-11,pre,0.5,2,0
USER026,2024-10-11,pre,5.4,4,0
USER001,2024-10-11,pre,6.6,6,1
USER049,2024-10-11,pre,5.6,2,1
USER059,2024-10-11,pre,5.2,3,0
USER017,2024-10-11,pre,3.1,2,1
USER002,2024-10-11,pre,1.9,4,1
USER035,2024-10-11,pre,1.0,1,0
USER006,2024-10-11,pre,7.7,1,0
USER030,2024-10-11,pre,4.2,1,0
USER017,2024-10-12,pre,4.7,0,0
USER057,2024-10-12,pre,8.0,0,0
USER011,2024-10-12,pre,8.9,3,0
USER050,2024-10-12,pre,3.9,5,0
USER059,2024-10-12,pre,1.4,3,0
USER035,2024-10-12,pre,1.9,2,0
USER003,2024-10-12,pre,3.2,1,0
USER039,2024-10-12,pre,4.2,2,1
USER052,2024-10-12,pre,1.5,2,1
USER032,2024-10-12,pre,4.5,2,1
USER001,2024-10-12,pre,7.6,2,0
USER058,2024-10-12,pre,3.7,4,0
USER056,2024-10-12,pre,5.7,1,0
USER053,2024-10-12,pre,7.9,1,1
USER030,2024-10-12,pre,8.0,2,1
USER038,2024-10-12,pre,1.1,3,0
USER048,2024-10-12,pre,6.4,5,0
USER047,2024-10-12,pre,7.9,1,0
USER028,2024-10-12,pre,10.9,0,0
USER016,2024-10-12,pre,2.9,3,0
USER023,2024-10-12,pre,7.3,3,0
USER007,2024-10-12,pre,4.1,1,0
USER021,2024-10-12,pre,4.4,3,0
USER005,2024-10-12,pre,9.4,1,1
USER037,2024-10-12,pre,6.4,2,0
USER031,2024-10-12,pre,3.7,3,1
USER022,2024-10-12,pre,5.1,1,1
USER014,2024-10-12,pre,1.3,0,1
USER041,2024-10-12,pre,1.0,3,0
USER004,2024-10-12,pre,3.9,4,0
USER015,2024-10-12,pre,5.4,2,0
USER002,2024-10-12,pre,2.9,0,0
USER036,2024-10-12,pre,4.4,1,0
USER034,2024-10-12,pre,2.9,5,0
USER012,2024-10-12,pre,8.7,1,1
USER043,2024-10-12,pre,2.7,2,0
USER008,2024-10-12,pre,10.2,2,1
USER051,2024-10-12,pre,3.0,3,0
USER020,2024-10-12,pre,3.5,7,0
USER040,2024-10-12,pre,8.8,2,1
USER044,2024-10-12,pre,3.0,2,0
USER018,2024-10-12,pre,4.0,1,0
USER013,2024-10-12,pre,5.9,2,0
USER029,2024-10-12,pre,5.6,3,0
USER020,2024-10-13,pre,7.6,0,0
USER045,2024-10-13,pre,2.2,5,0
USER037,2024-10-13,pre,9.3,4,0
USER008,2024-10-13,pre,7.5,3,1
USER016,2024-10-13,pre,10.4,4,0
USER005,2024-10-13,pre,4.8,5,0
USER023,2024-10-13,pre,3.9,2,0
USER053,2024-10-13,pre,3.1,3,0
USER025,2024-10-13,pre,5.5,3,0
USER041,2024-10-13,pre,4.0,3,0
USER022,2024-10-13,pre,6.8,4,0
USER013,2024-10-13,pre,3.4,3,0
USER046,2024-10-13,pre,6.6,1,0
USER052,2024-10-13,pre,3.4,2,0
USER028,2024-10-13,pre,5.8,0,0
USER032,2024-10-13,pre,4.0,2,0
USER006,2024-10-13,pre,1.8,3,1
USER014,2024-10-13,pre,6.2,3,0
USER026,2024-10-13,pre,1.1,1,1
USER060,2024-10-13,pre,3.9,2,0
USER027,2024-10-13,pre,5.0,2,0
USER049,2024-10-13,pre,5.6,0,0
USER050,2024-10-13,pre,3.6,1,0
USER044,2024-10-13,pre,8.8,1,1
USER051,2024-10-13,pre,5.5,3,0
USER021,2024-10-13,pre,7.3,5,0
USER011,2024-10-13,pre,7.4,3,0
USER012,2024-10-13,pre,1.4,0,1
USER009,2024-10-13,pre,8.2,0,0
USER007,2024-10-13,pre,5.4,1,1
USER055,2024-10-13,pre,3.8,2,0
USER029,2024-10-13,pre,5.9,4,0
USER034,2024-10-13,pre,2.0,2,1
USER038,2024-10-13,pre,4.8,1,0
USER031,2024-10-13,pre,3.2,2,0
USER001,2024-10-14,pre,6.7,3,1
USER007,2024-10-14,pre,6.6,5,0
USER026,2024-10-14,pre,7.3,4,0
USER013,2024-10-14,pre,4.3,3,1
USER010,2024-10-14,pre,10.4,0,0
USER032,2024-10-14,pre,3.2,4,0
USER041,2024-10-14,pre,4.6,1,0
USER002,2024-10-14,pre,7.2,2,0
USER057,2024-10-14,pre,5.2,1,0
USER042,2024-10-14,pre,7.2,1,0
USER018,2024-10-14,pre,10.9,3,0
USER037,2024-10-14,pre,8.1,2,0
USER008,2024-10-14,pre,6.3,3,0
USER017,2024-10-14,pre,1.9,3,0
USER059,2024-10-14,pre,7.5,0,0
USER053,2024-10-14,pre,8.5,2,0
USER044,2024-10-14,pre,9.7,3,0
USER023,2024-10-14,pre,7.9,3,0
USER009,2024-10-14,pre,7.3,2,0
USER025,2024-10-14,pre,7.2,1,0
USER039,2024-10-14,pre,8.2,3,0
USER058,2024-10-14,pre,5.3,3,0
USER052,2024-10-14,pre,5.5,0,1
USER027,2024-10-14,pre,7.4,3,0
USER020,2024-10-14,pre,2.4,1,0
USER015,2024-10-15,pre,8.1,4,0
USER009,2024-10-15,pre,4.4,7,1
USER032,2024-10-15,pre,6.7,1,0
USER040,2024-10-15,pre,0.9,2,0
USER050,2024-10-15,pre,4.5,0,1
USER036,2024-10-15,pre,1.5,3,0
USER048,2024-10-15,pre,3.0,2,1
USER052,2024-10-15,pre,1.8,0,0
USER047,2024-10-15,pre,4.9,2,0
USER055,2024-10-15,pre,4.5,6,0
USER059,2024-10-15,pre,7.5,5,0
USER007,2024-10-15,pre,1.8,1,0
USER029,2024-10-15,pre,5.6,1,0
USER001,2024-10-15,pre,6.4,4,0
USER011,2024-10-15,pre,3.1,1,0
USER042,2024-10-15,pre,2.4,1,0
USER027,2024-10-15,pre,3.6,3,0
USER043,2024-10-15,pre,6.2,1,0
USER031,2024-10-15,pre,4.0,2,0
USER008,2024-10-15,pre,0.8,4,0
USER039,2024-10-15,pre,5.2,0,1
USER033,2024-10-16,pre,6.2,1,0
USER030,2024-10-16,pre,2.8,3,1
USER037,2024-10-16,pre,7.1,5,0
USER021,2024-10-16,pre,4.8,2,0
USER046,2024-10-16,pre,5.5,3,0
USER026,2024-10-16,pre,4.6,3,0
USER005,2024-10-16,pre,4.0,2,0
USER020,2024-10-16,pre,3.2,1,0
USER050,2024-10-16,pre,6.3,1,0
USER006,2024-10-16,pre,5.8,2,1
USER049,2024-10-16,pre,5.0,2,0
USER001,2024-10-16,pre,6.1,1,1
USER058,2024-10-16,pre,6.0,2,0
USER025,2024-10-16,pre,6.1,2,0
USER047,2024-10-16,pre,2.4,1,0
USER054,2024-10-16,pre,5.2,2,0
USER044,2024-10-16,pre,7.4,1,0
USER024,2024-10-16,pre,4.5,0,0
USER040,2024-10-16,pre,0.5,2,0
USER011,2024-10-16,pre,8.4,1,0
USER005,2024-10-17,pre,4.3,2,0
USER006,2024-10-17,pre,3.5,1,1
USER012,2024-10-17,pre,7.8,1,0
USER004,2024-10-17,pre,6.1,3,0
USER009,2024-10-17,pre,4.5,1,0
USER031,2024-10-17,pre,1.7,1,0
USER014,2024-10-17,pre,3.3,2,0
USER002,2024-10-17,pre,8.7,4,0
USER042,2024-10-17,pre,4.4,4,0
USER056,2024-10-17,pre,0.7,2,0
USER015,2024-10-17,pre,5.1,1,0
USER034,2024-10-17,pre,6.4,2,0
USER041,2024-10-17,pre,4.7,0,0
USER024,2024-10-17,pre,4.8,5,0
USER048,2024-10-17,pre,4.3,3,0
USER037,2024-10-17,pre,3.5,4,0
USER022,2024-10-17,pre,4.8,2,0
USER007,2024-10-17,pre,8.3,3,0
USER051,2024-10-17,pre,3.8,1,1
USER038,2024-10-17,pre,9.5,6,0
USER010,2024-10-17,pre,5.5,4,0
USER003,2024-10-17,pre,5.7,4,0
USER030,2024-10-17,pre,5.4,5,1
USER040,2024-10-17,pre,5.9,2,0
USER045,2024-10-17,pre,2.9,1,0
USER013,2024-10-17,pre,1.7,2,0
USER039,2024-10-17,pre,3.6,1,0
USER054,2024-10-17,pre,7.9,3,0
USER016,2024-10-17,pre,5.0,0,1
USER058,2024-10-17,pre,1.8,3,0
USER047,2024-10-17,pre,5.6,3,0
USER018,2024-10-17,pre,5.7,4,0
USER060,2024-10-17,pre,4.3,2,0
USER008,2024-10-17,pre,6.6,3,0
USER027,2024-10-17,pre,10.4,2,1
USER019,2024-10-17,pre,4.6,3,0
USER029,2024-10-17,pre,5.9,3,0
USER020,2024-10-17,pre,3.8,1,0
USER020,2024-10-18,pre,3.7,2,1
USER044,2024-10-18,pre,3.3,1,0
USER059,2024-10-18,pre,3.0,0,0
USER055,2024-10-18,pre,6.0,3,1
USER036,2024-10-18,pre,5.3,1,1
USER041,2024-10-18,pre,4.7,3,1
USER060,2024-10-18,pre,7.5,3,0
USER052,2024-10-18,pre,0.5,2,0
USER037,2024-10-18,pre,7.4,3,0
USER040,2024-10-18,pre,5.1,1,1
USER057,2024-10-18,pre,3.8,6,0
USER008,2024-10-18,pre,7.0,1,1
USER038,2024-10-18,pre,6.2,2,0
USER033,2024-10-18,pre,3.4,3,1
USER045,2024-10-18,pre,6.2,1,0
USER029,2024-10-18,pre,7.3,3,0
USER010,2024-10-18,pre,8.5,4,0
USER027,2024-10-19,pre,7.1,4,0
USER016,2024-10-19,pre,4.1,3,1
USER058,2024-10-19,pre,5.4,2,0
USER013,2024-10-19,pre,5.6,0,0
USER002,2024-10-19,pre,11.7,0,0
USER041,2024-10-19,pre,3.0,4,0
USER022,2024-10-19,pre,4.4,1,1
USER001,2024-10-19,pre,6.8,1,0
USER030,2024-10-19,pre,4.8,3,0
USER049,2024-10-19,pre,5.5,2,0
USER018,2024-10-19,pre,2.5,2,0
USER037,2024-10-19,pre,5.5,5,0
USER054,2024-10-19,pre,5.8,1,0
USER004,2024-10-19,pre,6.5,2,0
USER019,2024-10-19,pre,5.1,3,0
USER046,2024-10-19,pre,9.0,0,1
USER059,2024-10-19,pre,6.1,3,0
USER011,2024-10-19,pre,6.8,2,1
USER029,2024-10-19,pre,2.7,1,1
USER007,2024-10-19,pre,4.8,9,0
USER038,2024-10-19,pre,7.3,3,0
USER043,2024-10-19,pre,6.8,2,0
USER051,2024-10-19,pre,6.1,1,0
USER036,2024-10-19,pre,2.1,1,1
USER053,2024-10-19,pre,5.7,2,0
USER010,2024-10-19,pre,3.3,1,0
USER034,2024-10-19,pre,7.0,1,1
USER050,2024-10-19,pre,5.7,0,0
USER017,2024-10-19,pre,8.8,0,0
USER025,2024-10-19,pre,7.7,0,0
USER052,2024-10-19,pre,3.9,3,0
USER047,2024-10-19,pre,4.6,1,1
USER026,2024-10-19,pre,6.2,2,0
USER035,2024-10-20,pre,5.1,4,0
USER014,2024-10-20,pre,5.5,1,0
USER034,2024-10-20,pre,5.6,0,0
USER023,2024-10-20,pre,8.5,0,1
USER006,2024-10-20,pre,5.2,2,0
USER052,2024-10-20,pre,5.3,5,1
USER028,2024-10-20,pre,2.1,2,1
USER015,2024-10-20,pre,7.6,2,0
USER021,2024-10-20,pre,4.8,0,0
USER032,2024-10-20,pre,1.7,3,0
USER058,2024-10-20,pre,6.1,1,0
USER005,2024-10-20,pre,7.8,2,0
USER008,2024-10-20,pre,2.9,7,0
USER027,2024-10-20,pre,6.0,5,0
USER019,2024-10-20,pre,4.4,2,1
USER018,2024-10-20,pre,4.5,2,0
USER054,2024-10-20,pre,4.3,4,0
USER047,2024-10-20,pre,5.5,1,0
USER033,2024-10-20,pre,5.4,1,0
USER045,2024-10-20,pre,8.6,3,0
USER031,2024-10-20,pre,0.8,4,0
USER007,2024-10-20,pre,5.0,3,0
USER013,2024-10-20,pre,6.3,1,1
USER011,2024-10-20,pre,7.1,1,0
USER004,2024-10-20,pre,7.3,4,0
USER039,2024-10-20,pre,7.6,5,1
USER036,2024-10-20,pre,4.6,2,0
USER012,2024-10-20,pre,6.6,3,0
USER060,2024-10-20,pre,5.6,3,0
USER040,2024-10-20,pre,7.2,3,0
USER037,2024-10-20,pre,6.4,1,0
USER017,2024-10-20,pre,6.4,5,0
USER025,2024-10-20,pre,7.1,3,0
USER022,2024-10-20,pre,6.8,4,0
USER030,2024-10-20,pre,2.8,3,0
USER043,2024-10-20,pre,1.8,2,0
USER050,2024-10-20,pre,7.7,2,0
USER024,2024-10-20,pre,7.0,1,0
USER041,2024-10-20,pre,7.6,3,0
USER042,2024-10-20,pre,0.6,1,1
USER035,2024-10-21,pre,6.5,4,1
USER015,2024-10-21,pre,3.1,1,0
USER020,2024-10-21,pre,13.3,5,0
USER032,2024-10-21,pre,6.8,3,0
USER043,2024-10-21,pre,4.4,1,0
USER029,2024-10-21,pre,2.1,2,0
USER048,2024-10-21,pre,5.9,5,0
USER003,2024-10-21,pre,6.6,0,0
USER023,2024-10-21,pre,2.6,3,0
USER006,2024-10-21,pre,6.7,1,0
USER001,2024-10-21,pre,9.4,0,0
USER042,2024-10-21,pre,2.8,2,0
USER054,2024-10-21,pre,8.4,1,0
USER046,2024-10-21,pre,5.2,6,0
USER017,2024-10-21,pre,3.9,2,1
USER031,2024-10-21,pre,3.2,2,1
USER059,2024-10-21,pre,2.8,3,0
USER050,2024-10-21,pre,0.5,2,0
USER041,2024-10-21,pre,4.8,2,1
USER036,2024-10-21,pre,6.8,3,1
USER002,2024-10-21,pre,7.5,6,1
USER012,2024-10-21,pre,1.8,1,0
USER034,2024-10-21,pre,3.9,1,0
USER011,2024-10-21,pre,3.0,1,1
USER007,2024-10-21,pre,5.0,2,1
USER014,2024-10-21,pre,3.7,1,0
USER008,2024-10-21,pre,2.1,1,1
USER051,2024-10-21,pre,6.5,1,0
USER058,2024-10-21,pre,4.6,5,0
USER027,2024-10-21,pre,1.6,1,0
USER047,2024-10-21,pre,8.3,4,0
USER033,2024-10-21,pre,4.5,1,0
USER010,2024-10-21,pre,2.0,0,0
USER021,2024-10-21,pre,3.3,1,0
USER053,2024-10-21,pre,6.0,6,1
USER024,2024-10-21,pre,4.9,2,0
USER028,2024-10-21,pre,8.0,1,1
USER038,2024-10-21,pre,2.6,2,0
USER056,2024-10-21,pre,6.2,0,0
USER009,2024-10-21,pre,0.5,3,0
USER025,2024-10-21,pre,1.0,2,0
USER057,2024-10-21,pre,7.8,1,0
USER013,2024-10-21,pre,7.1,3,0
USER044,2024-10-21,pre,5.0,4,0
USER019,2024-10-21,pre,1.3,3,0
USER026,2024-10-22,pre,4.7,1,0
USER039,2024-10-22,pre,9.2,3,0
USER009,2024-10-22,pre,6.2,0,0
USER015,2024-10-22,pre,8.5,5,1
USER050,2024-10-22,pre,1.6,2,0
USER018,2024-10-22,pre,5.8,5,1
USER017,2024-10-22,pre,4.3,0,1
USER054,2024-10-22,pre,4.3,4,0
USER004,2024-10-22,pre,3.6,5,0
USER021,2024-10-22,pre,6.9,8,0
USER024,2024-10-22,pre,7.2,3,0
USER029,2024-10-22,pre,2.2,5,0
USER010,2024-10-22,pre,2.8,3,0
USER020,2024-10-22,pre,4.9,3,1
USER032,2024-10-22,pre,4.9,6,0
USER030,2024-10-22,pre,2.9,3,0
USER011,2024-10-22,pre,2.4,3,0
USER006,2024-10-22,pre,5.7,2,0
USER057,2024-10-22,pre,5.1,4,0
USER037,2024-10-22,pre,8.4,2,0
USER027,2024-10-22,pre,6.7,1,0
USER013,2024-10-22,pre,8.3,5,0
USER060,2024-10-22,pre,7.5,2,0
USER048,2024-10-22,pre,7.9,1,0
USER002,2024-10-22,pre,8.5,1,0
USER005,2024-10-22,pre,4.8,3,1
USER040,2024-10-22,pre,4.4,2,0
USER001,2024-10-22,pre,6.9,2,0
USER055,2024-10-22,pre,2.6,2,0
USER019,2024-10-22,pre,4.7,3,0
USER022,2024-10-22,pre,2.0,1,0
USER041,2024-10-22,pre,4.2,1,0
USER052,2024-10-22,pre,3.8,1,0
USER023,2024-10-23,pre,4.3,2,0
USER025,2024-10-23,pre,3.7,0,0
USER055,2024-10-23,pre,7.8,0,0
USER045,2024-10-23,pre,5.1,5,0
USER018,2024-10-23,pre,8.2,3,0
USER007,2024-10-23,pre,2.6,4,0
USER044,2024-10-23,pre,10.0,2,0
USER028,2024-10-23,pre,3.9,0,0
USER021,2024-10-23,pre,4.6,0,0
USER026,2024-10-23,pre,6.6,1,0
USER059,2024-10-23,pre,5.0,4,1
USER027,2024-10-23,pre,3.2,2,0
USER030,2024-10-23,pre,1.5,1,1
USER058,2024-10-23,pre,2.9,2,0
USER022,2024-10-23,pre,5.2,2,0
USER048,2024-10-23,pre,6.0,3,0
USER008,2024-10-23,pre,6.5,0,0
USER006,2024-10-23,pre,3.8,2,0
USER054,2024-10-23,pre,7.4,3,0
USER009,2024-10-23,pre,7.4,2,0
USER003,2024-10-23,pre,5.1,3,1
USER032,2024-10-23,pre,5.3,1,0
USER002,2024-10-23,pre,4.0,4,1
USER047,2024-10-23,pre,10.4,4,0
USER034,2024-10-23,pre,8.0,2,0
USER038,2024-10-23,pre,0.5,0,0
USER046,2024-10-23,pre,2.5,4,0
USER013,2024-10-23,pre,0.5,2,1
USER024,2024-10-23,pre,3.3,2,0
USER019,2024-10-23,pre,8.8,5,0
USER014,2024-10-23,pre,5.8,3,1
USER016,2024-10-23,pre,3.3,2,0
USER052,2024-10-23,pre,7.2,3,0
USER031,2024-10-23,pre,7.5,0,0
USER051,2024-10-23,pre,5.3,5,0
USER043,2024-10-23,pre,5.4,1,0
USER057,2024-10-23,pre,3.0,2,0
USER050,2024-10-23,pre,2.8,2,0
USER012,2024-10-23,pre,0.7,5,1
USER011,2024-10-23,pre,5.4,2,0
USER005,2024-10-23,pre,7.2,3,0
USER036,2024-10-23,pre,7.7,1,0
USER015,2024-10-23,pre,5.7,2,0
USER039,2024-10-23,pre,6.9,3,0
USER040,2024-10-23,pre,2.9,4,0
USER037,2024-10-24,pre,3.9,2,0
USER043,2024-10-24,pre,7.5,3,1
USER054,2024-10-24,pre,0.8,1,0
USER002,2024-10-24,pre,2.2,5,0
USER007,2024-10-24,pre,5.3,2,0
USER020,2024-10-24,pre,2.6,2,0
USER003,2024-10-24,pre,2.3,3,0
USER022,2024-10-24,pre,8.7,1,1
USER028,2024-10-24,pre,4.7,1,1
USER053,2024-10-24,pre,4.0,2,0
USER048,2024-10-24,pre,5.1,6,0
USER001,2024-10-24,pre,3.3,2,1
USER010,2024-10-24,pre,7.6,4,0
USER023,2024-10-24,pre,2.6,4,0
USER029,2024-10-24,pre,4.8,2,0
USER036,2024-10-24,pre,5.7,1,0
USER032,2024-10-24,pre,2.2,1,0
USER058,2024-10-24,pre,3.5,2,0
USER039,2024-10-24,pre,7.6,4,0
USER059,2024-10-24,pre,5.8,0,0
USER040,2024-10-24,pre,2.3,3,0
USER021,2024-10-24,pre,5.8,2,0
USER004,2024-10-24,pre,7.0,2,0
USER050,2024-10-24,pre,4.0,0,0
USER030,2024-10-24,pre,4.6,1,0
USER049,2024-10-24,pre,5.7,3,0
USER018,2024-10-24,pre,7.0,4,0
USER026,2024-10-24,pre,5.8,2,0
USER013,2024-10-24,pre,5.3,0,0
USER044,2024-10-24,pre,4.0,2,0
USER055,2024-10-24,pre,4.8,1,0
USER052,2024-10-24,pre,3.9,3,0
USER041,2024-10-24,pre,8.0,1,0
USER025,2024-10-24,pre,5.6,2,0
USER045,2024-10-24,pre,4.7,1,1
USER027,2024-10-24,pre,4.9,3,0
USER045,2024-10-25,pre,7.1,2,0
USER009,2024-10-25,pre,6.2,2,1
USER017,2024-10-25,pre,7.9,2,0
USER021,2024-10-25,pre,5.5,0,0
USER054,2024-10-25,pre,4.5,1,1
USER011,2024-10-25,pre,5.1,3,0
USER051,2024-10-25,pre,8.7,3,0
USER029,2024-10-25,pre,3.1,2,0
USER049,2024-10-25,pre,2.9,5,0
USER031,2024-10-25,pre,5.8,2,0
USER003,2024-10-25,pre,3.1,1,0
USER024,2024-10-25,pre,6.1,3,0
USER050,2024-10-25,pre,2.4,4,0
USER035,2024-10-25,pre,5.2,6,0
USER056,2024-10-25,pre,4.3,4,0
USER022,2024-10-25,pre,4.1,2,0
USER060,2024-10-25,pre,2.8,1,1
USER048,2024-10-25,pre,5.0,1,0
USER059,2024-10-26,pre,5.9,2,0
USER037,2024-10-26,pre,6.6,1,0
USER013,2024-10-26,pre,5.7,2,0
USER034,2024-10-26,pre,2.5,2,0
USER030,2024-10-26,pre,5.0,4,0
USER004,2024-10-26,pre,7.3,3,0
USER029,2024-10-26,pre,4.0,1,0
USER018,2024-10-26,pre,7.3,2,1
USER046,2024-10-26,pre,7.3,6,0
USER006,2024-10-26,pre,2.9,2,1
USER020,2024-10-26,pre,4.5,3,0
USER011,2024-10-26,pre,5.6,4,0
USER002,2024-10-26,pre,3.4,1,0
USER007,2024-10-26,pre,5.9,5,0
USER016,2024-10-26,pre,9.4,2,1
USER053,2024-10-26,pre,1.3,4,0
USER040,2024-10-26,pre,5.4,0,0
USER043,2024-10-26,pre,2.6,1,0
USER027,2024-10-27,pre,8.4,1,0
USER043,2024-10-27,pre,4.7,1,1
USER011,2024-10-27,pre,8.6,1,1
USER031,2024-10-27,pre,8.4,0,0
USER015,2024-10-27,pre,3.9,2,0
USER056,2024-10-27,pre,5.0,4,0
USER004,2024-10-27,pre,7.2,3,0
USER033,2024-10-27,pre,1.8,1,0
USER059,2024-10-27,pre,3.4,4,0
USER037,2024-10-27,pre,4.3,2,0
USER001,2024-10-27,pre,6.1,3,1
USER016,2024-10-27,pre,1.5,0,0
USER020,2024-10-27,pre,9.0,3,0
USER021,2024-10-27,pre,5.9,2,1
USER019,2024-10-27,pre,5.3,2,0
USER048,2024-10-27,pre,5.4,3,0
USER026,2024-10-27,pre,5.4,2,0
USER042,2024-10-27,pre,7.1,0,0
USER053,2024-10-27,pre,7.2,2,1
USER046,2024-10-27,pre,4.1,0,0
USER049,2024-10-27,pre,6.1,1,0
USER060,2024-10-28,pre,7.6,2,1
USER041,2024-10-28,pre,5.3,1,1
USER042,2024-10-28,pre,1.3,1,0
USER051,2024-10-28,pre,5.7,1,0
USER054,2024-10-28,pre,7.5,1,0
USER053,2024-10-28,pre,4.2,3,0
USER033,2024-10-28,pre,4.0,6,0
USER052,2024-10-28,pre,4.5,3,1
USER018,2024-10-28,pre,4.0,2,1
USER026,2024-10-28,pre,5.6,2,0
USER029,2024-10-28,pre,11.6,0,0
USER027,2024-10-28,pre,8.0,3,0
USER005,2024-10-28,pre,7.3,3,0
USER030,2024-10-28,pre,5.0,3,0
USER002,2024-10-28,pre,6.7,4,0
USER039,2024-10-28,pre,0.5,2,0
USER037,2024-10-28,pre,5.4,1,0
USER024,2024-10-28,pre,8.2,1,0
USER008,2024-10-28,pre,4.5,0,0
USER006,2024-10-28,pre,4.6,2,1
USER003,2024-10-28,pre,5.1,2,0
USER014,2024-10-28,pre,0.7,2,1
USER023,2024-10-28,pre,4.3,2,0
USER057,2024-10-28,pre,6.3,3,0
USER011,2024-10-28,pre,4.4,3,1
USER021,2024-10-28,pre,7.5,1,1
USER031,2024-10-28,pre,3.7,4,0
USER044,2024-10-28,pre,7.3,2,0
USER009,2024-10-28,pre,2.3,5,0
USER040,2024-10-28,pre,4.3,7,0
USER046,2024-10-28,pre,5.6,0,0
USER043,2024-10-28,pre,7.5,2,1
USER035,2024-10-28,pre,2.4,4,1
USER020,2024-10-28,pre,1.1,1,1
USER047,2024-10-28,pre,5.0,5,0
USER031,2024-10-29,pre,2.5,1,0
USER046,2024-10-29,pre,4.5,2,0
USER026,2024-10-29,pre,3.9,2,0
USER045,2024-10-29,pre,1.9,6,0
USER048,2024-10-29,pre,3.6,3,0
USER002,2024-10-29,pre,6.2,2,0
USER043,2024-10-29,pre,4.3,0,0
USER030,2024-10-29,pre,9.5,2,0
USER012,2024-10-29,pre,3.7,3,0
USER001,2024-10-29,pre,4.7,1,0
USER054,2024-10-29,pre,7.1,2,0
USER014,2024-10-29,pre,7.4,2,0
USER010,2024-10-29,pre,5.4,0,0
USER047,2024-10-29,pre,4.6,3,0
USER018,2024-10-29,pre,8.3,2,0
USER034,2024-10-29,pre,5.7,1,0
USER039,2024-10-29,pre,8.3,4,0
USER013,2024-10-29,pre,4.9,2,0
USER056,2024-10-29,pre,5.5,1,0
USER015,2024-10-29,pre,5.7,1,0
USER053,2024-10-29,pre,3.9,2,0
USER060,2024-10-29,pre,4.6,4,0
USER024,2024-10-29,pre,5.4,1,0
USER027,2024-10-29,pre,5.8,1,0
USER032,2024-10-29,pre,4.4,4,0
USER044,2024-10-29,pre,8.5,3,0
USER059,2024-10-29,pre,1.8,2,0
USER025,2024-10-29,pre,4.5,2,0
USER033,2024-10-29,pre,4.9,0,0
USER028,2024-10-29,pre,1.3,0,0
USER057,2024-10-29,pre,6.5,2,0
USER011,2024-10-29,pre,4.2,2,0
USER007,2024-10-29,pre,6.4,3,0
USER037,2024-10-29,pre,4.6,0,1
USER006,2024-10-29,pre,7.1,2,0
USER057,2024-10-30,pre,6.2,0,0
USER014,2024-10-30,pre,3.7,1,0
USER021,2024-10-30,pre,0.7,0,0
USER007,2024-10-30,pre,6.6,2,0
USER006,2024-10-30,pre,3.7,4,1
USER036,2024-10-30,pre,8.0,3,0
USER030,2024-10-30,pre,4.6,4,0
USER031,2024-10-30,pre,10.8,1,0
USER034,2024-10-30,pre,4.7,3,1
USER026,2024-10-30,pre,2.3,2,0
USER016,2024-10-30,pre,5.1,1,0
USER017,2024-10-30,pre,5.9,0,0
USER041,2024-10-30,pre,4.0,1,0
USER005,2024-10-30,pre,3.0,3,0
USER018,2024-10-30,pre,6.8,1,0
USER019,2024-10-30,pre,8.2,2,0
USER055,2024-10-30,pre,3.7,1,0
USER053,2024-10-30,pre,6.8,6,0
USER032,2024-10-30,pre,5.0,3,0
USER029,2024-10-30,pre,2.2,2,0
USER020,2024-10-30,pre,6.1,3,0
USER048,2024-10-30,pre,4.8,1,0
USER027,2024-10-30,pre,7.4,4,0
USER013,2024-10-30,pre,4.3,2,0
USER039,2024-10-30,pre,3.3,0,0
USER047,2024-10-30,pre,6.7,1,1
USER002,2024-10-30,pre,8.3,3,1
USER037,2024-10-30,pre,8.0,4,1
USER035,2024-10-30,pre,7.0,1,0
USER049,2024-10-30,pre,6.0,0,0
USER047,2024-10-31,pre,2.4,1,0
USER026,2024-10-31,pre,2.8,8,0
USER055,2024-10-31,pre,5.0,0,1
USER021,2024-10-31,pre,3.2,5,1
USER050,2024-10-31,pre,6.7,3,0
USER008,2024-10-31,pre,2.6,0,0
USER023,2024-10-31,pre,6.8,2,0
USER015,2024-10-31,pre,3.9,3,0
USER006,2024-10-31,pre,2.6,6,1
USER009,2024-10-31,pre,7.2,3,0
USER005,2024-10-31,pre,5.4,2,0
USER019,2024-10-31,pre,6.6,1,0
USER056,2024-10-31,pre,4.1,1,0
USER044,2024-10-31,pre,0.8,1,1
USER053,2024-10-31,pre,4.3,1,0
USER034,2024-10-31,pre,4.5,2,1
USER051,2024-10-31,pre,0.7,6,1
USER041,2024-10-31,pre,3.6,3,0
USER040,2024-10-31,pre,3.5,1,0
USER033,2024-10-31,pre,3.7,1,0
USER031,2024-10-31,pre,1.5,2,1
USER004,2024-10-31,pre,10.2,4,0
USER035,2024-10-31,pre,8.3,1,0
USER028,2024-10-31,pre,1.2,3,0
USER043,2024-10-31,pre,0.5,3,0
USER037,2024-10-31,pre,7.1,1,0
USER057,2024-10-31,pre,1.5,2,0
USER007,2024-10-31,pre,2.8,1,0
USER017,2024-10-31,pre,4.5,0,0
USER014,2024-10-31,pre,0.8,4,1
USER027,2024-10-31,pre,5.7,2,0
USER042,2024-10-31,pre,3.8,2,1
USER053,2024-11-01,post,12.3,1,0
USER012,2024-11-01,post,9.9,4,0
USER011,2024-11-01,post,9.3,1,0
USER052,2024-11-01,post,10.2,1,0
USER030,2024-11-01,post,9.3,4,1
USER046,2024-11-01,post,6.0,3,0
USER008,2024-11-01,post,11.6,3,0
USER006,2024-11-01,post,9.4,6,0
USER014,2024-11-01,post,9.5,2,0
USER042,2024-11-01,post,6.5,3,0
USER060,2024-11-01,post,10.1,2,0
USER033,2024-11-01,post,5.1,2,1
USER004,2024-11-01,post,9.4,7,0
USER048,2024-11-01,post,10.1,8,0
USER010,2024-11-01,post,6.1,4,0
USER050,2024-11-01,post,12.2,2,0
USER018,2024-11-01,post,15.1,3,0
USER039,2024-11-01,post,10.0,4,0
USER034,2024-11-01,post,7.5,5,0
USER047,2024-11-01,post,3.8,2,0
USER003,2024-11-01,post,10.8,3,1
USER035,2024-11-01,post,8.9,5,1
USER017,2024-11-01,post,6.2,2,1
USER029,2024-11-01,post,7.0,2,0
USER021,2024-11-01,post,10.3,5,0
USER022,2024-11-01,post,7.8,5,0
USER024,2024-11-01,post,7.8,3,1
USER037,2024-11-01,post,7.0,3,0
USER032,2024-11-01,post,6.0,2,0
USER054,2024-11-01,post,7.9,3,0
USER055,2024-11-01,post,12.4,3,0
USER043,2024-11-01,post,6.2,2,1
USER036,2024-11-01,post,8.6,5,0
USER007,2024-11-01,post,11.5,1,1
USER005,2024-11-01,post,8.0,7,1
USER044,2024-11-01,post,11.2,4,0
USER045,2024-11-01,post,6.5,6,0
USER031,2024-11-01,post,10.0,5,0
USER020,2024-11-01,post,2.6,2,1
USER040,2024-11-01,post,9.1,6,0
USER027,2024-11-01,post,4.9,4,1
USER026,2024-11-01,post,10.5,6,0
USER028,2024-11-01,post,5.3,6,1
USER023,2024-11-01,post,6.3,7,0
USER057,2024-11-01,post,9.7,3,0
USER036,2024-11-02,post,4.9,3,1
USER032,2024-11-02,post,12.5,0,0
USER012,2024-11-02,post,8.5,4,0
USER018,2024-11-02,post,12.3,2,0
USER057,2024-11-02,post,4.8,1,0
USER049,2024-11-02,post,7.2,2,1
USER020,2024-11-02,post,13.2,5,0
USER025,2024-11-02,post,14.9,3,1
USER016,2024-11-02,post,10.4,4,1
USER006,2024-11-02,post,9.2,3,0
USER010,2024-11-02,post,8.5,5,0
USER047,2024-11-02,post,8.1,4,0
USER034,2024-11-02,post,13.5,4,1
USER044,2024-11-02,post,9.8,5,1
USER056,2024-11-02,post,9.8,5,1
USER009,2024-11-02,post,5.7,1,0
USER055,2024-11-02,post,7.5,2,0
USER003,2024-11-02,post,10.5,6,0
USER038,2024-11-02,post,8.3,2,0
USER058,2024-11-02,post,11.8,4,1
USER030,2024-11-02,post,11.2,4,1
USER054,2024-11-02,post,7.2,3,1
USER042,2024-11-02,post,8.4,6,1
USER052,2024-11-02,post,9.2,4,0
USER043,2024-11-02,post,4.2,4,0
USER048,2024-11-02,post,8.2,3,0
USER051,2024-11-02,post,6.9,5,1
USER035,2024-11-02,post,9.7,5,0
USER050,2024-11-02,post,7.0,2,0
USER005,2024-11-02,post,7.9,4,1
USER002,2024-11-02,post,8.2,2,1
USER033,2024-11-02,post,10.6,2,0
USER053,2024-11-02,post,6.8,5,1
USER020,2024-11-03,post,7.8,5,0
USER028,2024-11-03,post,7.4,7,0
USER018,2024-11-03,post,11.1,4,0
USER041,2024-11-03,post,6.4,3,0
USER015,2024-11-03,post,9.3,4,1
USER005,2024-11-03,post,6.3,2,1
USER050,2024-11-03,post,11.8,2,0
USER004,2024-11-03,post,10.3,4,0
USER052,2024-11-03,post,9.0,3,0
USER014,2024-11-03,post,5.6,5,1
USER009,2024-11-03,post,9.7,5,0
USER051,2024-11-03,post,10.0,3,1
USER056,2024-11-03,post,9.0,2,0
USER035,2024-11-03,post,6.1,1,0
USER043,2024-11-03,post,9.4,3,1
USER023,2024-11-03,post,12.3,3,0
USER017,2024-11-03,post,11.9,5,0
USER016,2024-11-03,post,5.3,5,1
USER029,2024-11-03,post,4.4,6,0
USER059,2024-11-03,post,7.2,4,1
USER031,2024-11-03,post,10.4,2,1
USER046,2024-11-03,post,9.0,3,0
USER053,2024-11-03,post,9.4,4,1
USER045,2024-11-03,post,7.3,2,1
USER036,2024-11-03,post,11.9,7,0
USER022,2024-11-03,post,12.0,3,0
USER012,2024-11-03,post,6.2,0,0
USER055,2024-11-03,post,10.8,2,0
USER057,2024-11-03,post,11.6,5,0
USER042,2024-11-03,post,11.4,6,0
USER024,2024-11-03,post,3.4,5,0
USER054,2024-11-03,post,7.1,4,0
USER054,2024-11-04,post,8.1,2,0
USER060,2024-11-04,post,10.9,4,0
USER020,2024-11-04,post,10.3,2,1
USER017,2024-11-04,post,9.2,4,0
USER046,2024-11-04,post,6.4,5,1
USER053,2024-11-04,post,8.1,3,1
USER022,2024-11-04,post,8.9,5,0
USER058,2024-11-04,post,8.3,3,1
USER048,2024-11-04,post,5.8,5,0
USER031,2024-11-04,post,6.9,5,0
USER021,2024-11-04,post,8.5,6,1
USER042,2024-11-04,post,5.8,1,0
USER039,2024-11-04,post,8.2,7,0
USER029,2024-11-04,post,8.7,2,0
USER005,2024-11-04,post,9.5,7,1
USER007,2024-11-04,post,9.2,4,1
USER015,2024-11-04,post,5.9,5,1
USER008,2024-11-04,post,10.1,2,1
USER024,2024-11-04,post,5.4,5,0
USER027,2024-11-04,post,8.5,4,1
USER036,2024-11-05,post,10.2,5,1
USER044,2024-11-05,post,7.3,3,0
USER023,2024-11-05,post,1.5,3,0
USER033,2024-11-05,post,5.0,13,1
USER046,2024-11-05,post,5.4,3,0
USER031,2024-11-05,post,7.9,1,0
USER009,2024-11-05,post,11.0,5,0
USER025,2024-11-05,post,9.0,3,0
USER013,2024-11-05,post,3.8,3,0
USER059,2024-11-05,post,8.5,4,0
USER012,2024-11-05,post,9.0,4,0
USER045,2024-11-05,post,10.6,2,0
USER055,2024-11-05,post,7.7,3,0
USER058,2024-11-05,post,12.5,3,0
USER003,2024-11-05,post,6.4,4,0
USER050,2024-11-05,post,13.6,2,1
USER032,2024-11-05,post,7.2,5,0
USER041,2024-11-05,post,7.5,4,1
USER005,2024-11-05,post,10.3,3,0
USER039,2024-11-05,post,10.0,5,1
USER010,2024-11-05,post,2.6,7,0
USER053,2024-11-05,post,8.5,5,0
USER020,2024-11-05,post,13.6,1,0
USER049,2024-11-05,post,7.9,3,0
USER008,2024-11-05,post,11.1,5,0
USER001,2024-11-05,post,10.2,2,1
USER043,2024-11-06,post,14.4,1,0
USER046,2024-11-06,post,8.7,4,0
USER016,2024-11-06,post,11.0,3,0
USER023,2024-11-06,post,6.9,6,0
USER027,2024-11-06,post,6.2,5,1
USER010,2024-11-06,post,12.7,4,0
USER013,2024-11-06,post,9.2,4,0
USER038,2024-11-06,post,13.0,2,1
USER022,2024-11-06,post,8.8,5,0
USER051,2024-11-06,post,10.0,6,0
USER002,2024-11-06,post,4.1,1,1
USER012,2024-11-06,post,8.3,3,0
USER005,2024-11-06,post,10.3,4,1
USER048,2024-11-06,post,6.4,3,0
USER008,2024-11-06,post,7.6,5,0
USER033,2024-11-06,post,7.1,5,0
USER031,2024-11-06,post,4.1,7,0
USER001,2024-11-06,post,7.6,5,1
USER003,2024-11-06,post,12.1,1,1
USER060,2024-11-06,post,5.6,4,0
USER042,2024-11-06,post,8.1,2,0
USER035,2024-11-06,post,8.0,6,0
USER009,2024-11-06,post,7.7,4,0
USER049,2024-11-06,post,6.6,3,1
USER053,2024-11-06,post,8.6,5,0
USER004,2024-11-06,post,5.3,4,0
USER057,2024-11-06,post,7.3,6,0
USER058,2024-11-06,post,10.9,2,1
USER036,2024-11-06,post,3.5,4,0
USER024,2024-11-06,post,7.8,2,0
USER006,2024-11-06,post,5.9,5,1
USER050,2024-11-06,post,9.4,6,0
USER018,2024-11-06,post,10.3,7,1
USER019,2024-11-06,post,4.8,2,0
USER059,2024-11-06,post,6.7,3,1
USER056,2024-11-06,post,6.8,1,0
USER034,2024-11-06,post,9.1,2,1
USER037,2024-11-06,post,9.1,5,0
USER056,2024-11-07,post,6.5,3,1
USER022,2024-11-07,post,10.7,0,1
USER001,2024-11-07,post,9.1,6,0
USER026,2024-11-07,post,12.0,3,1
USER053,2024-11-07,post,9.9,6,0
USER013,2024-11-07,post,6.7,2,1
USER009,2024-11-07,post,6.0,2,0
USER048,2024-11-07,post,7.1,8,0
USER030,2024-11-07,post,9.9,2,1
USER051,2024-11-07,post,7.2,4,0
USER004,2024-11-07,post,9.4,2,0
USER045,2024-11-07,post,8.6,3,1
USER049,2024-11-07,post,8.1,2,0
USER044,2024-11-07,post,12.2,8,1
USER023,2024-11-07,post,10.4,3,0
USER010,2024-11-07,post,12.1,3,1
USER018,2024-11-07,post,10.8,5,1
USER006,2024-11-07,post,10.6,7,1
USER028,2024-11-07,post,8.2,5,0
USER039,2024-11-07,post,9.8,6,0
USER017,2024-11-07,post,4.9,5,0
USER021,2024-11-07,post,6.9,6,1
USER042,2024-11-07,post,10.8,5,0
USER020,2024-11-07,post,16.7,4,0
USER025,2024-11-07,post,6.4,5,0
USER035,2024-11-07,post,9.7,2,0
USER027,2024-11-07,post,4.4,6,1
USER036,2024-11-07,post,8.0,2,0
USER052,2024-11-07,post,12.4,5,0
USER055,2024-11-07,post,9.2,1,1
USER033,2024-11-07,post,8.5,8,1
USER041,2024-11-07,post,6.5,7,1
USER059,2024-11-07,post,13.0,5,1
USER024,2024-11-07,post,9.0,6,0
USER046,2024-11-07,post,8.1,4,1
USER054,2024-11-07,post,10.7,3,0
USER014,2024-11-07,post,11.1,3,0
USER037,2024-11-07,post,9.7,6,0
USER050,2024-11-07,post,10.1,2,1
USER032,2024-11-07,post,11.8,6,0
USER043,2024-11-07,post,10.9,3,1
USER040,2024-11-07,post,11.3,3,1
USER060,2024-11-07,post,9.4,4,1
USER055,2024-11-08,post,5.1,4,0
USER008,2024-11-08,post,9.5,4,0
USER034,2024-11-08,post,4.9,3,1
USER025,2024-11-08,post,5.8,0,1
USER011,2024-11-08,post,12.9,3,0
USER042,2024-11-08,post,9.3,4,0
USER047,2024-11-08,post,5.6,1,0
USER018,2024-11-08,post,4.5,3,0
USER032,2024-11-08,post,9.5,4,1
USER039,2024-11-08,post,12.7,1,0
USER049,2024-11-08,post,5.0,3,0
USER016,2024-11-08,post,7.3,1,1
USER040,2024-11-08,post,11.2,6,1
USER014,2024-11-08,post,9.5,2,0
USER041,2024-11-08,post,4.2,2,0
USER054,2024-11-08,post,6.2,1,0
USER020,2024-11-08,post,9.6,1,1
USER022,2024-11-09,post,8.4,4,0
USER030,2024-11-09,post,4.0,5,1
USER060,2024-11-09,post,8.2,2,0
USER007,2024-11-09,post,9.1,1,1
USER045,2024-11-09,post,11.0,4,1
USER014,2024-11-09,post,7.9,1,1
USER008,2024-11-09,post,8.0,6,0
USER033,2024-11-09,post,7.5,2,0
USER049,2024-11-09,post,8.6,5,0
USER015,2024-11-09,post,10.4,4,0
USER048,2024-11-09,post,11.8,7,1
USER047,2024-11-09,post,9.8,7,0
USER036,2024-11-09,post,6.4,5,0
USER009,2024-11-09,post,10.3,4,1
USER013,2024-11-09,post,10.9,1,0
USER032,2024-11-09,post,9.8,1,1
USER004,2024-11-09,post,7.7,2,1
USER043,2024-11-09,post,8.3,2,1
USER035,2024-11-09,post,10.8,2,0
USER018,2024-11-09,post,9.8,3,0
USER041,2024-11-09,post,9.8,1,1
USER017,2024-11-09,post,8.8,4,0
USER025,2024-11-09,post,7.3,6,1
USER042,2024-11-09,post,8.1,3,0
USER021,2024-11-09,post,5.4,3,0
USER002,2024-11-09,post,8.3,5,0
USER057,2024-11-09,post,3.9,3,1
USER046,2024-11-09,post,12.0,8,0
USER006,2024-11-09,post,6.0,6,0
USER054,2024-11-09,post,5.9,3,0
USER039,2024-11-09,post,7.4,2,0
USER012,2024-11-09,post,9.1,7,0
USER023,2024-11-09,post,6.5,7,0
USER058,2024-11-09,post,6.9,5,0
USER010,2024-11-09,post,10.7,4,1
USER044,2024-11-09,post,11.2,1,0
USER040,2024-11-09,post,11.9,9,1
USER026,2024-11-09,post,7.3,4,0
USER056,2024-11-09,post,9.6,3,0
USER001,2024-11-10,post,11.5,6,1
USER040,2024-11-10,post,4.7,5,0
USER024,2024-11-10,post,4.8,6,0
USER025,2024-11-10,post,10.1,1,1
USER026,2024-11-10,post,7.5,3,0
USER054,2024-11-10,post,8.7,4,0
USER007,2024-11-10,post,7.2,4,0
USER006,2024-11-10,post,9.0,3,1
USER048,2024-11-10,post,9.6,3,0
USER036,2024-11-10,post,6.5,3,0
USER012,2024-11-10,post,9.1,2,0
USER051,2024-11-10,post,9.4,6,0
USER037,2024-11-10,post,4.8,4,0
USER009,2024-11-10,post,11.5,5,0
USER053,2024-11-10,post,5.3,7,1
USER002,2024-11-10,post,10.2,4,0
USER031,2024-11-10,post,9.6,3,0
USER021,2024-11-10,post,5.3,3,1
USER033,2024-11-10,post,9.7,8,1
USER028,2024-11-10,post,6.4,4,1
USER020,2024-11-10,post,9.1,4,0
USER015,2024-11-10,post,10.6,9,0
USER058,2024-11-10,post,8.6,4,1
USER049,2024-11-10,post,8.1,5,0
USER016,2024-11-10,post,7.3,6,1
USER045,2024-11-10,post,6.9,5,0
USER032,2024-11-10,post,5.6,4,0
USER058,2024-11-11,post,2.6,5,0
USER049,2024-11-11,post,6.3,2,1
USER037,2024-11-11,post,7.9,4,1
USER043,2024-11-11,post,7.9,3,0
USER010,2024-11-11,post,9.1,1,0
USER022,2024-11-11,post,7.2,3,1
USER050,2024-11-11,post,10.4,3,0
USER055,2024-11-11,post,11.1,2,1
USER034,2024-11-11,post,8.1,3,0
USER054,2024-11-11,post,10.7,7,0
USER016,2024-11-11,post,7.4,3,0
USER004,2024-11-11,post,6.5,4,0
USER001,2024-11-11,post,5.8,0,1
USER013,2024-11-11,post,8.8,5,1
USER023,2024-11-11,post,6.5,3,0
USER035,2024-11-11,post,6.9,3,0
USER059,2024-11-11,post,7.8,1,0
USER057,2024-11-11,post,10.3,5,1
USER036,2024-11-11,post,9.8,3,0
USER030,2024-11-11,post,11.1,6,1
USER024,2024-11-11,post,3.4,4,0
USER026,2024-11-11,post,10.0,3,0
USER051,2024-11-11,post,10.6,6,0
USER017,2024-11-11,post,8.5,2,0
USER019,2024-11-11,post,9.5,3,0
USER007,2024-11-11,post,10.5,2,0
USER003,2024-11-11,post,9.0,5,1
USER033,2024-11-11,post,7.1,3,1
USER046,2024-11-11,post,8.5,5,1
USER027,2024-11-11,post,6.3,6,1
USER008,2024-11-11,post,6.6,3,0
USER056,2024-11-11,post,6.8,4,0
USER018,2024-11-11,post,9.4,7,0
USER020,2024-11-12,post,5.1,3,1
USER021,2024-11-12,post,10.8,1,0
USER030,2024-11-12,post,4.5,1,1
USER049,2024-11-12,post,9.9,4,0
USER017,2024-11-12,post,6.7,4,0
USER007,2024-11-12,post,8.3,5,1
USER031,2024-11-12,post,8.3,6,1
USER041,2024-11-12,post,4.1,3,0
USER040,2024-11-12,post,7.1,3,0
USER005,2024-11-12,post,7.7,3,0
USER033,2024-11-12,post,7.1,5,0
USER018,2024-11-12,post,4.0,3,0
USER053,2024-11-12,post,9.3,0,0
USER034,2024-11-12,post,7.2,3,1
USER001,2024-11-12,post,9.0,2,1
USER002,2024-11-12,post,10.6,5,0
USER004,2024-11-12,post,9.6,6,0
USER045,2024-11-12,post,7.1,4,0
USER046,2024-11-12,post,9.4,4,1
USER006,2024-11-12,post,7.1,6,1
USER015,2024-11-12,post,10.3,5,0
USER016,2024-11-12,post,10.0,7,0
USER044,2024-11-12,post,9.6,1,0
USER011,2024-11-12,post,8.9,4,0
USER008,2024-11-12,post,9.9,5,0
USER057,2024-11-12,post,5.1,2,1
USER043,2024-11-12,post,8.9,4,0
USER056,2024-11-12,post,8.2,9,0
USER042,2024-11-12,post,5.9,3,0
USER003,2024-11-12,post,6.7,5,1
USER026,2024-11-13,post,7.4,5,0
USER022,2024-11-13,post,6.2,4,0
USER040,2024-11-13,post,7.7,1,0
USER049,2024-11-13,post,11.6,6,0
USER029,2024-11-13,post,4.2,5,0
USER020,2024-11-13,post,12.0,3,0
USER032,2024-11-13,post,11.9,3,0
USER003,2024-11-13,post,9.0,6,0
USER041,2024-11-13,post,4.7,2,0
USER038,2024-11-13,post,7.6,3,0
USER007,2024-11-13,post,9.5,5,0
USER019,2024-11-13,post,9.7,1,0
USER033,2024-11-13,post,7.1,3,1
USER030,2024-11-13,post,8.1,2,0
USER045,2024-11-13,post,11.7,4,0
USER008,2024-11-13,post,10.4,3,1
USER039,2024-11-13,post,8.1,4,0
USER012,2024-11-13,post,9.0,3,0
USER044,2024-11-13,post,7.2,5,0
USER001,2024-11-13,post,9.2,7,0
USER048,2024-11-13,post,14.4,3,0
USER015,2024-11-13,post,10.0,5,1
USER042,2024-11-13,post,8.1,4,0
USER034,2024-11-13,post,11.1,4,0
USER009,2024-11-13,post,8.0,5,0
USER025,2024-11-13,post,12.5,2,1
USER023,2024-11-13,post,8.4,3,0
USER028,2024-11-13,post,4.7,5,0
USER046,2024-11-13,post,6.5,3,0
USER057,2024-11-13,post,8.6,4,1
USER016,2024-11-13,post,13.3,1,0
USER018,2024-11-13,post,11.5,6,1
USER021,2024-11-13,post,9.7,2,0
USER060,2024-11-13,post,9.1,5,0
USER035,2024-11-13,post,11.9,4,1
USER031,2024-11-13,post,9.3,6,0
USER013,2024-11-13,post,7.1,4,0
USER056,2024-11-13,post,8.8,1,1
USER053,2024-11-13,post,10.6,5,0
USER005,2024-11-13,post,5.8,4,0
USER024,2024-11-13,post,8.9,5,1
USER055,2024-11-13,post,10.8,4,0
USER014,2024-11-13,post,10.9,2,0
USER004,2024-11-13,post,12.7,2,0
USER012,2024-11-14,post,7.6,2,0
USER028,2024-11-14,post,14.0,8,1
USER032,2024-11-14,post,5.1,1,1
USER036,2024-11-14,post,9.2,2,0
USER033,2024-11-14,post,9.4,2,0
USER026,2024-11-14,post,5.4,2,1
USER053,2024-11-14,post,4.6,7,0
USER022,2024-11-14,post,9.7,0,1
USER029,2024-11-14,post,9.0,2,0
USER004,2024-11-14,post,7.0,4,0
USER052,2024-11-14,post,5.1,2,0
USER016,2024-11-14,post,4.7,0,0
USER042,2024-11-14,post,9.4,2,1
USER035,2024-11-14,post,6.9,5,0
USER024,2024-11-14,post,5.1,6,0
USER017,2024-11-14,post,11.8,5,0
USER055,2024-11-14,post,7.0,3,0
USER001,2024-11-14,post,9.7,5,0
USER046,2024-11-14,post,9.3,7,0
USER010,2024-11-14,post,2.9,1,0
USER006,2024-11-14,post,6.4,1,0
USER030,2024-11-14,post,9.2,4,0
USER014,2024-11-14,post,9.3,1,0
USER009,2024-11-14,post,7.2,6,1
USER005,2024-11-14,post,4.2,2,1
USER049,2024-11-14,post,6.7,3,0
USER038,2024-11-14,post,5.6,8,0
USER043,2024-11-14,post,12.3,3,1
USER054,2024-11-14,post,7.1,3,1
USER045,2024-11-14,post,6.6,3,0
USER044,2024-11-14,post,5.5,4,1
USER015,2024-11-14,post,7.6,7,1
USER058,2024-11-14,post,7.7,5,0
USER018,2024-11-14,post,8.0,3,1
USER019,2024-11-14,post,8.3,0,0
USER040,2024-11-14,post,9.3,5,1
USER021,2024-11-14,post,8.3,6,0
USER031,2024-11-14,post,12.0,5,0
USER048,2024-11-15,post,8.8,2,0
USER026,2024-11-15,post,8.2,3,1
USER032,2024-11-15,post,8.3,5,0
USER008,2024-11-15,post,10.2,7,0
USER057,2024-11-15,post,7.5,3,1
USER046,2024-11-15,post,7.4,3,0
USER029,2024-11-15,post,7.3,4,1
USER049,2024-11-15,post,6.1,1,1
USER050,2024-11-15,post,11.3,6,0
USER011,2024-11-15,post,10.6,2,0
USER019,2024-11-15,post,7.2,3,0
USER040,2024-11-15,post,11.1,3,1
USER034,2024-11-15,post,10.0,5,0
USER041,2024-11-15,post,8.4,4,1
USER021,2024-11-15,post,7.4,7,0
USER038,2024-11-15,post,7.8,2,0
USER025,2024-11-15,post,9.3,4,1
USER016,2024-11-15,post,6.1,5,0
USER017,2024-11-15,post,4.9,7,0
USER013,2024-11-15,post,1.6,2,0
USER028,2024-11-15,post,10.6,3,0
USER024,2024-11-15,post,9.8,2,0
USER004,2024-11-15,post,9.7,5,1
USER042,2024-11-15,post,6.7,4,0
USER007,2024-11-15,post,9.2,3,0
USER027,2024-11-15,post,9.4,0,0
USER010,2024-11-15,post,9.1,2,0
USER059,2024-11-15,post,13.0,4,0
USER030,2024-11-15,post,5.8,5,1
USER006,2024-11-15,post,9.5,2,1
USER009,2024-11-15,post,10.0,7,1
USER001,2024-11-15,post,9.0,6,0
USER042,2024-11-16,post,8.2,4,0
USER026,2024-11-16,post,9.6,2,0
USER003,2024-11-16,post,11.5,5,0
USER021,2024-11-16,post,12.5,3,1
USER058,2024-11-16,post,8.4,4,0
USER013,2024-11-16,post,7.1,4,0
USER020,2024-11-16,post,13.9,4,1
USER025,2024-11-16,post,8.6,3,1
USER007,2024-11-16,post,3.5,1,1
USER041,2024-11-16,post,13.9,4,0
USER006,2024-11-16,post,7.6,5,0
USER031,2024-11-16,post,9.3,4,0
USER016,2024-11-16,post,4.6,5,1
USER019,2024-11-16,post,10.7,3,1
USER050,2024-11-16,post,9.7,1,0
USER049,2024-11-16,post,12.3,2,1
USER017,2024-11-16,post,7.5,1,1
USER046,2024-11-16,post,8.3,5,0
USER018,2024-11-16,post,6.0,1,1
USER027,2024-11-16,post,8.0,4,0
USER023,2024-11-16,post,2.8,5,1
USER024,2024-11-16,post,6.5,6,0
USER054,2024-11-16,post,6.5,4,0
USER057,2024-11-16,post,3.0,5,1
USER043,2024-11-16,post,11.8,2,1
USER012,2024-11-16,post,8.7,3,1
USER048,2024-11-16,post,13.7,8,0
USER014,2024-11-16,post,9.6,4,0
USER022,2024-11-16,post,6.4,2,0
USER035,2024-11-16,post,12.2,3,0
USER047,2024-11-16,post,8.6,3,0
USER056,2024-11-16,post,5.4,1,0
USER033,2024-11-16,post,9.4,5,0
USER053,2024-11-17,post,7.4,4,1
USER055,2024-11-17,post,8.9,3,0
USER014,2024-11-17,post,7.7,2,0
USER017,2024-11-17,post,10.5,4,0
USER005,2024-11-17,post,7.1,3,1
USER020,2024-11-17,post,8.9,4,1
USER051,2024-11-17,post,9.5,3,0
USER022,2024-11-17,post,10.1,3,0
USER010,2024-11-17,post,9.5,5,1
USER018,2024-11-17,post,6.8,2,0
USER054,2024-11-17,post,4.1,6,1
USER036,2024-11-17,post,6.7,2,1
USER028,2024-11-17,post,3.1,3,1
USER050,2024-11-17,post,9.6,2,0
USER038,2024-11-17,post,8.7,2,0
USER056,2024-11-17,post,3.5,2,0
USER044,2024-11-17,post,10.1,6,1
USER021,2024-11-17,post,6.4,4,0
USER059,2024-11-18,post,11.9,3,0
USER030,2024-11-18,post,9.5,1,0
USER006,2024-11-18,post,9.3,1,1
USER004,2024-11-18,post,9.7,5,1
USER003,2024-11-18,post,9.9,0,1
USER020,2024-11-18,post,7.9,3,0
USER040,2024-11-18,post,7.6,4,0
USER042,2024-11-18,post,11.1,4,0
USER038,2024-11-18,post,9.9,4,1
USER007,2024-11-18,post,7.7,0,0
USER012,2024-11-18,post,12.1,7,0
USER028,2024-11-18,post,6.2,5,0
USER018,2024-11-18,post,6.7,4,0
USER016,2024-11-18,post,6.7,4,0
USER034,2024-11-18,post,7.4,6,1
USER017,2024-11-18,post,9.3,4,0
USER031,2024-11-18,post,12.9,1,1
USER002,2024-11-18,post,8.2,5,0
USER054,2024-11-18,post,12.3,6,0
USER048,2024-11-19,post,14.0,5,0
USER051,2024-11-19,post,7.4,3,0
USER008,2024-11-19,post,8.4,3,0
USER058,2024-11-19,post,7.4,2,0
USER045,2024-11-19,post,7.1,8,0
USER039,2024-11-19,post,7.2,3,1
USER011,2024-11-19,post,9.1,2,0
USER046,2024-11-19,post,9.8,2,1
USER019,2024-11-19,post,5.4,3,0
USER037,2024-11-19,post,7.5,6,0
USER060,2024-11-19,post,9.2,2,0
USER007,2024-11-19,post,10.4,5,1
USER009,2024-11-19,post,3.5,3,1
USER033,2024-11-19,post,8.3,3,0
USER014,2024-11-19,post,10.3,5,1
USER001,2024-11-19,post,11.7,6,1
USER002,2024-11-19,post,3.6,6,0
USER028,2024-11-19,post,7.6,3,1
USER012,2024-11-19,post,9.7,3,1
USER016,2024-11-19,post,8.3,3,1
USER035,2024-11-19,post,10.0,3,1
USER057,2024-11-19,post,5.3,2,1
USER047,2024-11-19,post,8.3,3,0
USER053,2024-11-19,post,10.7,3,0
USER054,2024-11-19,post,4.3,2,0
USER018,2024-11-19,post,6.9,4,0
USER024,2024-11-19,post,9.1,2,0
USER055,2024-11-19,post,7.8,0,0
USER027,2024-11-19,post,7.6,2,0
USER041,2024-11-19,post,9.0,1,0
USER060,2024-11-20,post,9.1,2,0
USER059,2024-11-20,post,10.3,4,0
USER045,2024-11-20,post,13.9,7,1
USER002,2024-11-20,post,10.2,5,0
USER037,2024-11-20,post,5.3,7,0
USER017,2024-11-20,post,8.4,5,0
USER007,2024-11-20,post,6.3,3,0
USER018,2024-11-20,post,8.4,4,0
USER051,2024-11-20,post,6.8,5,1
USER029,2024-11-20,post,6.1,6,0
USER043,2024-11-20,post,9.9,5,1
USER032,2024-11-20,post,7.7,2,0
USER006,2024-11-20,post,4.9,3,0
USER028,2024-11-20,post,7.9,1,1
USER036,2024-11-20,post,8.1,7,0
USER011,2024-11-20,post,11.2,4,1
USER035,2024-11-20,post,9.7,5,0
USER050,2024-11-20,post,7.5,7,0
USER040,2024-11-20,post,8.1,3,1
USER044,2024-11-20,post,10.8,3,0
USER012,2024-11-20,post,10.1,3,1
USER005,2024-11-20,post,8.4,1,1
USER041,2024-11-20,post,6.0,5,1
USER009,2024-11-20,post,10.5,3,1
USER019,2024-11-20,post,6.4,5,1
USER046,2024-11-20,post,4.0,1,0
USER025,2024-11-20,post,9.5,5,0
USER058,2024-11-20,post,9.6,2,0
USER054,2024-11-20,post,7.2,5,1
USER013,2024-11-20,post,10.1,4,1
USER049,2024-11-20,post,7.6,7,1
USER031,2024-11-20,post,8.5,6,1
USER039,2024-11-20,post,9.6,1,1
USER020,2024-11-20,post,5.3,9,1
USER016,2024-11-20,post,11.2,3,0
USER001,2024-11-20,post,12.5,3,1
USER030,2024-11-20,post,11.8,5,1
USER023,2024-11-21,post,10.2,5,0
USER030,2024-11-21,post,8.6,3,0
USER038,2024-11-21,post,4.2,7,1
USER020,2024-11-21,post,9.9,5,0
USER043,2024-11-21,post,8.3,8,0
USER047,2024-11-21,post,9.2,1,0
USER003,2024-11-21,post,0.5,2,1
USER025,2024-11-21,post,11.4,4,1
USER045,2024-11-21,post,5.5,4,0
USER021,2024-11-21,post,9.6,4,0
USER012,2024-11-21,post,5.8,9,1
USER049,2024-11-21,post,4.4,4,1
USER060,2024-11-21,post,9.3,3,0
USER014,2024-11-21,post,7.9,7,0
USER050,2024-11-21,post,10.6,2,0
USER060,2024-11-22,post,11.5,2,1
USER052,2024-11-22,post,5.9,2,0
USER017,2024-11-22,post,9.6,2,0
USER032,2024-11-22,post,8.0,4,1
USER009,2024-11-22,post,10.6,4,0
USER046,2024-11-22,post,10.1,5,1
USER035,2024-11-22,post,10.6,1,0
USER051,2024-11-22,post,7.2,5,1
USER008,2024-11-22,post,10.8,6,0
USER048,2024-11-22,post,6.2,2,0
USER021,2024-11-22,post,11.7,4,1
USER043,2024-11-22,post,6.8,4,1
USER029,2024-11-22,post,8.1,2,1
USER002,2024-11-22,post,9.1,2,0
USER028,2024-11-22,post,10.6,2,0
USER055,2024-11-22,post,5.8,3,0
USER012,2024-11-22,post,7.3,1,1
USER023,2024-11-22,post,4.8,6,1
USER001,2024-11-22,post,9.9,8,0
USER007,2024-11-22,post,1.9,3,1
USER045,2024-11-22,post,9.9,1,1
USER044,2024-11-22,post,5.6,4,0
USER039,2024-11-22,post,7.1,5,0
USER047,2024-11-22,post,3.3,4,0
USER020,2024-11-22,post,7.1,3,1
USER042,2024-11-23,post,9.5,2,0
USER033,2024-11-23,post,4.6,4,0
USER055,2024-11-23,post,6.2,6,0
USER001,2024-11-23,post,10.5,2,0
USER039,2024-11-23,post,5.1,4,1
USER059,2024-11-23,post,6.5,2,1
USER058,2024-11-23,post,10.6,2,1
USER012,2024-11-23,post,11.7,6,0
USER011,2024-11-23,post,10.0,3,0
USER003,2024-11-23,post,8.0,7,1
USER038,2024-11-23,post,8.7,3,0
USER009,2024-11-23,post,5.7,3,0
USER023,2024-11-23,post,6.2,5,1
USER053,2024-11-23,post,3.7,1,1
USER041,2024-11-23,post,10.9,3,0
USER008,2024-11-23,post,10.2,4,0
USER057,2024-11-23,post,8.1,5,0
USER060,2024-11-23,post,5.9,4,0
USER050,2024-11-23,post,9.9,8,0
USER018,2024-11-23,post,7.8,2,1
USER010,2024-11-23,post,9.5,3,0
USER013,2024-11-23,post,9.4,3,0
USER048,2024-11-23,post,3.1,1,0
USER017,2024-11-23,post,9.7,1,0
USER032,2024-11-23,post,10.7,2,1
USER006,2024-11-23,post,5.8,0,0
USER014,2024-11-23,post,6.3,3,1
USER004,2024-11-23,post,3.4,2,0
USER052,2024-11-23,post,7.1,4,1
USER016,2024-11-23,post,9.8,2,0
USER042,2024-11-24,post,13.0,0,0
USER030,2024-11-24,post,6.6,4,0
USER031,2024-11-24,post,7.6,3,0
USER060,2024-11-24,post,7.2,1,1
USER003,2024-11-24,post,7.9,2,1
USER001,2024-11-24,post,10.2,5,1
USER015,2024-11-24,post,5.3,7,0
USER058,2024-11-24,post,10.7,5,1
USER050,2024-11-24,post,8.2,5,0
USER035,2024-11-24,post,11.9,4,0
USER007,2024-11-24,post,9.6,4,1
USER032,2024-11-24,post,9.6,3,1
USER052,2024-11-24,post,9.8,2,0
USER023,2024-11-24,post,4.2,5,0
USER004,2024-11-24,post,8.2,4,1
USER025,2024-11-24,post,8.2,4,1
USER051,2024-11-24,post,9.2,1,1
USER021,2024-11-24,post,6.0,5,0
USER010,2024-11-24,post,7.6,5,0
USER019,2024-11-24,post,10.3,5,1
USER045,2024-11-24,post,7.4,1,1
USER055,2024-11-24,post,10.5,4,1
USER033,2024-11-24,post,9.9,2,0
USER038,2024-11-24,post,5.0,3,0
USER036,2024-11-24,post,5.1,5,0
USER024,2024-11-24,post,6.8,3,1
USER011,2024-11-24,post,7.0,5,0
USER046,2024-11-24,post,4.5,2,0
USER043,2024-11-24,post,6.4,6,0
USER037,2024-11-24,post,11.1,3,0
USER012,2024-11-24,post,4.0,6,0
USER056,2024-11-24,post,10.1,3,0
USER040,2024-11-24,post,4.1,3,0
USER006,2024-11-24,post,5.4,2,0
USER005,2024-11-24,post,1.9,4,1
USER049,2024-11-24,post,7.5,2,1
USER017,2024-11-24,post,8.8,4,0
USER014,2024-11-24,post,4.6,3,0
USER013,2024-11-24,post,8.1,2,1
USER002,2024-11-24,post,3.9,6,0
USER039,2024-11-24,post,5.5,5,0
USER041,2024-11-24,post,7.6,7,0
USER022,2024-11-25,post,7.0,2,1
USER044,2024-11-25,post,4.9,2,0
USER040,2024-11-25,post,7.2,12,0
USER057,2024-11-25,post,7.7,4,0
USER039,2024-11-25,post,7.7,4,0
USER049,2024-11-25,post,9.8,2,1
USER021,2024-11-25,post,8.1,2,0
USER052,2024-11-25,post,6.4,4,0
USER032,2024-11-25,post,9.7,7,0
USER006,2024-11-25,post,6.3,4,0
USER038,2024-11-25,post,10.7,4,0
USER020,2024-11-25,post,6.4,2,1
USER029,2024-11-25,post,7.3,4,1
USER043,2024-11-25,post,16.6,5,1
USER042,2024-11-25,post,10.6,4,1
USER053,2024-11-25,post,9.4,3,0
USER004,2024-11-25,post,6.8,2,1
USER003,2024-11-25,post,9.5,4,0
USER030,2024-11-25,post,10.2,7,0
USER051,2024-11-25,post,9.0,1,0
USER056,2024-11-25,post,6.8,0,0
USER041,2024-11-25,post,12.3,5,1
USER059,2024-11-25,post,7.3,4,1
USER015,2024-11-25,post,8.2,5,0
USER024,2024-11-25,post,7.1,3,1
USER013,2024-11-25,post,6.4,2,1
USER037,2024-11-25,post,10.9,5,0
USER026,2024-11-25,post,7.3,1,1
USER034,2024-11-25,post,10.5,2,0
USER048,2024-11-25,post,6.3,4,1
USER012,2024-11-25,post,12.4,2,1
USER055,2024-11-25,post,11.0,6,0
USER005,2024-11-25,post,9.9,7,0
USER050,2024-11-25,post,10.2,4,1
USER054,2024-11-25,post,10.1,9,1
USER016,2024-11-25,post,8.9,1,1
USER058,2024-11-25,post,11.5,2,1
USER007,2024-11-25,post,7.0,5,0
USER009,2024-11-25,post,8.5,4,1
USER001,2024-11-25,post,14.9,2,0
USER011,2024-11-25,post,5.3,7,0
USER047,2024-11-25,post,7.2,3,0
USER046,2024-11-25,post,7.0,5,0
USER057,2024-11-26,post,7.9,6,0
USER008,2024-11-26,post,5.8,6,0
USER053,2024-11-26,post,8.5,3,0
USER007,2024-11-26,post,7.5,5,0
USER001,2024-11-26,post,9.3,3,1
USER027,2024-11-26,post,5.7,3,0
USER016,2024-11-26,post,11.4,4,0
USER036,2024-11-26,post,8.3,7,0
USER011,2024-11-26,post,4.4,1,0
USER012,2024-11-26,post,8.7,1,0
USER018,2024-11-26,post,7.9,7,0
USER050,2024-11-26,post,9.1,3,1
USER054,2024-11-26,post,8.4,3,1
USER052,2024-11-26,post,11.3,3,0
USER025,2024-11-26,post,10.1,6,0
USER023,2024-11-26,post,8.5,1,1
USER016,2024-11-27,post,7.7,2,0
USER026,2024-11-27,post,12.3,7,1
USER038,2024-11-27,post,11.0,5,0
USER036,2024-11-27,post,10.6,0,1
USER051,2024-11-27,post,7.7,6,0
USER003,2024-11-27,post,9.8,4,0
USER042,2024-11-27,post,7.5,3,1
USER014,2024-11-27,post,9.1,6,1
USER018,2024-11-27,post,8.1,3,1
USER024,2024-11-27,post,6.4,3,1
USER039,2024-11-27,post,10.1,5,0
USER046,2024-11-27,post,6.2,4,0
USER017,2024-11-27,post,8.5,2,0
USER035,2024-11-27,post,4.1,5,0
USER050,2024-11-27,post,3.7,1,1
USER053,2024-11-27,post,8.8,3,1
USER002,2024-11-27,post,7.6,4,1
USER019,2024-11-27,post,3.3,2,1
USER040,2024-11-27,post,9.4,3,0
USER052,2024-11-27,post,12.3,3,0
USER004,2024-11-27,post,10.1,4,1
USER034,2024-11-27,post,9.2,2,1
USER055,2024-11-27,post,9.0,3,0
USER005,2024-11-27,post,6.9,5,0
USER058,2024-11-27,post,10.6,3,0
USER001,2024-11-27,post,8.7,3,0
USER027,2024-11-27,post,4.4,3,1
USER021,2024-11-27,post,10.5,6,0
USER059,2024-11-27,post,6.6,4,1
USER020,2024-11-27,post,5.6,1,0
USER041,2024-11-27,post,3.5,5,0
USER057,2024-11-27,post,5.4,3,1
USER031,2024-11-27,post,10.4,5,1
USER030,2024-11-27,post,5.8,2,0
USER023,2024-11-27,post,10.5,4,0
USER007,2024-11-27,post,9.9,3,1
USER025,2024-11-27,post,10.9,6,1
USER056,2024-11-27,post,5.7,5,0
USER029,2024-11-27,post,9.5,4,0
USER013,2024-11-27,post,13.5,2,0
USER060,2024-11-27,post,11.3,6,1
USER043,2024-11-27,post,8.8,1,0
USER016,2024-11-28,post,11.5,0,0
USER017,2024-11-28,post,6.8,6,0
USER030,2024-11-28,post,8.9,1,0
USER033,2024-11-28,post,8.7,2,1
USER007,2024-11-28,post,4.8,6,0
USER051,2024-11-28,post,11.1,4,0
USER010,2024-11-28,post,8.8,2,1
USER050,2024-11-28,post,5.7,3,1
USER027,2024-11-28,post,7.6,5,1
USER034,2024-11-28,post,6.3,5,1
USER036,2024-11-28,post,6.9,5,0
USER057,2024-11-28,post,10.1,4,0
USER047,2024-11-28,post,9.7,9,1
USER008,2024-11-28,post,6.9,2,1
USER001,2024-11-28,post,9.1,2,0
USER031,2024-11-28,post,8.3,1,0
USER041,2024-11-28,post,5.4,1,0
USER044,2024-11-28,post,10.3,5,1
USER053,2024-11-28,post,4.8,2,1
USER025,2024-11-28,post,9.3,7,0
USER060,2024-11-28,post,9.1,6,1
USER012,2024-11-28,post,7.5,4,0
USER004,2024-11-28,post,9.6,4,0
USER006,2024-11-28,post,9.4,3,0
USER058,2024-11-28,post,8.8,2,1
USER003,2024-11-28,post,11.3,3,1
USER014,2024-11-28,post,13.6,4,1
USER002,2024-11-28,post,7.3,4,1
USER032,2024-11-28,post,9.0,4,1
USER021,2024-11-28,post,10.9,8,1
USER043,2024-11-28,post,6.4,2,0
USER059,2024-11-28,post,9.7,8,0
USER038,2024-11-28,post,9.8,0,0
USER015,2024-11-28,post,10.2,4,1
USER024,2024-11-28,post,7.4,6,0
USER055,2024-11-28,post,8.1,5,1
USER005,2024-11-28,post,6.3,4,0
USER048,2024-11-28,post,8.4,6,0
USER037,2024-11-28,post,5.6,4,1
USER011,2024-11-28,post,4.9,1,0
USER045,2024-11-28,post,7.3,4,0
USER029,2024-11-28,post,6.5,3,0
USER018,2024-11-28,post,5.4,3,1
USER028,2024-11-28,post,4.8,5,0
USER035,2024-11-28,post,8.7,3,0
USER022,2024-11-29,post,13.2,3,1
USER020,2024-11-29,post,9.2,4,0
USER042,2024-11-29,post,7.1,5,0
USER059,2024-11-29,post,12.3,4,0
USER057,2024-11-29,post,5.6,5,0
USER055,2024-11-29,post,9.7,6,0
USER037,2024-11-29,post,7.6,2,1
USER028,2024-11-29,post,8.6,2,0
USER011,2024-11-29,post,8.4,2,0
USER058,2024-11-29,post,7.5,5,0
USER048,2024-11-29,post,7.5,6,1
USER024,2024-11-29,post,5.6,4,0
USER010,2024-11-29,post,3.3,8,0
USER008,2024-11-29,post,9.4,1,0
USER027,2024-11-29,post,9.6,4,1
USER055,2024-11-30,post,12.8,2,1
USER017,2024-11-30,post,12.2,3,0
USER042,2024-11-30,post,1.7,2,1
USER020,2024-11-30,post,15.0,3,0
USER012,2024-11-30,post,8.1,5,0
USER001,2024-11-30,post,11.4,3,0
USER054,2024-11-30,post,4.7,3,1
USER016,2024-11-30,post,5.1,3,1
USER007,2024-11-30,post,11.3,5,1
USER050,2024-11-30,post,11.2,3,0
USER021,2024-11-30,post,11.3,2,0
USER031,2024-11-30,post,8.7,3,0
USER038,2024-11-30,post,3.5,4,0
USER048,2024-11-30,post,8.2,3,0
USER032,2024-11-30,post,13.8,6,0
USER060,2024-11-30,post,10.8,7,0
USER026,2024-11-30,post,11.1,7,0
USER023,2024-11-30,post,7.9,5,0
USER036,2024-11-30,post,13.0,5,1
USER059,2024-12-01,post,7.9,3,1
USER039,2024-12-01,post,5.0,3,0
USER042,2024-12-01,post,7.2,4,1
USER015,2024-12-01,post,9.4,3,1
USER023,2024-12-01,post,13.0,2,0
USER012,2024-12-01,post,8.7,4,0
USER027,2024-12-01,post,9.0,5,0
USER001,2024-12-01,post,8.1,5,1
USER006,2024-12-01,post,9.4,1,0
USER030,2024-12-01,post,8.7,3,1
USER041,2024-12-01,post,11.5,5,0
USER029,2024-12-01,post,8.3,7,0
USER055,2024-12-01,post,6.2,2,0
USER054,2024-12-01,post,4.1,4,1
USER022,2024-12-01,post,9.6,2,1
USER046,2024-12-01,post,13.9,4,1
USER033,2024-12-01,post,6.8,3,0
USER005,2024-12-01,post,8.9,5,0
USER014,2024-12-01,post,9.1,2,1
USER009,2024-12-01,post,6.5,2,0
USER028,2024-12-01,post,9.3,3,1
USER007,2024-12-01,post,8.8,6,0
USER013,2024-12-01,post,11.1,2,0
USER045,2024-12-01,post,7.9,0,0
USER017,2024-12-01,post,11.0,4,1
USER050,2024-12-01,post,8.1,3,0
USER049,2024-12-01,post,6.5,4,0
USER053,2024-12-01,post,5.2,2,1
USER052,2024-12-01,post,9.5,4,0
USER037,2024-12-01,post,12.3,4,0
USER047,2024-12-01,post,6.6,3,1
USER018,2024-12-01,post,4.4,3,1
USER043,2024-12-01,post,6.6,5,1
USER060,2024-12-01,post,9.1,3,1
USER051,2024-12-01,post,7.5,2,0
USER021,2024-12-01,post,9.0,3,0
USER040,2024-12-01,post,6.7,5,0
USER025,2024-12-01,post,9.3,10,1
USER056,2024-12-01,post,8.9,3,0
USER002,2024-12-01,post,13.7,6,0
USER031,2024-12-01,post,6.4,3,1
USER032,2024-12-01,post,12.7,4,0
USER040,2024-12-02,post,9.8,2,1
USER014,2024-12-02,post,9.7,5,0
USER046,2024-12-02,post,12.0,7,1
USER004,2024-12-02,post,7.0,3,0
USER059,2024-12-02,post,4.8,2,1
USER009,2024-12-02,post,8.2,4,0
USER011,2024-12-02,post,10.0,7,1
USER007,2024-12-02,post,3.9,4,0
USER028,2024-12-02,post,6.4,2,1
USER049,2024-12-02,post,9.9,5,1
USER036,2024-12-02,post,5.7,4,0
USER058,2024-12-02,post,11.9,2,0
USER033,2024-12-02,post,7.9,5,0
USER003,2024-12-02,post,11.6,4,0
USER030,2024-12-02,post,6.1,4,0
USER001,2024-12-02,post,10.8,1,1
USER053,2024-12-02,post,6.6,3,1
USER048,2024-12-02,post,7.6,3,0
USER010,2024-12-02,post,3.3,5,1
USER006,2024-12-02,post,10.7,3,0
USER022,2024-12-02,post,8.8,7,0
USER060,2024-12-02,post,3.5,3,1
USER032,2024-12-02,post,6.5,2,1
USER017,2024-12-02,post,9.9,2,1
USER041,2024-12-02,post,9.7,8,0
USER055,2024-12-02,post,2.2,3,0
USER024,2024-12-02,post,4.4,5,1
USER044,2024-12-02,post,7.5,4,0
USER012,2024-12-02,post,7.4,1,0
USER057,2024-12-02,post,8.2,5,0
USER018,2024-12-02,post,4.1,3,0
USER051,2024-12-02,post,9.8,6,0
USER043,2024-12-02,post,10.9,4,0
USER023,2024-12-02,post,9.1,4,1
USER052,2024-12-02,post,13.2,6,0
USER060,2024-12-03,post,5.6,3,0
USER009,2024-12-03,post,4.9,5,0
USER012,2024-12-03,post,12.0,5,0
USER019,2024-12-03,post,9.3,4,0
USER058,2024-12-03,post,12.6,3,0
USER059,2024-12-03,post,9.3,2,0
USER015,2024-12-03,post,10.4,5,0
USER029,2024-12-03,post,8.3,5,0
USER006,2024-12-03,post,12.3,6,0
USER026,2024-12-03,post,3.5,3,1
USER025,2024-12-03,post,5.5,7,1
USER020,2024-12-03,post,9.2,1,0
USER054,2024-12-03,post,5.3,7,0
USER014,2024-12-03,post,9.4,8,0
USER043,2024-12-03,post,10.6,4,0
USER013,2024-12-03,post,12.3,4,0
USER060,2024-12-04,post,8.0,3,0
USER044,2024-12-04,post,9.7,3,1
USER038,2024-12-04,post,4.0,2,1
USER014,2024-12-04,post,5.5,5,0
USER047,2024-12-04,post,4.1,2,0
USER004,2024-12-04,post,7.0,5,0
USER027,2024-12-04,post,7.0,3,0
USER052,2024-12-04,post,4.4,0,1
USER031,2024-12-04,post,12.2,0,1
USER028,2024-12-04,post,8.6,1,0
USER041,2024-12-04,post,4.0,1,1
USER017,2024-12-04,post,8.1,0,0
USER009,2024-12-04,post,9.2,3,0
USER055,2024-12-04,post,11.6,4,1
USER050,2024-12-04,post,10.8,3,0
USER045,2024-12-04,post,10.6,4,0
USER008,2024-12-04,post,7.7,3,1
USER006,2024-12-04,post,5.1,5,0
USER032,2024-12-04,post,6.2,1,1
USER016,2024-12-04,post,5.7,0,0
USER005,2024-12-04,post,10.6,2,1
USER003,2024-12-04,post,6.3,5,0
USER040,2024-12-04,post,7.5,4,1
USER039,2024-12-04,post,7.7,6,1
USER059,2024-12-04,post,9.1,2,0
USER002,2024-12-04,post,8.0,1,0
USER049,2024-12-04,post,10.2,4,1
USER026,2024-12-04,post,9.8,7,0
USER037,2024-12-04,post,7.7,7,0
USER035,2024-12-04,post,5.2,4,0
USER054,2024-12-04,post,1.3,6,0
USER011,2024-12-04,post,10.5,6,1
USER043,2024-12-04,post,10.2,6,0
USER021,2024-12-04,post,9.1,6,0
USER014,2024-12-05,post,10.8,3,0
USER037,2024-12-05,post,4.1,4,0
USER023,2024-12-05,post,7.5,4,1
USER039,2024-12-05,post,7.4,1,0
USER011,2024-12-05,post,5.9,2,0
USER036,2024-12-05,post,8.0,2,0
USER059,2024-12-05,post,10.9,5,0
USER007,2024-12-05,post,4.8,5,1
USER017,2024-12-05,post,7.5,2,1
USER028,2024-12-05,post,7.0,2,0
USER016,2024-12-05,post,8.2,3,0
USER049,2024-12-05,post,6.5,1,0
USER005,2024-12-05,post,11.3,5,0
USER056,2024-12-05,post,5.6,6,1
USER042,2024-12-05,post,9.6,2,0
USER019,2024-12-05,post,8.3,3,0
USER022,2024-12-05,post,8.5,1,1
USER050,2024-12-05,post,10.3,1,1
USER052,2024-12-05,post,8.8,4,1
USER030,2024-12-05,post,4.4,4,0
USER046,2024-12-05,post,8.5,3,0
USER038,2024-12-05,post,8.1,2,0
USER048,2024-12-05,post,14.4,4,0
USER057,2024-12-05,post,8.4,4,1
USER006,2024-12-06,post,4.0,7,0
USER045,2024-12-06,post,8.0,1,1
USER017,2024-12-06,post,7.5,6,0
USER012,2024-12-06,post,4.6,2,1
USER008,2024-12-06,post,5.4,3,0
USER041,2024-12-06,post,6.6,4,0
USER024,2024-12-06,post,9.5,9,1
USER030,2024-12-06,post,11.7,3,0
USER009,2024-12-06,post,9.3,1,1
USER040,2024-12-06,post,11.0,3,1
USER048,2024-12-06,post,7.9,1,0
USER038,2024-12-06,post,7.5,4,0
USER060,2024-12-06,post,9.3,1,0
USER058,2024-12-06,post,8.1,6,0
USER052,2024-12-06,post,11.4,5,0
USER025,2024-12-06,post,4.4,10,0
USER004,2024-12-06,post,6.8,2,0
USER031,2024-12-06,post,4.8,8,0
USER005,2024-12-06,post,7.2,4,0
USER015,2024-12-06,post,6.5,7,1
USER013,2024-12-06,post,8.8,7,0
USER049,2024-12-06,post,10.3,3,0
USER050,2024-12-06,post,7.8,3,0
USER018,2024-12-06,post,5.1,2,0
USER055,2024-12-06,post,10.8,6,1
USER044,2024-12-07,post,10.0,8,0
USER030,2024-12-07,post,5.6,1,0
USER036,2024-12-07,post,7.0,6,1
USER002,2024-12-07,post,5.1,3,0
USER016,2024-12-07,post,9.2,4,1
USER055,2024-12-07,post,8.5,4,1
USER040,2024-12-07,post,7.3,3,1
USER054,2024-12-07,post,9.7,6,0
USER047,2024-12-07,post,9.3,5,1
USER014,2024-12-07,post,10.7,5,0
USER017,2024-12-07,post,6.7,4,1
USER026,2024-12-07,post,9.8,2,1
USER058,2024-12-07,post,7.1,3,0
USER049,2024-12-07,post,8.8,4,1
USER011,2024-12-07,post,10.5,5,0
USER004,2024-12-07,post,5.8,2,0
USER031,2024-12-07,post,10.6,4,1
USER022,2024-12-07,post,7.7,7,0
USER051,2024-12-07,post,9.8,3,0
USER037,2024-12-07,post,9.6,4,0
USER008,2024-12-07,post,9.7,7,0
USER039,2024-12-07,post,4.5,1,0
USER006,2024-12-07,post,11.8,13,0
USER013,2024-12-07,post,8.3,4,1
USER048,2024-12-07,post,2.6,2,1
USER046,2024-12-07,post,2.1,6,0
USER034,2024-12-07,post,8.8,6,1
USER038,2024-12-07,post,12.4,5,0
USER042,2024-12-07,post,6.4,5,1
USER029,2024-12-07,post,6.4,1,1
USER059,2024-12-07,post,7.5,1,0
USER024,2024-12-07,post,6.2,2,0
USER035,2024-12-07,post,7.3,9,1
USER001,2024-12-07,post,7.2,2,0
USER038,2024-12-08,post,10.6,5,0
USER039,2024-12-08,post,8.1,6,1
USER029,2024-12-08,post,8.4,0,0
USER022,2024-12-08,post,8.3,6,0
USER014,2024-12-08,post,9.0,7,0
USER042,2024-12-08,post,12.9,3,0
USER003,2024-12-08,post,11.7,5,0
USER005,2024-12-08,post,10.8,2,0
USER019,2024-12-08,post,7.4,3,1
USER017,2024-12-08,post,9.3,1,1
USER025,2024-12-08,post,6.3,1,1
USER048,2024-12-08,post,4.4,1,1
USER056,2024-12-08,post,12.5,4,0
USER016,2024-12-08,post,7.7,4,1
USER035,2024-12-08,post,9.1,5,0
USER051,2024-12-08,post,9.9,3,0
USER021,2024-12-08,post,3.9,7,1
USER044,2024-12-08,post,11.0,3,0
USER052,2024-12-08,post,8.4,2,0
USER057,2024-12-08,post,9.9,6,0
USER001,2024-12-08,post,13.1,4,1
USER006,2024-12-08,post,7.5,3,0
USER009,2024-12-08,post,5.8,3,1
USER060,2024-12-09,post,7.9,4,1
USER020,2024-12-09,post,9.0,3,1
USER057,2024-12-09,post,8.7,6,0
USER005,2024-12-09,post,10.3,1,1
USER052,2024-12-09,post,9.7,7,1
USER032,2024-12-09,post,6.1,4,1
USER028,2024-12-09,post,8.0,5,0
USER027,2024-12-09,post,3.7,0,1
USER051,2024-12-09,post,8.2,6,0
USER038,2024-12-09,post,5.8,6,0
USER029,2024-12-09,post,10.0,3,0
USER003,2024-12-09,post,10.3,5,0
USER044,2024-12-09,post,8.1,4,0
USER026,2024-12-09,post,8.7,1,0
USER034,2024-12-09,post,10.0,2,0
USER013,2024-12-09,post,11.0,1,1
USER036,2024-12-09,post,5.6,6,1
USER011,2024-12-09,post,8.8,5,0
USER048,2024-12-09,post,10.1,5,1
USER043,2024-12-09,post,11.8,0,1
USER025,2024-12-09,post,10.8,4,1
USER053,2024-12-09,post,11.4,5,0
USER050,2024-12-09,post,5.9,6,1
USER019,2024-12-09,post,7.1,1,0
USER004,2024-12-09,post,13.4,6,0
USER002,2024-12-09,post,7.4,2,0
USER001,2024-12-09,post,13.6,1,0
USER031,2024-12-09,post,7.4,3,1
USER055,2024-12-09,post,4.1,1,0
USER008,2024-12-09,post,11.4,3,1
USER041,2024-12-09,post,8.3,6,0
USER023,2024-12-09,post,7.9,4,1
USER054,2024-12-09,post,7.2,4,0
USER010,2024-12-09,post,9.7,4,0
USER037,2024-12-09,post,9.3,6,0
USER022,2024-12-09,post,9.0,8,0
USER014,2024-12-09,post,10.4,5,0
USER006,2024-12-09,post,8.8,3,0
USER012,2024-12-09,post,5.0,6,0
USER059,2024-12-09,post,7.7,5,0
USER040,2024-12-09,post,4.0,4,1
USER047,2024-12-09,post,7.7,4,1
USER046,2024-12-09,post,8.1,3,0
USER042,2024-12-09,post,10.0,5,0
USER058,2024-12-09,post,4.3,3,1
USER001,2024-12-10,post,10.0,3,1
USER023,2024-12-10,post,5.5,3,0
USER034,2024-12-10,post,11.4,4,0
USER053,2024-12-10,post,11.9,2,0
USER014,2024-12-10,post,6.0,4,0
USER047,2024-12-10,post,8.2,6,0
USER026,2024-12-10,post,7.6,1,0
USER004,2024-12-10,post,8.8,3,1
USER030,2024-12-10,post,6.9,2,1
USER011,2024-12-10,post,13.6,6,1
USER010,2024-12-10,post,11.4,7,1
USER036,2024-12-10,post,10.0,1,0
USER033,2024-12-10,post,6.3,5,0
USER019,2024-12-10,post,6.3,6,0
USER038,2024-12-10,post,13.0,2,0
USER037,2024-12-10,post,7.2,2,0
USER013,2024-12-10,post,7.3,4,0
USER046,2024-12-10,post,12.0,0,0
USER050,2024-12-10,post,9.2,3,0
USER035,2024-12-10,post,8.5,2,0
USER049,2024-12-10,post,10.3,2,0
USER027,2024-12-10,post,6.2,4,1
USER025,2024-12-10,post,8.9,4,0
USER048,2024-12-10,post,10.7,3,0
USER058,2024-12-10,post,10.3,5,1
USER060,2024-12-10,post,7.4,4,1
USER003,2024-12-11,post,8.0,4,0
USER056,2024-12-11,post,6.8,4,1
USER043,2024-12-11,post,8.6,3,0
USER057,2024-12-11,post,8.0,7,0
USER053,2024-12-11,post,6.1,6,0
USER041,2024-12-11,post,9.5,8,0
USER023,2024-12-11,post,8.8,1,1
USER004,2024-12-11,post,9.2,6,1
USER012,2024-12-11,post,5.4,5,1
USER042,2024-12-11,post,11.5,4,1
USER040,2024-12-11,post,6.9,5,1
USER019,2024-12-11,post,9.2,7,0
USER001,2024-12-11,post,9.5,4,0
USER029,2024-12-11,post,8.2,6,0
USER037,2024-12-11,post,9.2,0,1
USER019,2024-12-12,post,10.9,5,0
USER036,2024-12-12,post,11.1,5,0
USER049,2024-12-12,post,9.7,4,1
USER029,2024-12-12,post,12.7,4,0
USER034,2024-12-12,post,3.5,5,0
USER060,2024-12-12,post,11.7,5,1
USER041,2024-12-12,post,7.5,4,1
USER003,2024-12-12,post,13.0,2,0
USER020,2024-12-12,post,9.4,7,0
USER007,2024-12-12,post,8.7,1,0
USER050,2024-12-12,post,9.9,1,0
USER052,2024-12-12,post,9.2,2,0
USER032,2024-12-12,post,8.1,6,1
USER051,2024-12-12,post,9.5,5,1
USER017,2024-12-12,post,9.5,1,1
USER001,2024-12-12,post,10.6,7,0
USER044,2024-12-12,post,7.3,1,0
USER033,2024-12-12,post,11.5,6,0
USER056,2024-12-12,post,8.3,4,0
USER030,2024-12-12,post,8.9,4,1
USER048,2024-12-12,post,11.9,2,0
USER037,2024-12-12,post,11.6,2,0
USER023,2024-12-12,post,6.5,3,0
USER005,2024-12-12,post,4.0,2,0
USER021,2024-12-12,post,8.9,1,0
USER026,2024-12-12,post,6.6,6,1
USER011,2024-12-12,post,8.1,4,1
USER009,2024-12-12,post,8.3,4,0
USER008,2024-12-12,post,8.3,5,1
USER054,2024-12-12,post,9.0,7,0
USER059,2024-12-12,post,10.4,4,1
USER047,2024-12-12,post,7.6,6,0
USER015,2024-12-12,post,3.9,6,0
USER031,2024-12-12,post,8.4,5,0
USER025,2024-12-12,post,6.8,5,1
USER055,2024-12-12,post,11.1,3,0
USER002,2024-12-12,post,7.9,8,1
USER027,2024-12-12,post,7.8,6,1
USER053,2024-12-12,post,8.6,2,1
USER013,2024-12-12,post,11.2,1,0
USER018,2024-12-12,post,3.1,4,1
USER026,2024-12-13,post,9.6,0,1
USER052,2024-12-13,post,7.2,1,0
USER034,2024-12-13,post,3.9,1,1
USER024,2024-12-13,post,6.2,6,1
USER038,2024-12-13,post,13.7,6,0
USER059,2024-12-13,post,9.5,10,1
USER057,2024-12-13,post,6.7,3,1
USER009,2024-12-13,post,8.3,2,0
USER020,2024-12-13,post,10.0,1,0
USER005,2024-12-13,post,9.8,5,0
USER032,2024-12-13,post,5.9,4,0
USER008,2024-12-13,post,6.6,1,1
USER028,2024-12-13,post,7.4,2,0
USER058,2024-12-13,post,6.4,5,0
USER050,2024-12-13,post,6.7,6,0
USER055,2024-12-13,post,6.1,1,1
USER046,2024-12-13,post,5.0,5,0
USER036,2024-12-13,post,3.6,7,1
USER011,2024-12-13,post,8.0,3,1
USER021,2024-12-13,post,10.0,6,1
USER027,2024-12-13,post,5.8,4,0
USER016,2024-12-13,post,7.4,2,0
USER018,2024-12-13,post,9.4,2,1
USER014,2024-12-13,post,4.9,3,0
USER012,2024-12-13,post,8.2,3,0
USER041,2024-12-13,post,12.3,4,0
USER006,2024-12-13,post,8.3,2,1
USER001,2024-12-13,post,8.5,3,0
USER049,2024-12-13,post,6.3,4,0
USER048,2024-12-13,post,12.3,5,0
USER003,2024-12-13,post,7.7,2,0
USER033,2024-12-13,post,6.2,5,1
USER047,2024-12-13,post,5.6,8,1
USER022,2024-12-13,post,8.3,7,1
USER060,2024-12-13,post,8.4,7,0
USER056,2024-12-13,post,10.6,1,1
USER017,2024-12-13,post,10.9,8,1
USER007,2024-12-13,post,10.9,1,0
USER004,2024-12-13,post,1.3,4,0
USER053,2024-12-13,post,7.6,0,1
USER019,2024-12-13,post,7.4,4,1
USER030,2024-12-13,post,11.2,4,0
USER035,2024-12-13,post,6.3,1,1
USER045,2024-12-13,post,10.7,6,1
USER002,2024-12-13,post,7.2,4,0
USER026,2024-12-14,post,4.4,5,1
USER060,2024-12-14,post,8.8,3,0
USER028,2024-12-14,post,9.5,2,0
USER039,2024-12-14,post,7.2,4,1
USER041,2024-12-14,post,6.8,9,1
USER009,2024-12-14,post,8.5,2,0
USER001,2024-12-14,post,9.9,2,1
USER031,2024-12-14,post,8.7,5,0
USER050,2024-12-14,post,12.7,3,0
USER045,2024-12-14,post,6.4,9,0
USER012,2024-12-14,post,11.5,4,0
USER037,2024-12-14,post,12.0,10,0
USER030,2024-12-14,post,9.8,4,0
USER010,2024-12-14,post,5.6,1,0
USER055,2024-12-14,post,4.9,7,1
USER016,2024-12-14,post,9.6,2,0
USER008,2024-12-14,post,6.9,3,0
USER034,2024-12-14,post,11.7,0,1
USER042,2024-12-14,post,9.9,4,1
USER029,2024-12-14,post,5.4,6,1
USER002,2024-12-14,post,6.5,2,1
USER033,2024-12-14,post,11.3,5,0
USER027,2024-12-14,post,8.5,2,0
USER051,2024-12-14,post,6.5,1,1
USER009,2024-12-15,post,7.8,3,0
USER043,2024-12-15,post,10.1,2,1
USER025,2024-12-15,post,7.1,4,0
USER036,2024-12-15,post,9.8,1,1
USER046,2024-12-15,post,6.8,3,0
USER018,2024-12-15,post,8.2,1,0
USER040,2024-12-15,post,5.3,6,0
USER019,2024-12-15,post,7.3,2,0
USER007,2024-12-15,post,7.4,3,0
USER044,2024-12-15,post,6.1,5,0
USER051,2024-12-15,post,5.0,7,1
USER053,2024-12-15,post,4.5,3,0
USER030,2024-12-15,post,8.5,2,1
USER039,2024-12-15,post,7.0,6,0
USER004,2024-12-15,post,11.9,5,1
USER017,2024-12-15,post,5.9,3,0
USER049,2024-12-15,post,14.2,2,1
USER048,2024-12-15,post,8.6,2,0
USER021,2024-12-15,post,6.9,1,1
USER006,2024-12-15,post,9.4,3,0
USER023,2024-12-15,post,7.9,1,0
USER016,2024-12-15,post,6.5,4,0
USER032,2024-12-15,post,9.8,5,0
USER011,2024-12-15,post,10.4,4,0
USER026,2024-12-15,post,9.1,7,0
USER002,2024-12-15,post,9.7,4,1
USER028,2024-12-15,post,10.2,4,1
USER035,2024-12-15,post,6.9,3,1
USER060,2024-12-15,post,5.7,2,1
USER008,2024-12-15,post,9.1,3,1
USER022,2024-12-15,post,9.5,3,1
USER045,2024-12-15,post,6.8,4,0
USER005,2024-12-15,post,9.7,6,0
USER001,2024-12-15,post,6.1,4,1
USER059,2024-12-15,post,8.1,3,1
USER027,2024-12-15,post,9.4,6,0
USER058,2024-12-15,post,9.5,5,0
USER017,2024-12-16,post,11.1,6,0
USER049,2024-12-16,post,10.9,6,0
USER035,2024-12-16,post,8.3,5,0
USER038,2024-12-16,post,5.1,2,0
USER042,2024-12-16,post,7.5,6,0
USER039,2024-12-16,post,5.7,3,0
USER018,2024-12-16,post,6.0,9,0
USER058,2024-12-16,post,10.8,4,1
USER043,2024-12-16,post,6.3,6,0
USER011,2024-12-16,post,7.5,3,1
USER052,2024-12-16,post,9.0,2,0
USER051,2024-12-16,post,6.0,2,1
USER014,2024-12-16,post,9.8,4,0
USER044,2024-12-16,post,5.0,6,0
USER013,2024-12-16,post,13.6,2,1
USER009,2024-12-16,post,10.1,3,1
USER012,2024-12-16,post,5.5,4,0
USER021,2024-12-17,post,9.5,4,1
USER046,2024-12-17,post,11.7,3,1
USER044,2024-12-17,post,8.6,2,0
USER055,2024-12-17,post,8.0,6,0
USER012,2024-12-17,post,11.6,3,0
USER006,2024-12-17,post,13.3,6,1
USER050,2024-12-17,post,6.3,2,1
USER017,2024-12-17,post,13.3,1,0
USER023,2024-12-17,post,6.1,3,0
USER043,2024-12-17,post,5.6,6,1
USER052,2024-12-17,post,4.3,0,0
USER020,2024-12-17,post,10.9,4,0
USER053,2024-12-17,post,12.5,7,0
USER029,2024-12-17,post,9.9,4,1
USER009,2024-12-17,post,12.9,4,0
USER010,2024-12-17,post,7.4,0,0
USER031,2024-12-17,post,8.9,1,1
USER002,2024-12-17,post,7.9,1,0
USER004,2024-12-17,post,8.1,3,0
USER048,2024-12-17,post,6.4,4,0
USER034,2024-12-17,post,10.6,2,1
USER032,2024-12-17,post,5.2,8,0
USER041,2024-12-17,post,7.5,7,0
USER038,2024-12-17,post,10.6,2,0
USER011,2024-12-17,post,6.1,2,0
USER056,2024-12-17,post,9.0,3,1
USER022,2024-12-17,post,4.8,4,0
USER047,2024-12-17,post,6.7,5,0
USER013,2024-12-17,post,11.8,8,0
USER051,2024-12-17,post,8.2,2,1
USER007,2024-12-17,post,8.3,0,1
USER016,2024-12-17,post,6.6,3,0
USER059,2024-12-17,post,13.6,5,0
USER037,2024-12-17,post,4.9,3,0
USER026,2024-12-17,post,8.7,7,0
USER035,2024-12-17,post,9.9,9,0
USER060,2024-12-17,post,9.5,0,1
USER047,2024-12-18,post,8.0,4,0
USER048,2024-12-18,post,9.6,4,0
USER038,2024-12-18,post,7.8,6,1
USER019,2024-12-18,post,10.9,1,1
USER051,2024-12-18,post,8.5,5,0
USER044,2024-12-18,post,7.4,5,1
USER004,2024-12-18,post,8.9,6,0
USER021,2024-12-18,post,8.7,2,1
USER028,2024-12-18,post,11.2,3,1
USER039,2024-12-18,post,10.5,5,0
USER060,2024-12-18,post,9.7,4,0
USER057,2024-12-18,post,11.7,3,0
USER055,2024-12-18,post,7.4,6,1
USER030,2024-12-18,post,7.9,4,0
USER025,2024-12-18,post,9.6,3,0
USER007,2024-12-18,post,6.9,3,1
USER040,2024-12-18,post,6.8,5,0
USER011,2024-12-18,post,9.9,2,0
USER050,2024-12-18,post,8.0,4,1
USER034,2024-12-18,post,8.3,6,1
USER008,2024-12-18,post,8.7,2,1
USER010,2024-12-18,post,13.6,3,0
USER003,2024-12-18,post,7.1,6,0
USER042,2024-12-18,post,9.4,4,1
USER026,2024-12-18,post,13.8,3,1
USER056,2024-12-18,post,11.3,5,0
USER018,2024-12-18,post,6.3,2,0
USER058,2024-12-18,post,8.7,5,0
USER023,2024-12-18,post,9.4,2,0
USER006,2024-12-18,post,6.8,7,1
USER031,2024-12-18,post,9.3,4,0
USER009,2024-12-18,post,6.2,3,0
USER026,2024-12-19,post,6.2,1,1
USER032,2024-12-19,post,8.7,4,0
USER041,2024-12-19,post,3.1,9,0
USER059,2024-12-19,post,9.8,2,0
USER034,2024-12-19,post,5.9,2,1
USER054,2024-12-19,post,11.1,1,0
USER048,2024-12-19,post,10.5,1,1
USER046,2024-12-19,post,6.0,4,1
USER033,2024-12-19,post,6.8,5,0
USER004,2024-12-19,post,6.8,5,0
USER016,2024-12-19,post,8.1,1,1
USER002,2024-12-19,post,6.0,1,1
USER011,2024-12-19,post,12.0,3,0
USER019,2024-12-19,post,4.7,1,1
USER037,2024-12-19,post,10.9,2,0
USER009,2024-12-19,post,8.8,4,0
USER015,2024-12-19,post,9.7,4,1
USER001,2024-12-19,post,7.7,3,0
USER043,2024-12-19,post,13.8,5,0
USER036,2024-12-19,post,6.9,5,0
USER014,2024-12-19,post,7.3,0,0
USER044,2024-12-19,post,4.1,2,1
USER020,2024-12-19,post,13.2,2,0
USER008,2024-12-19,post,10.9,4,0
USER035,2024-12-19,post,7.8,6,1
USER031,2024-12-19,post,6.1,0,0
USER053,2024-12-19,post,7.8,3,0
USER021,2024-12-19,post,10.2,1,1
USER052,2024-12-19,post,4.4,6,0
USER060,2024-12-19,post,12.3,6,0
USER022,2024-12-19,post,9.4,6,1
USER042,2024-12-19,post,4.7,5,0
USER058,2024-12-19,post,6.7,4,0
USER007,2024-12-19,post,8.3,6,0
USER038,2024-12-19,post,15.0,4,1
USER057,2024-12-19,post,8.9,4,0
USER027,2024-12-19,post,11.0,3,0
USER043,2024-12-20,post,7.8,3,0
USER037,2024-12-20,post,9.0,3,0
USER055,2024-12-20,post,8.3,2,1
USER035,2024-12-20,post,8.4,10,1
USER026,2024-12-20,post,7.0,3,1
USER014,2024-12-20,post,8.7,6,0
USER059,2024-12-20,post,4.3,4,1
USER007,2024-12-20,post,10.1,2,1
USER041,2024-12-20,post,8.1,5,1
USER003,2024-12-20,post,9.7,5,1
USER027,2024-12-20,post,5.6,6,0
USER012,2024-12-20,post,7.8,7,1
USER002,2024-12-20,post,8.4,8,1
USER018,2024-12-20,post,6.1,4,0
USER028,2024-12-20,post,8.4,3,1
USER030,2024-12-20,post,12.6,5,1
USER036,2024-12-20,post,12.2,5,0
USER050,2024-12-20,post,7.6,5,1
USER013,2024-12-20,post,6.4,4,0
USER051,2024-12-20,post,8.4,2,1
USER015,2024-12-20,post,4.4,5,1
USER057,2024-12-20,post,10.7,4,0
USER005,2024-12-20,post,5.2,3,1
USER025,2024-12-20,post,4.5,5,1
USER038,2024-12-20,post,8.6,1,0
USER017,2024-12-20,post,8.3,3,0
USER056,2024-12-20,post,9.3,4,0
USER031,2024-12-20,post,9.5,2,1
USER052,2024-12-20,post,8.3,2,0
USER040,2024-12-20,post,7.5,6,0
USER021,2024-12-20,post,12.5,3,1
USER042,2024-12-20,post,11.5,3,0
USER023,2024-12-20,post,6.0,4,0
USER020,2024-12-20,post,9.2,5,1
USER047,2024-12-20,post,7.4,5,0
USER024,2024-12-20,post,4.1,3,0
USER058,2024-12-20,post,7.8,3,0
USER010,2024-12-21,post,10.3,3,0
USER016,2024-12-21,post,11.9,1,1
USER005,2024-12-21,post,8.8,4,0
USER056,2024-12-21,post,10.6,4,1
USER008,2024-12-21,post,5.7,5,0
USER045,2024-12-21,post,8.4,5,1
USER018,2024-12-21,post,5.1,3,0
USER015,2024-12-21,post,9.3,4,0
USER019,2024-12-21,post,9.7,4,1
USER058,2024-12-21,post,4.3,0,0
USER047,2024-12-21,post,8.3,1,0
USER025,2024-12-21,post,12.0,5,0
USER049,2024-12-21,post,10.5,4,0
USER053,2024-12-21,post,6.9,7,0
USER035,2024-12-21,post,5.8,5,0
USER011,2024-12-21,post,10.7,2,1
USER027,2024-12-21,post,10.3,2,0
USER030,2024-12-21,post,8.3,8,0
USER029,2024-12-21,post,6.9,0,0
USER024,2024-12-21,post,8.1,2,0
USER038,2024-12-21,post,10.3,7,0
USER042,2024-12-21,post,12.5,3,0
USER009,2024-12-21,post,7.8,5,1
USER043,2024-12-21,post,8.5,1,0
USER039,2024-12-21,post,6.7,8,1
USER037,2024-12-21,post,5.8,3,0
USER057,2024-12-21,post,6.4,7,0
USER033,2024-12-21,post,12.5,3,0
USER054,2024-12-21,post,7.7,7,0
USER014,2024-12-21,post,10.6,2,0
USER001,2024-12-21,post,9.3,8,1
USER012,2024-12-21,post,6.3,5,1
USER007,2024-12-21,post,8.2,7,1
USER023,2024-12-21,post,7.8,2,0
USER060,2024-12-21,post,7.4,3,0
USER013,2024-12-21,post,5.1,2,1
USER008,2024-12-22,post,10.7,5,0
USER054,2024-12-22,post,10.2,1,0
USER034,2024-12-22,post,4.5,2,0
USER059,2024-12-22,post,7.4,2,1
USER011,2024-12-22,post,4.6,4,1
USER047,2024-12-22,post,6.7,2,0
USER027,2024-12-22,post,9.9,4,0
USER014,2024-12-22,post,11.6,0,0
USER031,2024-12-22,post,6.5,1,0
USER041,2024-12-22,post,6.9,2,1
USER017,2024-12-22,post,7.6,3,1
USER005,2024-12-22,post,7.4,7,0
USER038,2024-12-22,post,11.1,1,0
USER035,2024-12-22,post,10.0,2,0
USER032,2024-12-22,post,5.4,3,0
USER044,2024-12-22,post,7.0,3,0
USER004,2024-12-22,post,7.0,2,1
USER053,2024-12-22,post,10.6,4,0
USER012,2024-12-22,post,7.5,6,0
USER042,2024-12-22,post,10.2,6,1
USER021,2024-12-22,post,6.7,2,1
USER045,2024-12-22,post,9.2,5,0
USER033,2024-12-22,post,4.0,1,0
USER006,2024-12-22,post,11.7,2,0
USER013,2024-12-22,post,13.1,4,1
USER015,2024-12-22,post,10.2,1,1
USER010,2024-12-22,post,8.9,4,0
USER056,2024-12-22,post,3.4,4,1
USER052,2024-12-22,post,7.4,0,0
USER028,2024-12-22,post,10.3,2,0
USER009,2024-12-22,post,8.1,5,0
USER040,2024-12-22,post,1.6,2,0
USER058,2024-12-22,post,10.0,2,0
USER051,2024-12-22,post,9.1,6,0
USER030,2024-12-22,post,7.4,1,0
USER022,2024-12-22,post,7.4,5,0
USER023,2024-12-22,post,8.1,5,0
USER057,2024-12-22,post,3.8,6,0
USER046,2024-12-22,post,6.4,1,1
USER025,2024-12-22,post,15.1,4,0
USER016,2024-12-22,post,5.8,3,1
USER037,2024-12-22,post,3.9,7,1
USER055,2024-12-22,post,8.3,7,1
USER014,2024-12-23,post,7.9,4,1
USER021,2024-12-23,post,8.5,3,0
USER052,2024-12-23,post,10.1,1,0
USER046,2024-12-23,post,9.1,2,1
USER051,2024-12-23,post,10.9,5,0
USER036,2024-12-23,post,7.8,4,1
USER008,2024-12-23,post,6.2,4,0
USER024,2024-12-23,post,6.1,4,1
USER028,2024-12-23,post,9.9,5,1
USER031,2024-12-23,post,5.0,1,0
USER005,2024-12-23,post,8.1,1,1
USER003,2024-12-23,post,8.1,1,1
USER012,2024-12-23,post,6.5,3,1
USER025,2024-12-23,post,6.3,3,1
USER011,2024-12-23,post,6.6,3,0
USER057,2024-12-23,post,8.6,9,0
USER059,2024-12-23,post,12.6,6,0
USER007,2024-12-23,post,2.8,4,0
USER039,2024-12-23,post,10.7,2,1
USER013,2024-12-23,post,9.4,2,0
USER041,2024-12-23,post,11.2,5,0
USER044,2024-12-23,post,9.9,5,0
USER027,2024-12-23,post,5.9,3,0
USER009,2024-12-23,post,10.4,4,0
USER033,2024-12-23,post,5.5,5,0
USER019,2024-12-23,post,13.6,2,1
USER035,2024-12-23,post,4.4,4,1
USER032,2024-12-24,post,10.3,4,0
USER011,2024-12-24,post,3.7,2,1
USER039,2024-12-24,post,9.1,1,0
USER048,2024-12-24,post,8.7,5,0
USER018,2024-12-24,post,11.2,1,0
USER004,2024-12-24,post,9.2,1,0
USER040,2024-12-24,post,4.3,3,0
USER054,2024-12-24,post,5.4,4,0
USER014,2024-12-24,post,10.7,7,1
USER031,2024-12-24,post,11.5,7,1
USER023,2024-12-24,post,14.9,1,1
USER006,2024-12-24,post,13.2,0,0
USER052,2024-12-24,post,1.9,3,1
USER060,2024-12-24,post,12.8,5,0
USER027,2024-12-24,post,4.5,4,1
USER044,2024-12-24,post,6.7,6,0
USER035,2024-12-24,post,9.7,2,0
USER017,2024-12-24,post,12.9,6,1
USER022,2024-12-25,post,5.1,6,0
USER006,2024-12-25,post,8.8,5,0
USER037,2024-12-25,post,9.4,5,1
USER017,2024-12-25,post,8.1,5,0
USER003,2024-12-25,post,7.2,3,1
USER024,2024-12-25,post,8.5,6,1
USER026,2024-12-25,post,11.1,3,0
USER035,2024-12-25,post,13.4,5,1
USER019,2024-12-25,post,4.7,11,1
USER049,2024-12-25,post,8.9,5,0
USER044,2024-12-25,post,7.1,7,0
USER023,2024-12-25,post,10.8,5,1
USER041,2024-12-25,post,11.7,2,1
USER038,2024-12-25,post,11.7,4,1
USER014,2024-12-25,post,10.1,5,0
USER045,2024-12-25,post,10.7,3,0
USER057,2024-12-25,post,5.9,4,0
USER004,2024-12-25,post,9.6,5,0
USER007,2024-12-25,post,13.1,5,1
USER043,2024-12-25,post,11.2,2,1
USER030,2024-12-25,post,6.5,2,0
USER055,2024-12-25,post,6.9,1,0
USER012,2024-12-25,post,11.3,2,1
USER036,2024-12-25,post,7.0,0,0
USER029,2024-12-25,post,0.5,2,0
USER031,2024-12-25,post,8.1,4,0
USER011,2024-12-25,post,5.9,1,1
USER009,2024-12-25,post,6.2,7,1
USER060,2024-12-25,post,8.0,4,0
USER016,2024-12-25,post,8.0,3,0
USER054,2024-12-25,post,7.1,5,0
USER029,2024-12-26,post,13.0,2,1
USER021,2024-12-26,post,14.2,3,0
USER058,2024-12-26,post,8.3,5,0
USER006,2024-12-26,post,13.4,4,1
USER027,2024-12-26,post,9.0,6,1
USER013,2024-12-26,post,6.7,6,0
USER035,2024-12-26,post,4.2,1,1
USER001,2024-12-26,post,11.1,7,1
USER026,2024-12-26,post,13.3,3,1
USER028,2024-12-26,post,7.4,1,1
USER012,2024-12-26,post,4.8,2,1
USER052,2024-12-26,post,6.9,5,0
USER031,2024-12-26,post,10.2,3,0
USER040,2024-12-26,post,7.2,2,1
USER020,2024-12-26,post,7.1,5,0
USER053,2024-12-26,post,6.2,2,0
USER039,2024-12-26,post,10.4,3,0
USER038,2024-12-26,post,6.1,2,1
USER003,2024-12-26,post,3.5,2,0
USER030,2024-12-26,post,8.3,5,1
USER014,2024-12-26,post,8.1,5,0
USER041,2024-12-26,post,8.8,4,0
USER009,2024-12-26,post,6.1,5,0
USER011,2024-12-26,post,9.3,5,0
USER008,2024-12-26,post,9.3,0,1
USER032,2024-12-26,post,6.9,4,0
USER025,2024-12-26,post,12.6,4,1
USER018,2024-12-26,post,9.9,8,0
USER045,2024-12-26,post,9.3,3,0
USER007,2024-12-26,post,8.8,5,1
USER055,2024-12-26,post,6.8,5,1
USER042,2024-12-26,post,11.5,3,0
USER010,2024-12-26,post,7.4,3,0
USER059,2024-12-26,post,8.0,7,1
USER022,2024-12-26,post,3.6,7,0
USER034,2024-12-26,post,5.5,7,1
USER050,2024-12-26,post,8.1,5,1
USER051,2024-12-26,post,12.0,3,1
USER043,2024-12-26,post,9.1,3,0
USER054,2024-12-26,post,13.0,4,0
USER057,2024-12-26,post,2.9,4,0
USER060,2024-12-26,post,4.1,3,0
USER024,2024-12-26,post,9.0,5,1
USER044,2024-12-26,post,11.7,4,0
USER037,2024-12-26,post,7.1,4,1
USER013,2024-12-27,post,14.5,3,0
USER042,2024-12-27,post,6.0,4,0
USER005,2024-12-27,post,6.9,3,0
USER049,2024-12-27,post,6.4,0,0
USER017,2024-12-27,post,7.5,5,0
USER029,2024-12-27,post,7.4,2,0
USER044,2024-12-27,post,9.7,6,0
USER038,2024-12-27,post,10.8,5,1
USER026,2024-12-27,post,10.2,0,1
USER007,2024-12-27,post,6.7,4,0
USER050,2024-12-27,post,10.8,1,0
USER012,2024-12-27,post,5.4,4,0
USER027,2024-12-27,post,7.9,4,0
USER022,2024-12-27,post,7.9,3,0
USER004,2024-12-27,post,7.9,3,0
USER034,2024-12-27,post,7.9,7,1
USER035,2024-12-27,post,5.4,6,1
USER039,2024-12-27,post,9.0,5,0
USER043,2024-12-27,post,11.7,4,0
USER032,2024-12-27,post,4.5,3,0
USER024,2024-12-27,post,7.1,1,1
USER047,2024-12-27,post,8.9,3,1
USER033,2024-12-27,post,10.9,4,1
USER021,2024-12-27,post,9.7,4,0
USER060,2024-12-27,post,6.7,3,0
USER031,2024-12-27,post,8.1,4,1
USER054,2024-12-27,post,4.7,7,1
USER041,2024-12-28,post,4.5,2,0
USER051,2024-12-28,post,9.6,5,1
USER022,2024-12-28,post,11.6,5,1
USER048,2024-12-28,post,2.1,2,1
USER058,2024-12-28,post,5.1,3,0
USER036,2024-12-28,post,5.9,5,0
USER047,2024-12-28,post,8.3,3,1
USER033,2024-12-28,post,10.7,5,1
USER043,2024-12-28,post,8.1,3,1
USER013,2024-12-28,post,3.7,3,0
USER020,2024-12-28,post,6.6,3,0
USER035,2024-12-28,post,7.5,1,0
USER024,2024-12-28,post,7.4,3,0
USER027,2024-12-28,post,7.3,4,1
USER019,2024-12-28,post,8.8,6,0
USER015,2024-12-28,post,7.1,4,0
USER011,2024-12-28,post,3.3,3,0
USER030,2024-12-28,post,5.4,5,0
USER057,2024-12-28,post,10.0,5,0
USER050,2024-12-28,post,8.6,4,0
USER006,2024-12-28,post,7.7,2,1
USER005,2024-12-28,post,8.3,6,1
USER021,2024-12-28,post,11.5,0,0
USER028,2024-12-28,post,16.3,6,1
USER042,2024-12-28,post,6.7,3,0
USER010,2024-12-28,post,10.8,4,1
USER031,2024-12-28,post,12.7,2,0
USER052,2024-12-28,post,5.1,3,0
USER004,2024-12-28,post,8.4,4,1
USER053,2024-12-28,post,11.1,4,0
USER003,2024-12-28,post,8.0,2,1
USER038,2024-12-28,post,4.7,4,1
USER012,2024-12-28,post,8.2,2,1
USER054,2024-12-28,post,8.6,1,0
USER059,2024-12-28,post,8.1,3,0
USER040,2024-12-28,post,9.1,2,0
USER026,2024-12-28,post,12.6,0,0
USER055,2024-12-28,post,12.3,7,0
USER060,2024-12-28,post,9.4,5,0
USER012,2024-12-29,post,3.2,5,0
USER048,2024-12-29,post,4.6,1,0
USER001,2024-12-29,post,9.5,2,0
USER052,2024-12-29,post,7.9,5,1
USER026,2024-12-29,post,7.5,4,0
USER028,2024-12-29,post,9.3,5,0
USER055,2024-12-29,post,11.1,3,0
USER021,2024-12-29,post,12.6,8,1
USER014,2024-12-29,post,9.5,3,0
USER017,2024-12-29,post,7.1,7,1
USER032,2024-12-29,post,8.1,1,0
USER040,2024-12-29,post,3.2,7,0
USER029,2024-12-29,post,7.1,3,0
USER045,2024-12-29,post,7.3,5,1
USER006,2024-12-29,post,10.9,3,0
USER003,2024-12-29,post,3.1,6,0
USER037,2024-12-29,post,9.6,2,1
USER002,2024-12-29,post,11.0,7,0
USER043,2024-12-29,post,8.8,8,1
USER010,2024-12-29,post,13.3,3,0
USER035,2024-12-29,post,4.2,7,1
USER046,2024-12-29,post,6.7,2,0
USER058,2024-12-29,post,5.2,4,0
USER047,2024-12-29,post,7.8,4,1
USER042,2024-12-29,post,7.5,3,1
USER057,2024-12-29,post,4.5,2,1
USER011,2024-12-29,post,12.2,7,1
USER027,2024-12-29,post,6.7,5,0
USER056,2024-12-29,post,12.2,3,0
USER049,2024-12-29,post,8.7,7,0
USER054,2024-12-29,post,12.0,8,1
USER044,2024-12-29,post,6.1,4,0
USER015,2024-12-29,post,5.7,4,0
USER018,2024-12-29,post,5.9,4,0
USER038,2024-12-29,post,5.2,3,0
USER011,2024-12-30,post,9.6,1,1
USER019,2024-12-30,post,4.3,5,1
USER009,2024-12-30,post,6.8,5,0
USER039,2024-12-30,post,9.6,5,1
USER049,2024-12-30,post,8.2,4,0
USER051,2024-12-30,post,11.6,5,0
USER013,2024-12-30,post,11.0,7,1
USER014,2024-12-30,post,10.4,5,0
USER034,2024-12-30,post,8.3,4,0
USER002,2024-12-30,post,7.1,5,1
USER008,2024-12-30,post,4.3,0,0
USER043,2024-12-30,post,12.9,2,0
USER004,2024-12-30,post,6.1,3,1
USER031,2024-12-30,post,9.1,3,0
USER044,2024-12-30,post,7.5,6,1
USER003,2024-12-30,post,5.5,2,1
USER050,2024-12-30,post,7.2,2,0
USER029,2024-12-30,post,6.7,2,1
USER030,2024-12-30,post,9.5,8,1
USER059,2024-12-30,post,6.7,5,0
USER020,2024-12-30,post,7.7,0,0
USER026,2024-12-30,post,7.4,5,0
USER055,2024-12-30,post,12.9,8,1
USER035,2024-12-30,post,3.3,4,1
USER015,2024-12-30,post,4.1,6,1
USER041,2024-12-30,post,8.8,4,0
USER025,2024-12-30,post,6.4,1,0
USER034,2024-12-31,post,9.6,5,1
USER044,2024-12-31,post,6.2,5,1
USER037,2024-12-31,post,8.1,1,0
USER036,2024-12-31,post,8.9,7,0
USER012,2024-12-31,post,8.8,2,0
USER013,2024-12-31,post,11.1,3,1
USER040,2024-12-31,post,12.0,5,0
USER046,2024-12-31,post,8.6,1,0
USER030,2024-12-31,post,8.1,2,1
USER059,2024-12-31,post,10.0,2,1
USER055,2024-12-31,post,9.7,2,0
USER042,2024-12-31,post,11.8,5,1
USER009,2024-12-31,post,4.7,2,1
USER029,2024-12-31,post,8.1,4,0
USER060,2024-12-31,post,11.2,5,1
USER026,2024-12-31,post,9.1,3,0
USER003,2024-12-31,post,10.6,4,1
USER011,2024-12-31,post,6.9,6,0
USER053,2024-12-31,post,8.4,5,0
USER019,2024-12-31,post,10.0,3,1
USER054,2024-12-31,post,14.6,3,0
USER027,2024-12-31,post,5.0,1,0
USER014,2024-12-31,post,11.5,3,0
USER024,2024-12-31,post,6.2,10,1
USER058,2024-12-31,post,3.1,5,0
USER023,2024-12-31,post,5.5,5,0
USER002,2024-12-31,post,7.2,4,1
